#VRML V2.0 utf8
# 3D model generated by easyeda2kicad.py (https://github.com/uPesy/easyeda2kicad.py)

Shape{
    appearance Appearance {
        material  Material 	{
            diffuseColor 0.7686274509803922 0.7686274509803922 0.7686274509803922
            specularColor 0.615686274509804 0.615686274509804 0.615686274509804
            ambientIntensity 0.7686
            transparency 0.0
            shininess 0.5
        }
    }
    geometry IndexedFaceSet {
        ccw TRUE
        solid FALSE
        coord DEF co Coordinate {
            point [
                0.309 -0.1497 0.3543, 0.309 -0.0611 0.3543, 0.309 -0.1497 0.9242, 0.309 0.1496 0.9242, 0.309 -0.0966 1.122, 0.309 0.0965 1.122, 0.309 0.1496 0.3543, 0.309 0.061 0.3543, 0.309 0.061 -0.8268, 0.309 -0.0611 -0.8268, 0.1909 -0.0689 -0.8268, 0.3011 -0.0689 -0.8268, 0.1909 -0.0689 0.3543, 0.3011 -0.0689 0.3543, 0.183 0.1496 0.3543, 0.183 0.061 0.3543, 0.183 0.1496 0.9242, 0.183 -0.1497 0.9242, 0.183 0.0965 1.122, 0.183 -0.0966 1.122, 0.183 -0.1497 0.3543, 0.183 -0.0611 0.3543, 0.183 -0.0611 -0.8268, 0.183 0.061 -0.8268, 0.3011 0.0689 -0.8268, 0.1909 0.0689 -0.8268, 0.3011 0.0689 0.3543, 0.1909 0.0689 0.3543, 0.2612 -0.0265 -0.9842, 0.2592 -0.0267 -0.9842, 0.2668 -0.0191 -0.9842, 0.2612 0.0264 -0.9842, 0.2622 0.0261 -0.9842, 0.2668 0.0191 -0.9842, 0.2252 -0.0191 -0.9842, 0.2252 0.0191 -0.9842, 0.2328 0.0267 -0.9842, 0.2658 0.0229 -0.9842, 0.2662 0.022 -0.9842, 0.2631 0.0257 -0.9842, 0.2631 -0.0257 -0.9842, 0.2622 -0.0262 -0.9842, 0.2662 -0.0221 -0.9842, 0.2666 0.0211 -0.9842, 0.2592 0.0267 -0.9842, 0.2328 -0.0267 -0.9842, 0.2666 -0.0211 -0.9842, 0.2255 0.0211 -0.9842, 0.2299 0.0261 -0.9842, 0.2308 0.0264 -0.9842, 0.2258 0.022 -0.9842, 0.2262 0.0229 -0.9842, 0.229 0.0257 -0.9842, 0.2308 -0.0265 -0.9842, 0.2258 -0.0221 -0.9842, 0.2255 -0.0211 -0.9842, 0.2299 -0.0262 -0.9842, 0.229 -0.0257 -0.9842, 0.2262 -0.023 -0.9842, 0.2653 0.0237 -0.9842, 0.2639 0.0251 -0.9842, 0.2646 0.0245 -0.9842, 0.2658 -0.023 -0.9842, 0.2653 -0.0238 -0.9842, 0.2639 -0.0252 -0.9842, 0.2646 -0.0245 -0.9842, 0.2282 0.0251 -0.9842, 0.2268 0.0237 -0.9842, 0.2274 0.0245 -0.9842, 0.2268 -0.0238 -0.9842, 0.2282 -0.0252 -0.9842, 0.2274 -0.0245 -0.9842, 0.1833 0.063 0.3543, 0.1841 0.0649 0.3543, 0.3087 0.063 0.3543, 0.3011 0.1574 0.3543, 0.3087 0.1516 0.3543, 0.3051 0.1564 0.3543, 0.3067 0.1551 0.3543, 0.308 0.1535 0.3543, 0.308 0.0649 0.3543, 0.3067 0.0665 0.3543, 0.3051 0.0678 0.3543, 0.3032 0.1572 0.3543, 0.1889 0.0686 0.3543, 0.187 0.0678 0.3543, 0.1853 0.0665 0.3543, 0.1853 0.1551 0.3543, 0.187 0.1564 0.3543, 0.1833 0.1516 0.3543, 0.1841 0.1535 0.3543, 0.3032 0.0686 0.3543, 0.1909 0.1574 0.3543, 0.1889 0.1572 0.3543, 0.3087 -0.0631 0.3543, 0.1833 -0.0631 0.3543, 0.1841 -0.065 0.3543, 0.1853 -0.0666 0.3543, 0.308 -0.065 0.3543, 0.187 -0.0679 0.3543, 0.1889 -0.0687 0.3543, 0.3032 -0.0687 0.3543, 0.3051 -0.0679 0.3543, 0.3067 -0.0666 0.3543, 0.3067 -0.1552 0.3543, 0.3051 -0.1565 0.3543, 0.308 -0.1536 0.3543, 0.3087 -0.1517 0.3543, 0.3032 -0.1573 0.3543, 0.3011 -0.1575 0.3543, 0.1909 -0.1575 0.3543, 0.1889 -0.1573 0.3543, 0.187 -0.1565 0.3543, 0.1853 -0.1552 0.3543, 0.1841 -0.1536 0.3543, 0.1833 -0.1517 0.3543, 0.3011 0.1574 0.9242, 0.1909 0.1574 0.9242, 0.3011 -0.1575 0.9242, 0.1909 -0.1575 0.9242, 0.2207 0.067 1.2402, 0.2207 -0.0671 1.2402, 0.2713 0.067 1.2402, 0.2713 -0.0671 1.2402, 0.2713 -0.0747 1.2343, 0.2207 -0.0747 1.2343, 0.3011 -0.1045 1.1231, 0.1909 -0.1045 1.1231, 0.3011 -0.1573 0.9262, 0.1909 -0.1573 0.9262, 0.2207 0.0746 1.2343, 0.2713 0.0746 1.2343, 0.1909 0.1044 1.1231, 0.3011 0.1044 1.1231, 0.1909 0.1572 0.9262, 0.3011 0.1572 0.9262, 0.309 0.0971 1.1221, 0.2789 0.067 1.2343, 0.2789 -0.0671 1.2343, 0.309 -0.0972 1.1221, 0.183 -0.0972 1.1221, 0.2131 -0.0671 1.2343, 0.2131 0.067 1.2343, 0.183 0.0971 1.1221, 0.1906 -0.0689 -0.8268, 0.3014 -0.0689 -0.8268, 0.309 -0.0613 -0.8268, 0.309 0.0612 -0.8268, 0.183 0.0612 -0.8268, 0.183 -0.0613 -0.8268, 0.3014 0.0688 -0.8268, 0.1906 0.0688 -0.8268, 0.1891 -0.1573 0.9242, 0.1889 -0.1572 0.9242, 0.1875 -0.1567 0.9242, 0.187 -0.1564 0.9242, 0.186 -0.1558 0.9242, 0.1854 -0.1552 0.9242, 0.1847 -0.1545 0.9242, 0.1841 -0.1536 0.9242, 0.1838 -0.153 0.9242, 0.1833 -0.1517 0.9242, 0.1832 -0.1513 0.9242, 0.1909 -0.1575 0.9252, 0.1892 -0.1573 0.9252, 0.1832 -0.1513 0.9246, 0.1832 -0.1513 0.9246, 0.1838 -0.153 0.925, 0.1838 -0.153 0.9251, 0.1875 -0.1565 0.926, 0.186 -0.1556 0.9258, 0.186 -0.1557 0.9252, 0.1848 -0.1545 0.9254, 0.1848 -0.1545 0.9252, 0.1847 -0.1544 0.9254, 0.1842 -0.1535 0.9252, 0.1876 -0.1565 0.926, 0.1875 -0.1567 0.9252, 0.1892 -0.1571 0.9261, 0.1892 -0.1571 0.9262, 0.3088 -0.1513 0.9242, 0.3087 -0.1517 0.9242, 0.3083 -0.153 0.9242, 0.3079 -0.1536 0.9242, 0.3073 -0.1545 0.9242, 0.3067 -0.1552 0.9242, 0.3061 -0.1558 0.9242, 0.3051 -0.1564 0.9242, 0.3046 -0.1567 0.9242, 0.3032 -0.1572 0.9242, 0.3029 -0.1573 0.9242, 0.3011 -0.1575 0.9252, 0.1833 -0.0983 1.1224, 0.1834 -0.099 1.1226, 0.1839 -0.0999 1.1228, 0.1843 -0.1008 1.1229, 0.1848 -0.1014 1.123, 0.1855 -0.1023 1.1232, 0.186 -0.1026 1.1232, 0.1871 -0.1035 1.1233, 0.1875 -0.1036 1.1233, 0.189 -0.1042 1.1232, 0.1892 -0.1042 1.1232, 0.3088 -0.1513 0.9246, 0.3032 -0.157 0.9261, 0.3028 -0.157 0.9261, 0.3029 -0.1573 0.9252, 0.3079 -0.1535 0.9252, 0.3072 -0.1544 0.9254, 0.3073 -0.1545 0.9252, 0.3067 -0.155 0.9256, 0.306 -0.1557 0.9252, 0.3059 -0.1556 0.9258, 0.3051 -0.1562 0.9259, 0.3087 -0.1516 0.9247, 0.3082 -0.153 0.9251, 0.308 -0.1535 0.9252, 0.3045 -0.1567 0.9252, 0.2188 -0.0743 1.2347, 0.2188 -0.0743 1.2347, 0.2171 -0.0735 1.235, 0.217 -0.0735 1.235, 0.2155 -0.0723 1.2351, 0.2143 -0.0708 1.235, 0.2143 -0.0708 1.235, 0.2135 -0.069 1.2347, 0.2135 -0.069 1.2347, 0.3031 -0.1042 1.1232, 0.3032 -0.1042 1.1232, 0.3049 -0.1034 1.1233, 0.3051 -0.1034 1.1233, 0.3065 -0.1023 1.1232, 0.3067 -0.1021 1.1231, 0.3078 -0.1008 1.1229, 0.3079 -0.1005 1.1229, 0.3086 -0.099 1.1226, 0.3087 -0.0986 1.1225, 0.2207 -0.0731 1.2373, 0.2207 -0.0719 1.2385, 0.2195 -0.0717 1.2385, 0.2199 -0.0703 1.2394, 0.2203 -0.0687 1.24, 0.2199 -0.0686 1.24, 0.2192 -0.0679 1.24, 0.2195 -0.0683 1.24, 0.2191 -0.0675 1.24, 0.2207 -0.0688 1.24, 0.2189 -0.0739 1.2359, 0.2172 -0.0732 1.2359, 0.2158 -0.072 1.2359, 0.2147 -0.0706 1.2359, 0.214 -0.0689 1.2359, 0.2137 -0.0671 1.2359, 0.219 -0.0671 1.24, 0.2207 -0.0719 1.2385, 0.2207 -0.0704 1.2394, 0.2207 -0.0704 1.2394, 0.2207 -0.0688 1.24, 0.219 -0.07 1.2394, 0.2184 -0.0695 1.2394, 0.2178 -0.0688 1.2394, 0.2175 -0.068 1.2394, 0.219 -0.0671 1.24, 0.2174 -0.0671 1.2394, 0.2174 -0.0671 1.2394, 0.2159 -0.0671 1.2385, 0.2183 -0.0713 1.2385, 0.2173 -0.0705 1.2385, 0.2165 -0.0695 1.2385, 0.2161 -0.0683 1.2385, 0.2207 -0.0741 1.2359, 0.2207 -0.0731 1.2373, 0.2192 -0.0729 1.2373, 0.2177 -0.0723 1.2373, 0.2164 -0.0714 1.2373, 0.2155 -0.0701 1.2373, 0.2149 -0.0687 1.2373, 0.2207 -0.0741 1.2359, 0.2159 -0.0671 1.2385, 0.2147 -0.0671 1.2373, 0.2147 -0.0671 1.2373, 0.2137 -0.0671 1.2359, 0.2786 -0.069 1.2347, 0.2785 -0.069 1.2347, 0.2778 -0.0708 1.235, 0.2777 -0.0708 1.235, 0.2765 -0.0723 1.2351, 0.275 -0.0735 1.235, 0.275 -0.0735 1.235, 0.2733 -0.0743 1.2347, 0.2732 -0.0743 1.2347, 0.2713 -0.0741 1.2359, 0.2713 -0.0741 1.2359, 0.2713 -0.0731 1.2373, 0.2713 -0.0731 1.2373, 0.2713 -0.0719 1.2385, 0.2713 -0.0719 1.2385, 0.2713 -0.0704 1.2394, 0.2713 -0.0704 1.2394, 0.2713 -0.0688 1.24, 0.2713 -0.0688 1.24, 0.219 0.067 1.24, 0.2137 0.067 1.2359, 0.2137 0.067 1.2359, 0.2147 0.067 1.2373, 0.2147 0.067 1.2373, 0.2159 0.067 1.2385, 0.2159 0.067 1.2385, 0.2174 0.067 1.2394, 0.2174 0.067 1.2394, 0.219 0.067 1.24, 0.2774 -0.0671 1.2373, 0.2761 -0.0671 1.2385, 0.276 -0.0683 1.2385, 0.2746 -0.068 1.2394, 0.273 -0.0675 1.24, 0.2728 -0.0679 1.24, 0.2722 -0.0686 1.24, 0.2725 -0.0683 1.24, 0.2718 -0.0687 1.24, 0.273 -0.0671 1.24, 0.2781 -0.0689 1.2359, 0.2774 -0.0706 1.2359, 0.2763 -0.072 1.2359, 0.2748 -0.0732 1.2359, 0.2731 -0.0739 1.2359, 0.2761 -0.0671 1.2385, 0.2747 -0.0671 1.2394, 0.2747 -0.0671 1.2394, 0.273 -0.0671 1.24, 0.2742 -0.0688 1.2394, 0.2737 -0.0695 1.2394, 0.273 -0.07 1.2394, 0.2722 -0.0703 1.2394, 0.2755 -0.0695 1.2385, 0.2747 -0.0705 1.2385, 0.2737 -0.0713 1.2385, 0.2726 -0.0717 1.2385, 0.2783 -0.0671 1.2359, 0.2774 -0.0671 1.2373, 0.2772 -0.0687 1.2373, 0.2766 -0.0701 1.2373, 0.2756 -0.0714 1.2373, 0.2744 -0.0723 1.2373, 0.2729 -0.0729 1.2373, 0.2783 -0.0671 1.2359, 0.2161 0.0682 1.2385, 0.2175 0.0679 1.2394, 0.2191 0.0674 1.24, 0.2192 0.0679 1.24, 0.2199 0.0685 1.24, 0.2195 0.0682 1.24, 0.2203 0.0687 1.24, 0.214 0.0688 1.2359, 0.2135 0.0689 1.2347, 0.2135 0.0689 1.2347, 0.2143 0.0707 1.235, 0.2147 0.0705 1.2359, 0.2143 0.0707 1.235, 0.2158 0.072 1.2359, 0.2155 0.0722 1.2351, 0.2172 0.0731 1.2359, 0.217 0.0734 1.235, 0.2171 0.0734 1.235, 0.2189 0.0738 1.2359, 0.2188 0.0742 1.2347, 0.2188 0.0742 1.2347, 0.2207 0.074 1.2359, 0.2207 0.0687 1.24, 0.2178 0.0687 1.2394, 0.2184 0.0694 1.2394, 0.219 0.0699 1.2394, 0.2199 0.0702 1.2394, 0.2207 0.0687 1.24, 0.2207 0.0703 1.2394, 0.2207 0.0703 1.2394, 0.2207 0.0718 1.2385, 0.2165 0.0694 1.2385, 0.2173 0.0704 1.2385, 0.2183 0.0712 1.2385, 0.2195 0.0717 1.2385, 0.2149 0.0686 1.2373, 0.2155 0.07 1.2373, 0.2164 0.0713 1.2373, 0.2177 0.0722 1.2373, 0.2192 0.0729 1.2373, 0.2207 0.0718 1.2385, 0.2207 0.073 1.2373, 0.2207 0.0731 1.2373, 0.2207 0.074 1.2359, 0.2783 0.067 1.2359, 0.2783 0.067 1.2359, 0.2774 0.067 1.2373, 0.2774 0.067 1.2373, 0.2761 0.067 1.2385, 0.2761 0.067 1.2385, 0.2747 0.067 1.2394, 0.2747 0.067 1.2394, 0.273 0.067 1.24, 0.273 0.067 1.24, 0.2713 0.074 1.2359, 0.2713 0.074 1.2359, 0.2713 0.0731 1.2373, 0.2713 0.073 1.2373, 0.2713 0.0718 1.2385, 0.2713 0.0718 1.2385, 0.2713 0.0703 1.2394, 0.2713 0.0703 1.2394, 0.2713 0.0687 1.24, 0.2713 0.0687 1.24, 0.1833 0.0982 1.1224, 0.1855 0.1022 1.1232, 0.1848 0.1013 1.123, 0.1843 0.1007 1.1229, 0.1839 0.0999 1.1228, 0.1834 0.0989 1.1226, 0.186 0.1026 1.1232, 0.1871 0.1034 1.1233, 0.1875 0.1035 1.1233, 0.189 0.1041 1.1232, 0.1892 0.1042 1.1232, 0.2726 0.0717 1.2385, 0.2722 0.0702 1.2394, 0.2718 0.0687 1.24, 0.2722 0.0685 1.24, 0.2728 0.0679 1.24, 0.2725 0.0682 1.24, 0.273 0.0674 1.24, 0.2731 0.0738 1.2359, 0.2733 0.0742 1.2347, 0.2732 0.0742 1.2347, 0.275 0.0734 1.235, 0.2748 0.0731 1.2359, 0.275 0.0734 1.235, 0.2763 0.072 1.2359, 0.2765 0.0722 1.2351, 0.2774 0.0705 1.2359, 0.2777 0.0707 1.235, 0.2778 0.0707 1.235, 0.2781 0.0688 1.2359, 0.2785 0.0689 1.2347, 0.2786 0.0689 1.2347, 0.273 0.0699 1.2394, 0.2737 0.0694 1.2394, 0.2742 0.0687 1.2394, 0.2746 0.0679 1.2394, 0.2737 0.0712 1.2385, 0.2747 0.0704 1.2385, 0.2755 0.0694 1.2385, 0.276 0.0682 1.2385, 0.2729 0.0729 1.2373, 0.2744 0.0722 1.2373, 0.2756 0.0713 1.2373, 0.2766 0.07 1.2373, 0.2772 0.0686 1.2373, 0.1832 0.1512 0.9246, 0.1832 0.1513 0.9246, 0.1892 0.157 0.9262, 0.1892 0.157 0.9261, 0.1876 0.1564 0.926, 0.1875 0.1564 0.926, 0.186 0.1555 0.9258, 0.1848 0.1544 0.9254, 0.1847 0.1543 0.9254, 0.1842 0.1534 0.9252, 0.1838 0.1529 0.9251, 0.1838 0.1529 0.925, 0.1832 0.1513 0.9242, 0.1833 0.1516 0.9242, 0.1838 0.1529 0.9242, 0.1841 0.1535 0.9242, 0.1847 0.1544 0.9242, 0.1854 0.1551 0.9242, 0.186 0.1557 0.9242, 0.187 0.1563 0.9242, 0.1875 0.1566 0.9242, 0.1889 0.1571 0.9242, 0.1891 0.1572 0.9242, 0.3049 0.1034 1.1233, 0.3045 0.1035 1.1233, 0.3031 0.1041 1.1232, 0.3029 0.1042 1.1232, 0.306 0.1026 1.1232, 0.3065 0.1022 1.1232, 0.3073 0.1013 1.123, 0.3078 0.1007 1.1229, 0.3082 0.0999 1.1228, 0.3086 0.0989 1.1226, 0.3088 0.0982 1.1224, 0.1909 0.1574 0.9252, 0.1892 0.1572 0.9252, 0.1875 0.1566 0.9252, 0.1848 0.1544 0.9252, 0.186 0.1556 0.9252, 0.3088 0.1513 0.9246, 0.3087 0.1516 0.9247, 0.3082 0.1529 0.925, 0.3079 0.1534 0.9252, 0.3079 0.1534 0.9252, 0.3073 0.1543 0.9254, 0.3066 0.155 0.9256, 0.3061 0.1555 0.9258, 0.3046 0.1564 0.926, 0.3031 0.1569 0.9261, 0.3029 0.157 0.9261, 0.3011 0.1574 0.9252, 0.3079 0.1535 0.9252, 0.3087 0.1516 0.9242, 0.308 0.1535 0.9242, 0.3067 0.1551 0.9252, 0.305 0.1563 0.9252, 0.3032 0.1571 0.9252, 0.3067 0.1551 0.9242, 0.3051 0.1564 0.9242, 0.3032 0.1572 0.9242, 0.1889 -0.0687 -0.827, 0.1887 -0.0686 -0.827, 0.187 -0.0679 -0.8271, 0.1869 -0.0678 -0.8271, 0.1853 -0.0666 -0.8272, 0.1841 -0.0651 -0.8271, 0.1841 -0.065 -0.8271, 0.1833 -0.0633 -0.827, 0.1833 -0.0631 -0.827, 0.3032 0.0686 -0.827, 0.3033 0.0685 -0.827, 0.3051 0.0678 -0.8271, 0.3052 0.0678 -0.8271, 0.3067 0.0665 -0.8272, 0.3079 0.065 -0.8271, 0.308 0.0649 -0.8271, 0.3087 0.0632 -0.827, 0.3087 0.063 -0.827, 0.1833 0.063 -0.827, 0.1833 0.0632 -0.827, 0.1841 0.0649 -0.8271, 0.1841 0.065 -0.8271, 0.1853 0.0665 -0.8272, 0.1869 0.0678 -0.8271, 0.187 0.0678 -0.8271, 0.1887 0.0685 -0.827, 0.1889 0.0686 -0.827, 0.3087 -0.0631 -0.827, 0.3087 -0.0633 -0.827, 0.308 -0.065 -0.8271, 0.3079 -0.0651 -0.8271, 0.3067 -0.0666 -0.8272, 0.3052 -0.0678 -0.8271, 0.3051 -0.0679 -0.8271, 0.3033 -0.0686 -0.827, 0.3032 -0.0687 -0.827, -0.1831 -0.1497 0.3543, -0.1831 -0.0611 0.3543, -0.1831 -0.1497 0.9242, -0.1831 0.1496 0.9242, -0.1831 -0.0966 1.122, -0.1831 0.0965 1.122, -0.1831 0.1496 0.3543, -0.1831 0.061 0.3543, -0.1831 0.061 -0.8268, -0.1831 -0.0611 -0.8268, -0.3012 -0.0689 -0.8268, -0.191 -0.0689 -0.8268, -0.3012 -0.0689 0.3543, -0.191 -0.0689 0.3543, -0.3091 0.1496 0.3543, -0.3091 0.061 0.3543, -0.3091 0.1496 0.9242, -0.3091 -0.1497 0.9242, -0.3091 0.0965 1.122, -0.3091 -0.0966 1.122, -0.3091 -0.1497 0.3543, -0.3091 -0.0611 0.3543, -0.3091 -0.0611 -0.8268, -0.3091 0.061 -0.8268, -0.191 0.0689 -0.8268, -0.3012 0.0689 -0.8268, -0.191 0.0689 0.3543, -0.3012 0.0689 0.3543, -0.2309 0.0264 -0.9842, -0.23 0.0261 -0.9842, -0.2253 0.0191 -0.9842, -0.2669 -0.0191 -0.9842, -0.2669 0.0191 -0.9842, -0.2593 0.0267 -0.9842, -0.2263 0.0229 -0.9842, -0.2259 0.022 -0.9842, -0.2291 0.0257 -0.9842, -0.2253 -0.0191 -0.9842, -0.2329 -0.0267 -0.9842, -0.2256 0.0211 -0.9842, -0.2329 0.0267 -0.9842, -0.2593 -0.0267 -0.9842, -0.2256 -0.0211 -0.9842, -0.23 -0.0262 -0.9842, -0.2309 -0.0265 -0.9842, -0.2666 0.0211 -0.9842, -0.2622 0.0261 -0.9842, -0.2613 0.0264 -0.9842, -0.2663 0.022 -0.9842, -0.2659 0.0229 -0.9842, -0.2631 0.0257 -0.9842, -0.2613 -0.0265 -0.9842, -0.2663 -0.0221 -0.9842, -0.2666 -0.0211 -0.9842, -0.2622 -0.0262 -0.9842, -0.2631 -0.0257 -0.9842, -0.2659 -0.023 -0.9842, -0.2269 0.0237 -0.9842, -0.2282 0.0251 -0.9842, -0.2275 0.0245 -0.9842, -0.2259 -0.0221 -0.9842, -0.2263 -0.023 -0.9842, -0.2291 -0.0257 -0.9842, -0.2269 -0.0238 -0.9842, -0.2282 -0.0252 -0.9842, -0.2275 -0.0245 -0.9842, -0.264 0.0251 -0.9842, -0.2653 0.0237 -0.9842, -0.2647 0.0245 -0.9842, -0.2653 -0.0238 -0.9842, -0.264 -0.0252 -0.9842, -0.2647 -0.0245 -0.9842, -0.3068 0.0665 0.3543, -0.308 0.0649 0.3543, -0.3088 0.063 0.3543, -0.1833 0.0627 0.3543, -0.1839 0.0644 0.3543, -0.1848 0.0659 0.3543, -0.191 0.1574 0.3543, -0.1861 0.0671 0.3543, -0.1876 0.0681 0.3543, -0.3068 0.1551 0.3543, -0.308 0.1535 0.3543, -0.3088 0.1516 0.3543, -0.1854 0.1551 0.3543, -0.1842 0.1535 0.3543, -0.187 0.1564 0.3543, -0.1834 0.1516 0.3543, -0.1889 0.1572 0.3543, -0.3052 0.1564 0.3543, -0.3033 0.0686 0.3543, -0.3052 0.0678 0.3543, -0.1892 0.0687 0.3543, -0.3012 0.1574 0.3543, -0.3033 0.1572 0.3543, -0.187 -0.0679 0.3543, -0.1854 -0.0666 0.3543, -0.1842 -0.065 0.3543, -0.1834 -0.0631 0.3543, -0.3088 -0.0631 0.3543, -0.3012 -0.1575 0.3543, -0.3088 -0.1517 0.3543, -0.3052 -0.1565 0.3543, -0.3068 -0.1552 0.3543, -0.308 -0.1536 0.3543, -0.308 -0.065 0.3543, -0.3068 -0.0666 0.3543, -0.3052 -0.0679 0.3543, -0.3033 -0.1573 0.3543, -0.3033 -0.0687 0.3543, -0.191 -0.1575 0.3543, -0.1889 -0.1573 0.3543, -0.1842 -0.1536 0.3543, -0.1854 -0.1552 0.3543, -0.1834 -0.1517 0.3543, -0.1889 -0.0687 0.3543, -0.187 -0.1565 0.3543, -0.191 0.1574 0.9242, -0.3012 0.1574 0.9242, -0.191 -0.1575 0.9242, -0.3012 -0.1575 0.9242, -0.2714 0.067 1.2402, -0.2714 -0.0671 1.2402, -0.2208 0.067 1.2402, -0.2208 -0.0671 1.2402, -0.2208 -0.0747 1.2343, -0.2714 -0.0747 1.2343, -0.191 -0.1045 1.1231, -0.3012 -0.1045 1.1231, -0.191 -0.1573 0.9262, -0.3012 -0.1573 0.9262, -0.2714 0.0746 1.2343, -0.2208 0.0746 1.2343, -0.3012 0.1044 1.1231, -0.191 0.1044 1.1231, -0.3012 0.1572 0.9262, -0.191 0.1572 0.9262, -0.1831 0.0971 1.1221, -0.2132 0.067 1.2343, -0.2132 -0.0671 1.2343, -0.1831 -0.0972 1.1221, -0.3091 -0.0972 1.1221, -0.279 -0.0671 1.2343, -0.279 0.067 1.2343, -0.3091 0.0971 1.1221, -0.3015 -0.0689 -0.8268, -0.1907 -0.0689 -0.8268, -0.1831 -0.0613 -0.8268, -0.1831 0.0612 -0.8268, -0.3091 0.0612 -0.8268, -0.3091 -0.0613 -0.8268, -0.1907 0.0688 -0.8268, -0.3015 0.0688 -0.8268, -0.303 -0.1573 0.9242, -0.3033 -0.1572 0.9242, -0.3047 -0.1567 0.9242, -0.3051 -0.1564 0.9242, -0.3062 -0.1558 0.9242, -0.3068 -0.1552 0.9242, -0.3074 -0.1545 0.9242, -0.308 -0.1536 0.9242, -0.3083 -0.153 0.9242, -0.3088 -0.1517 0.9242, -0.3089 -0.1513 0.9242, -0.3012 -0.1575 0.9252, -0.303 -0.1573 0.9252, -0.3089 -0.1513 0.9246, -0.3089 -0.1513 0.9246, -0.3083 -0.153 0.925, -0.3083 -0.153 0.9251, -0.3046 -0.1565 0.926, -0.3061 -0.1556 0.9258, -0.3061 -0.1557 0.9252, -0.3073 -0.1545 0.9254, -0.3074 -0.1545 0.9252, -0.3074 -0.1544 0.9254, -0.308 -0.1535 0.9252, -0.3046 -0.1565 0.926, -0.3046 -0.1567 0.9252, -0.303 -0.1571 0.9261, -0.3029 -0.1571 0.9262, -0.1833 -0.1513 0.9242, -0.1834 -0.1517 0.9242, -0.1839 -0.153 0.9242, -0.1842 -0.1536 0.9242, -0.1848 -0.1545 0.9242, -0.1855 -0.1552 0.9242, -0.1861 -0.1558 0.9242, -0.1871 -0.1564 0.9242, -0.1875 -0.1567 0.9242, -0.189 -0.1572 0.9242, -0.1892 -0.1573 0.9242, -0.191 -0.1575 0.9252, -0.3088 -0.0983 1.1224, -0.3087 -0.099 1.1226, -0.3083 -0.0999 1.1228, -0.3079 -0.1008 1.1229, -0.3073 -0.1014 1.123, -0.3066 -0.1023 1.1232, -0.3061 -0.1026 1.1232, -0.305 -0.1035 1.1233, -0.3046 -0.1036 1.1233, -0.3032 -0.1042 1.1232, -0.303 -0.1042 1.1232, -0.1833 -0.1513 0.9246, -0.1889 -0.157 0.9261, -0.1893 -0.157 0.9261, -0.1892 -0.1573 0.9252, -0.1842 -0.1535 0.9252, -0.1849 -0.1544 0.9254, -0.1849 -0.1545 0.9252, -0.1854 -0.155 0.9256, -0.1861 -0.1557 0.9252, -0.1862 -0.1556 0.9258, -0.187 -0.1562 0.9259, -0.1834 -0.1516 0.9247, -0.184 -0.153 0.9251, -0.1842 -0.1535 0.9252, -0.1876 -0.1567 0.9252, -0.2733 -0.0743 1.2347, -0.2733 -0.0743 1.2347, -0.2751 -0.0735 1.235, -0.2751 -0.0735 1.235, -0.2766 -0.0723 1.2351, -0.2778 -0.0708 1.235, -0.2778 -0.0708 1.235, -0.2786 -0.069 1.2347, -0.2786 -0.069 1.2347, -0.189 -0.1042 1.1232, -0.1889 -0.1042 1.1232, -0.1872 -0.1034 1.1233, -0.187 -0.1034 1.1233, -0.1856 -0.1023 1.1232, -0.1854 -0.1021 1.1231, -0.1843 -0.1008 1.1229, -0.1842 -0.1005 1.1229, -0.1835 -0.099 1.1226, -0.1834 -0.0986 1.1225, -0.2714 -0.0731 1.2373, -0.2714 -0.0719 1.2385, -0.2727 -0.0717 1.2385, -0.2723 -0.0703 1.2394, -0.2718 -0.0687 1.24, -0.2723 -0.0686 1.24, -0.2729 -0.0679 1.24, -0.2726 -0.0683 1.24, -0.2731 -0.0675 1.24, -0.2714 -0.0688 1.24, -0.2732 -0.0739 1.2359, -0.2749 -0.0732 1.2359, -0.2764 -0.072 1.2359, -0.2775 -0.0706 1.2359, -0.2782 -0.0689 1.2359, -0.2784 -0.0671 1.2359, -0.2731 -0.0671 1.24, -0.2714 -0.0719 1.2385, -0.2714 -0.0704 1.2394, -0.2714 -0.0704 1.2394, -0.2714 -0.0688 1.24, -0.2731 -0.07 1.2394, -0.2738 -0.0695 1.2394, -0.2743 -0.0688 1.2394, -0.2746 -0.068 1.2394, -0.2731 -0.0671 1.24, -0.2747 -0.0671 1.2394, -0.2748 -0.0671 1.2394, -0.2762 -0.0671 1.2385, -0.2738 -0.0713 1.2385, -0.2748 -0.0705 1.2385, -0.2756 -0.0695 1.2385, -0.2761 -0.0683 1.2385, -0.2714 -0.0741 1.2359, -0.2714 -0.0731 1.2373, -0.273 -0.0729 1.2373, -0.2744 -0.0723 1.2373, -0.2757 -0.0714 1.2373, -0.2767 -0.0701 1.2373, -0.2773 -0.0687 1.2373, -0.2714 -0.0741 1.2359, -0.2762 -0.0671 1.2385, -0.2774 -0.0671 1.2373, -0.2775 -0.0671 1.2373, -0.2784 -0.0671 1.2359, -0.2136 -0.069 1.2347, -0.2136 -0.069 1.2347, -0.2144 -0.0708 1.235, -0.2144 -0.0708 1.235, -0.2156 -0.0723 1.2351, -0.2171 -0.0735 1.235, -0.2171 -0.0735 1.235, -0.2189 -0.0743 1.2347, -0.2189 -0.0743 1.2347, -0.2208 -0.0741 1.2359, -0.2208 -0.0741 1.2359, -0.2208 -0.0731 1.2373, -0.2208 -0.0731 1.2373, -0.2208 -0.0719 1.2385, -0.2208 -0.0719 1.2385, -0.2208 -0.0704 1.2394, -0.2208 -0.0704 1.2394, -0.2208 -0.0688 1.24, -0.2208 -0.0688 1.24, -0.2731 0.067 1.24, -0.2784 0.067 1.2359, -0.2784 0.067 1.2359, -0.2775 0.067 1.2373, -0.2774 0.067 1.2373, -0.2762 0.067 1.2385, -0.2762 0.067 1.2385, -0.2748 0.067 1.2394, -0.2747 0.067 1.2394, -0.2731 0.067 1.24, -0.2148 -0.0671 1.2373, -0.216 -0.0671 1.2385, -0.2161 -0.0683 1.2385, -0.2176 -0.068 1.2394, -0.2191 -0.0675 1.24, -0.2193 -0.0679 1.24, -0.2199 -0.0686 1.24, -0.2196 -0.0683 1.24, -0.2204 -0.0687 1.24, -0.2191 -0.0671 1.24, -0.214 -0.0689 1.2359, -0.2147 -0.0706 1.2359, -0.2158 -0.072 1.2359, -0.2173 -0.0732 1.2359, -0.219 -0.0739 1.2359, -0.216 -0.0671 1.2385, -0.2175 -0.0671 1.2394, -0.2175 -0.0671 1.2394, -0.2191 -0.0671 1.24, -0.2179 -0.0688 1.2394, -0.2184 -0.0695 1.2394, -0.2191 -0.07 1.2394, -0.2199 -0.0703 1.2394, -0.2166 -0.0695 1.2385, -0.2174 -0.0705 1.2385, -0.2184 -0.0713 1.2385, -0.2196 -0.0717 1.2385, -0.2138 -0.0671 1.2359, -0.2147 -0.0671 1.2373, -0.2149 -0.0687 1.2373, -0.2156 -0.0701 1.2373, -0.2165 -0.0714 1.2373, -0.2178 -0.0723 1.2373, -0.2192 -0.0729 1.2373, -0.2138 -0.0671 1.2359, -0.2761 0.0682 1.2385, -0.2746 0.0679 1.2394, -0.2731 0.0674 1.24, -0.2729 0.0679 1.24, -0.2723 0.0685 1.24, -0.2726 0.0682 1.24, -0.2718 0.0687 1.24, -0.2782 0.0688 1.2359, -0.2786 0.0689 1.2347, -0.2786 0.0689 1.2347, -0.2778 0.0707 1.235, -0.2775 0.0705 1.2359, -0.2778 0.0707 1.235, -0.2764 0.072 1.2359, -0.2766 0.0722 1.2351, -0.2749 0.0731 1.2359, -0.2751 0.0734 1.235, -0.2751 0.0734 1.235, -0.2732 0.0738 1.2359, -0.2733 0.0742 1.2347, -0.2733 0.0742 1.2347, -0.2714 0.074 1.2359, -0.2714 0.0687 1.24, -0.2743 0.0687 1.2394, -0.2738 0.0694 1.2394, -0.2731 0.0699 1.2394, -0.2723 0.0702 1.2394, -0.2714 0.0687 1.24, -0.2714 0.0703 1.2394, -0.2714 0.0703 1.2394, -0.2714 0.0718 1.2385, -0.2756 0.0694 1.2385, -0.2748 0.0704 1.2385, -0.2738 0.0712 1.2385, -0.2727 0.0717 1.2385, -0.2773 0.0686 1.2373, -0.2767 0.07 1.2373, -0.2757 0.0713 1.2373, -0.2744 0.0722 1.2373, -0.273 0.0729 1.2373, -0.2714 0.0718 1.2385, -0.2714 0.073 1.2373, -0.2714 0.0731 1.2373, -0.2714 0.074 1.2359, -0.2138 0.067 1.2359, -0.2138 0.067 1.2359, -0.2147 0.067 1.2373, -0.2148 0.067 1.2373, -0.216 0.067 1.2385, -0.216 0.067 1.2385, -0.2175 0.067 1.2394, -0.2175 0.067 1.2394, -0.2191 0.067 1.24, -0.2191 0.067 1.24, -0.2208 0.074 1.2359, -0.2208 0.074 1.2359, -0.2208 0.0731 1.2373, -0.2208 0.073 1.2373, -0.2208 0.0718 1.2385, -0.2208 0.0718 1.2385, -0.2208 0.0703 1.2394, -0.2208 0.0703 1.2394, -0.2208 0.0687 1.24, -0.2208 0.0687 1.24, -0.3088 0.0982 1.1224, -0.3066 0.1022 1.1232, -0.3073 0.1013 1.123, -0.3079 0.1007 1.1229, -0.3083 0.0999 1.1228, -0.3087 0.0989 1.1226, -0.3061 0.1026 1.1232, -0.305 0.1034 1.1233, -0.3046 0.1035 1.1233, -0.3032 0.1041 1.1232, -0.303 0.1042 1.1232, -0.2196 0.0717 1.2385, -0.2199 0.0702 1.2394, -0.2204 0.0687 1.24, -0.2199 0.0685 1.24, -0.2193 0.0679 1.24, -0.2196 0.0682 1.24, -0.2191 0.0674 1.24, -0.219 0.0738 1.2359, -0.2189 0.0742 1.2347, -0.2189 0.0742 1.2347, -0.2171 0.0734 1.235, -0.2173 0.0731 1.2359, -0.2171 0.0734 1.235, -0.2158 0.072 1.2359, -0.2156 0.0722 1.2351, -0.2147 0.0705 1.2359, -0.2144 0.0707 1.235, -0.2144 0.0707 1.235, -0.214 0.0688 1.2359, -0.2136 0.0689 1.2347, -0.2136 0.0689 1.2347, -0.2191 0.0699 1.2394, -0.2184 0.0694 1.2394, -0.2179 0.0687 1.2394, -0.2176 0.0679 1.2394, -0.2184 0.0712 1.2385, -0.2174 0.0704 1.2385, -0.2166 0.0694 1.2385, -0.2161 0.0682 1.2385, -0.2192 0.0729 1.2373, -0.2178 0.0722 1.2373, -0.2165 0.0713 1.2373, -0.2156 0.07 1.2373, -0.2149 0.0686 1.2373, -0.3089 0.1512 0.9246, -0.3089 0.1513 0.9246, -0.3029 0.157 0.9262, -0.303 0.157 0.9261, -0.3046 0.1564 0.926, -0.3046 0.1564 0.926, -0.3061 0.1555 0.9258, -0.3073 0.1544 0.9254, -0.3074 0.1543 0.9254, -0.308 0.1534 0.9252, -0.3083 0.1529 0.9251, -0.3083 0.1529 0.925, -0.3089 0.1513 0.9242, -0.3088 0.1516 0.9242, -0.3083 0.1529 0.9242, -0.308 0.1535 0.9242, -0.3074 0.1544 0.9242, -0.3068 0.1551 0.9242, -0.3062 0.1557 0.9242, -0.3051 0.1563 0.9242, -0.3047 0.1566 0.9242, -0.3033 0.1571 0.9242, -0.303 0.1572 0.9242, -0.189 0.1041 1.1232, -0.1889 0.1041 1.1232, -0.1872 0.1033 1.1233, -0.187 0.1033 1.1233, -0.1856 0.1022 1.1232, -0.1854 0.102 1.1231, -0.1843 0.1007 1.1229, -0.1842 0.1004 1.1229, -0.1835 0.0989 1.1226, -0.1834 0.0985 1.1225, -0.3012 0.1574 0.9252, -0.303 0.1572 0.9252, -0.3046 0.1566 0.9252, -0.3074 0.1544 0.9252, -0.3061 0.1556 0.9252, -0.1834 0.1515 0.9247, -0.1834 0.1516 0.9247, -0.1842 0.1534 0.9252, -0.1842 0.1534 0.9252, -0.1842 0.1535 0.9252, -0.1854 0.1549 0.9256, -0.1855 0.155 0.9256, -0.187 0.1561 0.9259, -0.1889 0.1569 0.9261, -0.189 0.1569 0.9261, -0.191 0.1574 0.9252, -0.1842 0.1535 0.9252, -0.1834 0.1516 0.9242, -0.1842 0.1535 0.9242, -0.1855 0.1551 0.9252, -0.1871 0.1563 0.9252, -0.189 0.1571 0.9252, -0.1854 0.1551 0.9242, -0.187 0.1564 0.9242, -0.1889 0.1572 0.9242, -0.3033 -0.0687 -0.827, -0.3034 -0.0686 -0.827, -0.3052 -0.0679 -0.8271, -0.3052 -0.0678 -0.8271, -0.3068 -0.0666 -0.8272, -0.308 -0.0651 -0.8271, -0.308 -0.065 -0.8271, -0.3088 -0.0633 -0.827, -0.3088 -0.0631 -0.827, -0.1892 0.0686 -0.8269, -0.1888 0.0685 -0.827, -0.1876 0.068 -0.8271, -0.187 0.0678 -0.8271, -0.1861 0.0671 -0.8272, -0.1854 0.0665 -0.8272, -0.1849 0.0659 -0.8272, -0.1842 0.065 -0.8271, -0.1839 0.0644 -0.8271, -0.1834 0.0632 -0.827, -0.1834 0.0627 -0.8269, -0.3088 0.063 -0.827, -0.3088 0.0632 -0.827, -0.308 0.0649 -0.8271, -0.308 0.065 -0.8271, -0.3068 0.0665 -0.8272, -0.3052 0.0678 -0.8271, -0.3052 0.0678 -0.8271, -0.3034 0.0685 -0.827, -0.3033 0.0686 -0.827, -0.1834 -0.0631 -0.827, -0.1834 -0.0633 -0.827, -0.1842 -0.065 -0.8271, -0.1842 -0.0651 -0.8271, -0.1854 -0.0666 -0.8272, -0.187 -0.0678 -0.8271, -0.1871 -0.0679 -0.8271, -0.1888 -0.0686 -0.827, -0.189 -0.0687 -0.827
            ]
        }
        coordIndex [
            0,1,2,-1,2,1,3,-1,2,3,4,-1,4,3,5,-1,6,3,7,-1,7,3,1,-1,7,1,8,-1,8,1,9,-1,10,11,12,-1,12,11,13,-1,14,15,16,-1,16,15,17,-1,16,17,18,-1,18,17,19,-1,20,17,21,-1,21,17,15,-1,21,15,22,-1,22,15,23,-1,24,25,26,-1,26,25,27,-1,28,29,30,-1,31,32,33,-1,34,35,36,-1,37,38,39,-1,30,29,33,-1,40,41,42,-1,39,38,32,-1,32,38,43,-1,32,43,33,-1,31,33,44,-1,44,33,29,-1,44,29,36,-1,36,29,45,-1,36,45,34,-1,28,30,41,-1,41,30,46,-1,41,46,42,-1,47,48,35,-1,35,48,49,-1,35,49,36,-1,47,50,48,-1,48,50,51,-1,48,51,52,-1,53,54,45,-1,45,54,55,-1,45,55,34,-1,53,56,54,-1,54,56,57,-1,54,57,58,-1,37,39,59,-1,59,39,60,-1,59,60,61,-1,42,62,40,-1,40,62,63,-1,40,63,64,-1,64,63,65,-1,52,51,66,-1,66,51,67,-1,66,67,68,-1,58,57,69,-1,69,57,70,-1,69,70,71,-1,72,15,14,-1,72,14,73,-1,7,74,6,-1,6,74,75,-1,6,75,76,-1,77,78,79,-1,74,80,75,-1,75,80,81,-1,75,81,82,-1,76,75,79,-1,79,75,83,-1,79,83,77,-1,84,85,14,-1,14,85,86,-1,14,86,73,-1,84,87,27,-1,27,87,88,-1,84,14,87,-1,87,14,89,-1,87,89,90,-1,82,91,75,-1,75,91,26,-1,75,26,92,-1,92,26,27,-1,92,27,93,-1,93,27,88,-1,94,1,0,-1,21,95,20,-1,20,95,96,-1,20,96,97,-1,94,0,98,-1,97,99,20,-1,20,99,100,-1,20,100,12,-1,101,102,0,-1,0,102,103,-1,0,103,98,-1,13,104,105,-1,13,101,104,-1,104,101,0,-1,104,0,106,-1,106,0,107,-1,105,108,13,-1,13,108,109,-1,13,109,12,-1,12,109,110,-1,12,110,111,-1,111,112,12,-1,12,112,113,-1,12,113,20,-1,20,113,114,-1,20,114,115,-1,75,92,116,-1,116,92,117,-1,118,119,109,-1,109,119,110,-1,120,121,122,-1,122,121,123,-1,124,125,126,-1,126,125,127,-1,126,127,128,-1,128,127,129,-1,130,131,132,-1,132,131,133,-1,132,133,134,-1,134,133,135,-1,136,137,5,-1,5,137,138,-1,5,138,4,-1,4,138,139,-1,19,140,141,-1,19,141,18,-1,18,141,142,-1,18,142,143,-1,10,144,45,-1,10,45,11,-1,11,45,29,-1,11,29,145,-1,9,146,30,-1,9,30,8,-1,8,30,33,-1,8,33,147,-1,23,148,35,-1,23,35,22,-1,22,35,34,-1,22,34,149,-1,24,150,44,-1,24,44,25,-1,25,44,36,-1,25,36,151,-1,119,152,110,-1,110,152,111,-1,152,153,111,-1,111,153,154,-1,111,154,112,-1,154,155,112,-1,112,155,156,-1,112,156,113,-1,113,156,157,-1,113,157,114,-1,157,158,114,-1,114,158,159,-1,114,159,115,-1,159,160,115,-1,115,160,161,-1,115,161,20,-1,20,161,162,-1,20,162,17,-1,119,163,164,-1,17,162,165,-1,165,162,166,-1,166,162,161,-1,166,161,167,-1,167,161,160,-1,167,160,168,-1,169,170,171,-1,171,170,172,-1,171,172,173,-1,173,172,174,-1,173,174,175,-1,176,177,178,-1,178,177,164,-1,178,164,179,-1,179,164,163,-1,179,163,129,-1,155,154,177,-1,177,154,153,-1,177,153,164,-1,164,153,152,-1,164,152,119,-1,156,155,171,-1,171,155,177,-1,171,177,169,-1,169,177,176,-1,168,160,175,-1,175,160,159,-1,175,159,173,-1,173,159,158,-1,173,158,171,-1,171,158,157,-1,171,157,156,-1,2,180,0,-1,0,180,107,-1,180,181,107,-1,107,181,182,-1,107,182,106,-1,182,183,106,-1,106,183,184,-1,106,184,104,-1,104,184,185,-1,104,185,105,-1,185,186,105,-1,105,186,187,-1,105,187,108,-1,187,188,108,-1,108,188,189,-1,108,189,109,-1,109,189,190,-1,109,190,118,-1,119,118,163,-1,163,118,191,-1,163,191,129,-1,129,191,128,-1,19,17,140,-1,140,17,165,-1,140,165,192,-1,192,165,166,-1,192,166,193,-1,193,166,167,-1,193,167,194,-1,194,167,195,-1,167,168,195,-1,195,168,175,-1,195,175,196,-1,196,175,174,-1,196,174,197,-1,197,174,172,-1,197,172,198,-1,198,172,170,-1,198,170,199,-1,199,170,169,-1,199,169,200,-1,200,169,201,-1,201,169,176,-1,201,176,202,-1,202,176,178,-1,202,178,127,-1,127,178,179,-1,127,179,129,-1,203,180,2,-1,204,205,206,-1,206,205,128,-1,206,128,191,-1,207,208,209,-1,209,208,210,-1,209,210,211,-1,211,210,212,-1,211,212,213,-1,180,203,181,-1,181,203,214,-1,181,214,182,-1,214,215,182,-1,182,215,216,-1,182,216,183,-1,183,216,207,-1,183,207,184,-1,184,207,209,-1,184,209,185,-1,185,209,211,-1,185,211,186,-1,217,188,187,-1,204,206,213,-1,213,206,217,-1,213,217,211,-1,211,217,187,-1,211,187,186,-1,188,217,189,-1,189,217,206,-1,189,206,190,-1,190,206,191,-1,190,191,118,-1,199,200,218,-1,218,200,201,-1,218,201,125,-1,125,201,202,-1,125,202,127,-1,218,219,199,-1,199,219,220,-1,199,220,198,-1,220,221,198,-1,198,221,222,-1,198,222,197,-1,197,222,223,-1,197,223,196,-1,196,223,224,-1,196,224,195,-1,195,224,225,-1,195,225,194,-1,194,225,226,-1,194,226,193,-1,193,226,192,-1,192,226,141,-1,192,141,140,-1,126,128,227,-1,227,128,205,-1,227,205,228,-1,228,205,204,-1,228,204,229,-1,229,204,230,-1,230,204,213,-1,230,213,231,-1,231,213,212,-1,231,212,232,-1,232,212,210,-1,232,210,233,-1,233,210,208,-1,233,208,234,-1,208,207,234,-1,234,207,216,-1,234,216,235,-1,235,216,215,-1,235,215,236,-1,236,215,214,-1,236,214,139,-1,139,214,4,-1,4,214,203,-1,4,203,2,-1,237,238,239,-1,240,241,242,-1,121,243,244,-1,245,243,121,-1,242,241,121,-1,246,121,241,-1,247,219,218,-1,219,247,220,-1,220,247,248,-1,220,248,221,-1,221,248,249,-1,221,249,222,-1,222,249,250,-1,222,250,223,-1,223,250,224,-1,224,250,251,-1,224,251,225,-1,225,251,226,-1,226,251,252,-1,226,252,141,-1,253,245,121,-1,254,255,240,-1,240,255,256,-1,240,256,241,-1,241,256,257,-1,241,257,246,-1,258,244,259,-1,259,244,243,-1,259,243,260,-1,260,243,245,-1,260,245,261,-1,253,262,245,-1,245,262,263,-1,245,263,261,-1,261,263,264,-1,261,264,265,-1,239,258,266,-1,266,258,259,-1,266,259,267,-1,267,259,260,-1,267,260,268,-1,268,260,261,-1,268,261,269,-1,269,261,265,-1,270,271,272,-1,272,271,237,-1,237,239,272,-1,272,239,266,-1,272,266,273,-1,273,266,267,-1,273,267,274,-1,274,267,268,-1,274,268,275,-1,275,268,269,-1,275,269,276,-1,238,254,239,-1,239,254,240,-1,239,240,258,-1,258,240,242,-1,258,242,244,-1,244,242,121,-1,270,247,277,-1,277,247,218,-1,277,218,125,-1,265,278,269,-1,269,278,279,-1,269,279,276,-1,276,279,280,-1,276,280,281,-1,270,272,247,-1,247,272,273,-1,247,273,248,-1,248,273,274,-1,248,274,249,-1,249,274,275,-1,249,275,250,-1,250,275,276,-1,250,276,251,-1,251,276,281,-1,251,281,252,-1,139,138,236,-1,236,138,282,-1,233,234,282,-1,282,234,235,-1,282,235,236,-1,282,283,233,-1,233,283,284,-1,233,284,232,-1,232,284,285,-1,232,285,231,-1,231,285,286,-1,231,286,230,-1,230,286,287,-1,230,287,229,-1,229,287,288,-1,229,288,228,-1,228,288,289,-1,228,289,227,-1,289,290,227,-1,227,290,124,-1,227,124,126,-1,125,124,277,-1,277,124,291,-1,277,291,270,-1,270,291,292,-1,270,292,271,-1,271,292,293,-1,271,293,237,-1,237,293,294,-1,237,294,238,-1,238,294,295,-1,238,295,254,-1,254,295,296,-1,254,296,255,-1,255,296,297,-1,255,297,256,-1,256,297,298,-1,256,298,257,-1,257,298,299,-1,257,299,246,-1,299,300,246,-1,246,300,123,-1,246,123,121,-1,121,120,301,-1,142,141,302,-1,302,141,252,-1,302,252,303,-1,303,252,281,-1,303,281,304,-1,304,281,280,-1,304,280,305,-1,305,280,279,-1,305,279,306,-1,306,279,278,-1,306,278,307,-1,307,278,265,-1,307,265,308,-1,308,265,264,-1,308,264,309,-1,309,264,263,-1,309,263,310,-1,310,263,262,-1,310,262,301,-1,301,262,253,-1,301,253,121,-1,311,312,313,-1,314,315,316,-1,123,317,318,-1,319,317,123,-1,316,315,123,-1,320,123,315,-1,321,283,282,-1,283,321,284,-1,284,321,322,-1,284,322,285,-1,285,322,323,-1,285,323,286,-1,286,323,324,-1,286,324,287,-1,287,324,288,-1,288,324,325,-1,288,325,289,-1,289,325,290,-1,290,325,291,-1,290,291,124,-1,300,319,123,-1,326,327,314,-1,314,327,328,-1,314,328,315,-1,315,328,329,-1,315,329,320,-1,330,318,331,-1,331,318,317,-1,331,317,332,-1,332,317,319,-1,332,319,333,-1,300,299,319,-1,319,299,298,-1,319,298,333,-1,333,298,297,-1,333,297,296,-1,313,330,334,-1,334,330,331,-1,334,331,335,-1,335,331,332,-1,335,332,336,-1,336,332,333,-1,336,333,337,-1,337,333,296,-1,338,339,340,-1,340,339,311,-1,311,313,340,-1,340,313,334,-1,340,334,341,-1,341,334,335,-1,341,335,342,-1,342,335,336,-1,342,336,343,-1,343,336,337,-1,343,337,344,-1,312,326,313,-1,313,326,314,-1,313,314,330,-1,330,314,316,-1,330,316,318,-1,318,316,123,-1,338,321,345,-1,345,321,282,-1,345,282,138,-1,296,295,337,-1,337,295,294,-1,337,294,344,-1,344,294,293,-1,344,293,292,-1,338,340,321,-1,321,340,341,-1,321,341,322,-1,322,341,342,-1,322,342,323,-1,323,342,343,-1,323,343,324,-1,324,343,344,-1,324,344,325,-1,325,344,292,-1,325,292,291,-1,305,306,346,-1,347,348,349,-1,120,350,351,-1,352,350,120,-1,349,348,120,-1,301,120,348,-1,353,354,355,-1,354,353,356,-1,356,353,357,-1,356,357,358,-1,358,357,359,-1,358,359,360,-1,360,359,361,-1,360,361,362,-1,362,361,363,-1,363,361,364,-1,363,364,365,-1,365,364,366,-1,366,364,367,-1,366,367,130,-1,368,352,120,-1,307,308,347,-1,347,308,309,-1,347,309,348,-1,348,309,310,-1,348,310,301,-1,369,351,370,-1,370,351,350,-1,370,350,371,-1,371,350,352,-1,371,352,372,-1,368,373,352,-1,352,373,374,-1,352,374,372,-1,372,374,375,-1,372,375,376,-1,346,369,377,-1,377,369,370,-1,377,370,378,-1,378,370,371,-1,378,371,379,-1,379,371,372,-1,379,372,380,-1,380,372,376,-1,303,304,381,-1,381,304,305,-1,305,346,381,-1,381,346,377,-1,381,377,382,-1,382,377,378,-1,382,378,383,-1,383,378,379,-1,383,379,384,-1,384,379,380,-1,384,380,385,-1,306,307,346,-1,346,307,347,-1,346,347,369,-1,369,347,349,-1,369,349,351,-1,351,349,120,-1,303,353,302,-1,302,353,355,-1,302,355,142,-1,376,386,380,-1,380,386,387,-1,380,387,385,-1,385,387,388,-1,385,388,389,-1,303,381,353,-1,353,381,382,-1,353,382,357,-1,357,382,383,-1,357,383,359,-1,359,383,384,-1,359,384,361,-1,361,384,385,-1,361,385,364,-1,364,385,389,-1,364,389,367,-1,122,123,320,-1,138,137,345,-1,345,137,390,-1,345,390,338,-1,338,390,391,-1,338,391,339,-1,339,391,392,-1,339,392,311,-1,311,392,393,-1,311,393,312,-1,312,393,394,-1,312,394,326,-1,326,394,395,-1,326,395,327,-1,327,395,396,-1,327,396,328,-1,328,396,397,-1,328,397,329,-1,329,397,398,-1,329,398,320,-1,320,398,399,-1,320,399,122,-1,131,130,400,-1,400,130,367,-1,400,367,401,-1,401,367,389,-1,401,389,402,-1,402,389,388,-1,402,388,403,-1,403,388,387,-1,403,387,404,-1,404,387,386,-1,404,386,405,-1,405,386,376,-1,405,376,406,-1,406,376,375,-1,406,375,407,-1,407,375,374,-1,407,374,408,-1,408,374,373,-1,408,373,409,-1,373,368,409,-1,409,368,120,-1,409,120,122,-1,143,142,410,-1,410,142,355,-1,411,412,356,-1,356,412,413,-1,356,413,354,-1,354,413,414,-1,354,414,355,-1,355,414,415,-1,355,415,410,-1,356,358,411,-1,411,358,360,-1,411,360,416,-1,416,360,362,-1,416,362,417,-1,417,362,363,-1,417,363,418,-1,418,363,365,-1,418,365,419,-1,419,365,366,-1,419,366,420,-1,420,366,130,-1,420,130,132,-1,403,404,421,-1,422,423,424,-1,122,425,426,-1,427,425,122,-1,424,423,122,-1,409,122,423,-1,428,429,430,-1,429,428,431,-1,431,428,432,-1,431,432,433,-1,433,432,434,-1,433,434,435,-1,435,434,436,-1,435,436,437,-1,437,436,438,-1,438,436,439,-1,438,439,440,-1,440,439,441,-1,441,439,390,-1,441,390,137,-1,399,427,122,-1,405,406,422,-1,422,406,407,-1,422,407,423,-1,423,407,408,-1,423,408,409,-1,442,426,443,-1,443,426,425,-1,443,425,444,-1,444,425,427,-1,444,427,445,-1,399,398,427,-1,427,398,397,-1,427,397,445,-1,445,397,396,-1,445,396,395,-1,421,442,446,-1,446,442,443,-1,446,443,447,-1,447,443,444,-1,447,444,448,-1,448,444,445,-1,448,445,449,-1,449,445,395,-1,401,402,450,-1,450,402,403,-1,403,421,450,-1,450,421,446,-1,450,446,451,-1,451,446,447,-1,451,447,452,-1,452,447,448,-1,452,448,453,-1,453,448,449,-1,453,449,454,-1,404,405,421,-1,421,405,422,-1,421,422,442,-1,442,422,424,-1,442,424,426,-1,426,424,122,-1,401,428,400,-1,400,428,430,-1,400,430,131,-1,395,394,449,-1,449,394,393,-1,449,393,454,-1,454,393,392,-1,454,392,391,-1,401,450,428,-1,428,450,451,-1,428,451,432,-1,432,451,452,-1,432,452,434,-1,434,452,453,-1,434,453,436,-1,436,453,454,-1,436,454,439,-1,439,454,391,-1,439,391,390,-1,16,18,455,-1,455,18,143,-1,455,143,456,-1,132,134,457,-1,132,457,420,-1,420,457,458,-1,420,458,419,-1,419,458,459,-1,419,459,418,-1,418,459,460,-1,418,460,417,-1,417,460,461,-1,417,461,416,-1,416,461,411,-1,411,461,462,-1,411,462,412,-1,412,462,463,-1,412,463,413,-1,463,464,413,-1,413,464,465,-1,413,465,414,-1,414,465,466,-1,414,466,415,-1,415,466,456,-1,415,456,410,-1,410,456,143,-1,16,467,14,-1,14,467,89,-1,467,468,89,-1,89,468,469,-1,89,469,90,-1,469,470,90,-1,90,470,471,-1,90,471,87,-1,87,471,472,-1,87,472,88,-1,472,473,88,-1,88,473,474,-1,88,474,93,-1,474,475,93,-1,93,475,476,-1,93,476,92,-1,92,476,477,-1,92,477,117,-1,478,479,430,-1,430,479,480,-1,430,480,131,-1,131,480,481,-1,131,481,133,-1,430,429,478,-1,478,429,431,-1,478,431,482,-1,431,433,482,-1,482,433,435,-1,482,435,483,-1,483,435,437,-1,483,437,484,-1,484,437,438,-1,484,438,485,-1,485,438,440,-1,485,440,486,-1,486,440,441,-1,486,441,487,-1,487,441,488,-1,488,441,137,-1,488,137,136,-1,455,467,16,-1,134,489,490,-1,491,458,490,-1,490,458,457,-1,490,457,134,-1,492,461,493,-1,493,461,460,-1,493,460,491,-1,491,460,459,-1,491,459,458,-1,464,463,492,-1,492,463,462,-1,492,462,461,-1,467,455,468,-1,468,455,456,-1,468,456,469,-1,456,466,469,-1,469,466,465,-1,469,465,470,-1,470,465,464,-1,470,464,471,-1,471,464,492,-1,471,492,472,-1,472,492,493,-1,472,493,473,-1,473,493,474,-1,474,493,491,-1,474,491,475,-1,475,491,476,-1,476,491,490,-1,476,490,477,-1,477,490,489,-1,477,489,117,-1,136,5,3,-1,136,3,488,-1,488,3,494,-1,488,494,487,-1,487,494,495,-1,487,495,486,-1,495,496,486,-1,486,496,497,-1,486,497,485,-1,485,497,498,-1,485,498,484,-1,484,498,499,-1,484,499,483,-1,483,499,500,-1,483,500,482,-1,482,500,501,-1,482,501,478,-1,478,501,502,-1,478,502,479,-1,479,502,480,-1,480,502,503,-1,480,503,481,-1,503,504,481,-1,481,504,135,-1,481,135,133,-1,116,117,505,-1,505,117,489,-1,505,489,135,-1,135,489,134,-1,497,506,498,-1,3,507,494,-1,494,507,495,-1,495,507,496,-1,496,507,508,-1,496,508,497,-1,498,506,499,-1,499,506,509,-1,499,509,500,-1,500,509,501,-1,501,509,510,-1,501,510,502,-1,502,510,511,-1,502,511,503,-1,503,511,504,-1,504,511,505,-1,504,505,135,-1,497,508,506,-1,506,508,512,-1,506,512,509,-1,509,512,513,-1,509,513,510,-1,510,513,514,-1,510,514,511,-1,511,514,116,-1,511,116,505,-1,75,116,514,-1,75,514,83,-1,83,514,513,-1,83,513,77,-1,77,513,512,-1,77,512,78,-1,78,512,508,-1,78,508,79,-1,79,508,507,-1,79,507,76,-1,76,507,3,-1,76,3,6,-1,144,10,12,-1,144,12,515,-1,515,12,100,-1,515,100,516,-1,516,100,99,-1,516,99,517,-1,517,99,518,-1,518,99,97,-1,518,97,519,-1,519,97,520,-1,520,97,96,-1,520,96,521,-1,521,96,522,-1,522,96,95,-1,522,95,523,-1,21,22,95,-1,95,22,149,-1,95,149,523,-1,523,149,34,-1,523,34,522,-1,34,55,522,-1,522,55,54,-1,522,54,521,-1,521,54,520,-1,54,58,520,-1,520,58,69,-1,520,69,519,-1,519,69,71,-1,519,71,518,-1,71,70,518,-1,518,70,57,-1,518,57,517,-1,517,57,56,-1,517,56,516,-1,516,56,53,-1,516,53,515,-1,515,53,45,-1,515,45,144,-1,150,24,26,-1,150,26,524,-1,524,26,91,-1,524,91,525,-1,525,91,82,-1,525,82,526,-1,526,82,527,-1,527,82,81,-1,527,81,528,-1,528,81,529,-1,529,81,80,-1,529,80,530,-1,530,80,531,-1,531,80,74,-1,531,74,532,-1,7,8,74,-1,74,8,147,-1,74,147,532,-1,60,39,527,-1,527,39,526,-1,526,39,32,-1,526,32,525,-1,525,32,31,-1,525,31,524,-1,524,31,44,-1,524,44,150,-1,60,527,61,-1,61,527,528,-1,61,528,59,-1,59,528,529,-1,59,529,37,-1,531,43,38,-1,37,529,38,-1,38,529,530,-1,38,530,531,-1,43,531,33,-1,33,531,532,-1,33,532,147,-1,148,23,15,-1,148,15,533,-1,533,15,72,-1,533,72,534,-1,534,72,73,-1,534,73,535,-1,535,73,536,-1,536,73,86,-1,536,86,537,-1,537,86,538,-1,538,86,85,-1,538,85,539,-1,539,85,540,-1,540,85,84,-1,540,84,541,-1,27,25,84,-1,84,25,151,-1,84,151,541,-1,541,151,36,-1,541,36,540,-1,36,49,540,-1,540,49,48,-1,540,48,539,-1,539,48,538,-1,48,52,538,-1,538,52,66,-1,538,66,537,-1,537,66,68,-1,537,68,536,-1,68,67,536,-1,536,67,51,-1,536,51,535,-1,535,51,50,-1,535,50,534,-1,534,50,47,-1,534,47,533,-1,533,47,35,-1,533,35,148,-1,146,9,1,-1,146,1,542,-1,542,1,94,-1,542,94,543,-1,543,94,98,-1,543,98,544,-1,544,98,545,-1,545,98,103,-1,545,103,546,-1,546,103,547,-1,547,103,102,-1,547,102,548,-1,548,102,549,-1,549,102,101,-1,549,101,550,-1,13,11,101,-1,101,11,145,-1,101,145,550,-1,63,62,545,-1,545,62,544,-1,544,62,42,-1,544,42,543,-1,543,42,46,-1,543,46,542,-1,542,46,30,-1,542,30,146,-1,63,545,65,-1,65,545,546,-1,65,546,64,-1,64,546,547,-1,64,547,40,-1,549,28,41,-1,40,547,41,-1,41,547,548,-1,41,548,549,-1,28,549,29,-1,29,549,550,-1,29,550,145,-1,551,552,553,-1,553,552,554,-1,553,554,555,-1,555,554,556,-1,557,554,558,-1,558,554,552,-1,558,552,559,-1,559,552,560,-1,561,562,563,-1,563,562,564,-1,565,566,567,-1,567,566,568,-1,567,568,569,-1,569,568,570,-1,571,568,572,-1,572,568,566,-1,572,566,573,-1,573,566,574,-1,575,576,577,-1,577,576,578,-1,579,580,581,-1,582,583,584,-1,585,586,587,-1,581,588,589,-1,587,586,580,-1,580,586,590,-1,580,590,581,-1,579,581,591,-1,591,581,589,-1,591,589,584,-1,584,589,592,-1,584,592,582,-1,593,594,588,-1,588,594,595,-1,588,595,589,-1,596,597,583,-1,583,597,598,-1,583,598,584,-1,596,599,597,-1,597,599,600,-1,597,600,601,-1,602,603,592,-1,592,603,604,-1,592,604,582,-1,602,605,603,-1,603,605,606,-1,603,606,607,-1,585,587,608,-1,608,587,609,-1,608,609,610,-1,593,611,594,-1,594,611,612,-1,594,612,613,-1,613,612,614,-1,613,614,615,-1,615,614,616,-1,601,600,617,-1,617,600,618,-1,617,618,619,-1,607,606,620,-1,620,606,621,-1,620,621,622,-1,623,624,565,-1,565,624,625,-1,565,625,566,-1,557,558,626,-1,627,628,629,-1,629,628,630,-1,629,630,631,-1,632,565,633,-1,633,565,634,-1,635,636,637,-1,637,636,638,-1,637,638,639,-1,639,638,557,-1,639,557,629,-1,629,557,626,-1,629,626,627,-1,640,578,632,-1,632,578,641,-1,632,641,565,-1,565,641,642,-1,565,642,623,-1,631,643,629,-1,629,643,577,-1,629,577,644,-1,644,577,578,-1,644,578,645,-1,645,578,640,-1,646,647,551,-1,647,648,551,-1,551,648,649,-1,551,649,552,-1,572,650,571,-1,571,650,651,-1,571,651,652,-1,653,654,655,-1,650,656,651,-1,651,656,657,-1,651,657,658,-1,652,651,655,-1,655,651,659,-1,655,659,653,-1,658,660,651,-1,651,660,563,-1,651,563,661,-1,661,563,564,-1,661,564,662,-1,663,664,665,-1,665,664,551,-1,646,551,666,-1,666,551,664,-1,666,664,564,-1,564,664,667,-1,564,667,662,-1,629,644,668,-1,668,644,669,-1,670,671,661,-1,661,671,651,-1,672,673,674,-1,674,673,675,-1,676,677,678,-1,678,677,679,-1,678,679,680,-1,680,679,681,-1,682,683,684,-1,684,683,685,-1,684,685,686,-1,686,685,687,-1,688,689,556,-1,556,689,690,-1,556,690,555,-1,555,690,691,-1,570,692,693,-1,570,693,569,-1,569,693,694,-1,569,694,695,-1,561,696,592,-1,561,592,562,-1,562,592,589,-1,562,589,697,-1,560,698,588,-1,560,588,559,-1,559,588,581,-1,559,581,699,-1,574,700,583,-1,574,583,573,-1,573,583,582,-1,573,582,701,-1,575,702,591,-1,575,591,576,-1,576,591,584,-1,576,584,703,-1,671,704,651,-1,651,704,659,-1,704,705,659,-1,659,705,706,-1,659,706,653,-1,706,707,653,-1,653,707,708,-1,653,708,654,-1,654,708,709,-1,654,709,655,-1,709,710,655,-1,655,710,711,-1,655,711,652,-1,711,712,652,-1,652,712,713,-1,652,713,571,-1,571,713,714,-1,571,714,568,-1,671,715,716,-1,568,714,717,-1,717,714,718,-1,718,714,713,-1,718,713,719,-1,719,713,712,-1,719,712,720,-1,721,722,723,-1,723,722,724,-1,723,724,725,-1,725,724,726,-1,725,726,727,-1,728,729,730,-1,730,729,716,-1,730,716,731,-1,731,716,715,-1,731,715,681,-1,707,706,729,-1,729,706,705,-1,729,705,716,-1,716,705,704,-1,716,704,671,-1,708,707,723,-1,723,707,729,-1,723,729,721,-1,721,729,728,-1,720,712,727,-1,727,712,711,-1,727,711,725,-1,725,711,710,-1,725,710,723,-1,723,710,709,-1,723,709,708,-1,553,732,551,-1,551,732,665,-1,732,733,665,-1,665,733,734,-1,665,734,663,-1,734,735,663,-1,663,735,736,-1,663,736,664,-1,664,736,737,-1,664,737,667,-1,737,738,667,-1,667,738,739,-1,667,739,662,-1,739,740,662,-1,662,740,741,-1,662,741,661,-1,661,741,742,-1,661,742,670,-1,671,670,715,-1,715,670,743,-1,715,743,681,-1,681,743,680,-1,570,568,692,-1,692,568,717,-1,692,717,744,-1,744,717,718,-1,744,718,745,-1,745,718,719,-1,745,719,746,-1,746,719,747,-1,719,720,747,-1,747,720,727,-1,747,727,748,-1,748,727,726,-1,748,726,749,-1,749,726,724,-1,749,724,750,-1,750,724,722,-1,750,722,751,-1,751,722,721,-1,751,721,752,-1,752,721,753,-1,753,721,728,-1,753,728,754,-1,754,728,730,-1,754,730,679,-1,679,730,731,-1,679,731,681,-1,755,732,553,-1,756,757,758,-1,758,757,680,-1,758,680,743,-1,759,760,761,-1,761,760,762,-1,761,762,763,-1,763,762,764,-1,763,764,765,-1,732,755,733,-1,733,755,766,-1,733,766,734,-1,766,767,734,-1,734,767,768,-1,734,768,735,-1,735,768,759,-1,735,759,736,-1,736,759,761,-1,736,761,737,-1,737,761,763,-1,737,763,738,-1,769,740,739,-1,756,758,765,-1,765,758,769,-1,765,769,763,-1,763,769,739,-1,763,739,738,-1,740,769,741,-1,741,769,758,-1,741,758,742,-1,742,758,743,-1,742,743,670,-1,751,752,770,-1,770,752,753,-1,770,753,677,-1,677,753,754,-1,677,754,679,-1,770,771,751,-1,751,771,772,-1,751,772,750,-1,772,773,750,-1,750,773,774,-1,750,774,749,-1,749,774,775,-1,749,775,748,-1,748,775,776,-1,748,776,747,-1,747,776,777,-1,747,777,746,-1,746,777,778,-1,746,778,745,-1,745,778,744,-1,744,778,693,-1,744,693,692,-1,678,680,779,-1,779,680,757,-1,779,757,780,-1,780,757,756,-1,780,756,781,-1,781,756,782,-1,782,756,765,-1,782,765,783,-1,783,765,764,-1,783,764,784,-1,784,764,762,-1,784,762,785,-1,785,762,760,-1,785,760,786,-1,760,759,786,-1,786,759,768,-1,786,768,787,-1,787,768,767,-1,787,767,788,-1,788,767,766,-1,788,766,691,-1,691,766,555,-1,555,766,755,-1,555,755,553,-1,789,790,791,-1,792,793,794,-1,673,795,796,-1,797,795,673,-1,794,793,673,-1,798,673,793,-1,799,771,770,-1,771,799,772,-1,772,799,800,-1,772,800,773,-1,773,800,801,-1,773,801,774,-1,774,801,802,-1,774,802,775,-1,775,802,776,-1,776,802,803,-1,776,803,777,-1,777,803,778,-1,778,803,804,-1,778,804,693,-1,805,797,673,-1,806,807,792,-1,792,807,808,-1,792,808,793,-1,793,808,809,-1,793,809,798,-1,810,796,811,-1,811,796,795,-1,811,795,812,-1,812,795,797,-1,812,797,813,-1,805,814,797,-1,797,814,815,-1,797,815,813,-1,813,815,816,-1,813,816,817,-1,791,810,818,-1,818,810,811,-1,818,811,819,-1,819,811,812,-1,819,812,820,-1,820,812,813,-1,820,813,821,-1,821,813,817,-1,822,823,824,-1,824,823,789,-1,789,791,824,-1,824,791,818,-1,824,818,825,-1,825,818,819,-1,825,819,826,-1,826,819,820,-1,826,820,827,-1,827,820,821,-1,827,821,828,-1,790,806,791,-1,791,806,792,-1,791,792,810,-1,810,792,794,-1,810,794,796,-1,796,794,673,-1,822,799,829,-1,829,799,770,-1,829,770,677,-1,817,830,821,-1,821,830,831,-1,821,831,828,-1,828,831,832,-1,828,832,833,-1,822,824,799,-1,799,824,825,-1,799,825,800,-1,800,825,826,-1,800,826,801,-1,801,826,827,-1,801,827,802,-1,802,827,828,-1,802,828,803,-1,803,828,833,-1,803,833,804,-1,691,690,788,-1,788,690,834,-1,785,786,834,-1,834,786,787,-1,834,787,788,-1,834,835,785,-1,785,835,836,-1,785,836,784,-1,784,836,837,-1,784,837,783,-1,783,837,838,-1,783,838,782,-1,782,838,839,-1,782,839,781,-1,781,839,840,-1,781,840,780,-1,780,840,841,-1,780,841,779,-1,841,842,779,-1,779,842,676,-1,779,676,678,-1,677,676,829,-1,829,676,843,-1,829,843,822,-1,822,843,844,-1,822,844,823,-1,823,844,845,-1,823,845,789,-1,789,845,846,-1,789,846,790,-1,790,846,847,-1,790,847,806,-1,806,847,848,-1,806,848,807,-1,807,848,849,-1,807,849,808,-1,808,849,850,-1,808,850,809,-1,809,850,851,-1,809,851,798,-1,851,852,798,-1,798,852,675,-1,798,675,673,-1,673,672,853,-1,694,693,854,-1,854,693,804,-1,854,804,855,-1,855,804,833,-1,855,833,856,-1,856,833,832,-1,856,832,857,-1,857,832,831,-1,857,831,858,-1,858,831,830,-1,858,830,859,-1,859,830,817,-1,859,817,860,-1,860,817,816,-1,860,816,861,-1,861,816,815,-1,861,815,862,-1,862,815,814,-1,862,814,853,-1,853,814,805,-1,853,805,673,-1,863,864,865,-1,866,867,868,-1,675,869,870,-1,871,869,675,-1,868,867,675,-1,872,675,867,-1,873,835,834,-1,835,873,836,-1,836,873,874,-1,836,874,837,-1,837,874,875,-1,837,875,838,-1,838,875,876,-1,838,876,839,-1,839,876,840,-1,840,876,877,-1,840,877,841,-1,841,877,842,-1,842,877,843,-1,842,843,676,-1,852,871,675,-1,878,879,866,-1,866,879,880,-1,866,880,867,-1,867,880,881,-1,867,881,872,-1,882,870,883,-1,883,870,869,-1,883,869,884,-1,884,869,871,-1,884,871,885,-1,852,851,871,-1,871,851,850,-1,871,850,885,-1,885,850,849,-1,885,849,848,-1,865,882,886,-1,886,882,883,-1,886,883,887,-1,887,883,884,-1,887,884,888,-1,888,884,885,-1,888,885,889,-1,889,885,848,-1,890,891,892,-1,892,891,863,-1,863,865,892,-1,892,865,886,-1,892,886,893,-1,893,886,887,-1,893,887,894,-1,894,887,888,-1,894,888,895,-1,895,888,889,-1,895,889,896,-1,864,878,865,-1,865,878,866,-1,865,866,882,-1,882,866,868,-1,882,868,870,-1,870,868,675,-1,890,873,897,-1,897,873,834,-1,897,834,690,-1,848,847,889,-1,889,847,846,-1,889,846,896,-1,896,846,845,-1,896,845,844,-1,890,892,873,-1,873,892,893,-1,873,893,874,-1,874,893,894,-1,874,894,875,-1,875,894,895,-1,875,895,876,-1,876,895,896,-1,876,896,877,-1,877,896,844,-1,877,844,843,-1,857,858,898,-1,899,900,901,-1,672,902,903,-1,904,902,672,-1,901,900,672,-1,853,672,900,-1,905,906,907,-1,906,905,908,-1,908,905,909,-1,908,909,910,-1,910,909,911,-1,910,911,912,-1,912,911,913,-1,912,913,914,-1,914,913,915,-1,915,913,916,-1,915,916,917,-1,917,916,918,-1,918,916,919,-1,918,919,682,-1,920,904,672,-1,859,860,899,-1,899,860,861,-1,899,861,900,-1,900,861,862,-1,900,862,853,-1,921,903,922,-1,922,903,902,-1,922,902,923,-1,923,902,904,-1,923,904,924,-1,920,925,904,-1,904,925,926,-1,904,926,924,-1,924,926,927,-1,924,927,928,-1,898,921,929,-1,929,921,922,-1,929,922,930,-1,930,922,923,-1,930,923,931,-1,931,923,924,-1,931,924,932,-1,932,924,928,-1,855,856,933,-1,933,856,857,-1,857,898,933,-1,933,898,929,-1,933,929,934,-1,934,929,930,-1,934,930,935,-1,935,930,931,-1,935,931,936,-1,936,931,932,-1,936,932,937,-1,858,859,898,-1,898,859,899,-1,898,899,921,-1,921,899,901,-1,921,901,903,-1,903,901,672,-1,855,905,854,-1,854,905,907,-1,854,907,694,-1,928,938,932,-1,932,938,939,-1,932,939,937,-1,937,939,940,-1,937,940,941,-1,855,933,905,-1,905,933,934,-1,905,934,909,-1,909,934,935,-1,909,935,911,-1,911,935,936,-1,911,936,913,-1,913,936,937,-1,913,937,916,-1,916,937,941,-1,916,941,919,-1,674,675,872,-1,690,689,897,-1,897,689,942,-1,897,942,890,-1,890,942,943,-1,890,943,891,-1,891,943,944,-1,891,944,863,-1,863,944,945,-1,863,945,864,-1,864,945,946,-1,864,946,878,-1,878,946,947,-1,878,947,879,-1,879,947,948,-1,879,948,880,-1,880,948,949,-1,880,949,881,-1,881,949,950,-1,881,950,872,-1,872,950,951,-1,872,951,674,-1,683,682,952,-1,952,682,919,-1,952,919,953,-1,953,919,941,-1,953,941,954,-1,954,941,940,-1,954,940,955,-1,955,940,939,-1,955,939,956,-1,956,939,938,-1,956,938,957,-1,957,938,928,-1,957,928,958,-1,958,928,927,-1,958,927,959,-1,959,927,926,-1,959,926,960,-1,960,926,925,-1,960,925,961,-1,925,920,961,-1,961,920,672,-1,961,672,674,-1,695,694,962,-1,962,694,907,-1,963,964,908,-1,908,964,965,-1,908,965,906,-1,906,965,966,-1,906,966,907,-1,907,966,967,-1,907,967,962,-1,908,910,963,-1,963,910,912,-1,963,912,968,-1,968,912,914,-1,968,914,969,-1,969,914,915,-1,969,915,970,-1,970,915,917,-1,970,917,971,-1,971,917,918,-1,971,918,972,-1,972,918,682,-1,972,682,684,-1,955,956,973,-1,974,975,976,-1,674,977,978,-1,979,977,674,-1,976,975,674,-1,961,674,975,-1,980,981,982,-1,981,980,983,-1,983,980,984,-1,983,984,985,-1,985,984,986,-1,985,986,987,-1,987,986,988,-1,987,988,989,-1,989,988,990,-1,990,988,991,-1,990,991,992,-1,992,991,993,-1,993,991,942,-1,993,942,689,-1,951,979,674,-1,957,958,974,-1,974,958,959,-1,974,959,975,-1,975,959,960,-1,975,960,961,-1,994,978,995,-1,995,978,977,-1,995,977,996,-1,996,977,979,-1,996,979,997,-1,951,950,979,-1,979,950,949,-1,979,949,997,-1,997,949,948,-1,997,948,947,-1,973,994,998,-1,998,994,995,-1,998,995,999,-1,999,995,996,-1,999,996,1000,-1,1000,996,997,-1,1000,997,1001,-1,1001,997,947,-1,953,954,1002,-1,1002,954,955,-1,955,973,1002,-1,1002,973,998,-1,1002,998,1003,-1,1003,998,999,-1,1003,999,1004,-1,1004,999,1000,-1,1004,1000,1005,-1,1005,1000,1001,-1,1005,1001,1006,-1,956,957,973,-1,973,957,974,-1,973,974,994,-1,994,974,976,-1,994,976,978,-1,978,976,674,-1,953,980,952,-1,952,980,982,-1,952,982,683,-1,947,946,1001,-1,1001,946,945,-1,1001,945,1006,-1,1006,945,944,-1,1006,944,943,-1,953,1002,980,-1,980,1002,1003,-1,980,1003,984,-1,984,1003,1004,-1,984,1004,986,-1,986,1004,1005,-1,986,1005,988,-1,988,1005,1006,-1,988,1006,991,-1,991,1006,943,-1,991,943,942,-1,567,569,1007,-1,1007,569,695,-1,1007,695,1008,-1,684,686,1009,-1,684,1009,972,-1,972,1009,1010,-1,972,1010,971,-1,971,1010,1011,-1,971,1011,970,-1,970,1011,1012,-1,970,1012,969,-1,969,1012,1013,-1,969,1013,968,-1,968,1013,963,-1,963,1013,1014,-1,963,1014,964,-1,964,1014,1015,-1,964,1015,965,-1,1015,1016,965,-1,965,1016,1017,-1,965,1017,966,-1,966,1017,1018,-1,966,1018,967,-1,967,1018,1008,-1,967,1008,962,-1,962,1008,695,-1,567,1019,565,-1,565,1019,634,-1,1019,1020,634,-1,634,1020,1021,-1,634,1021,633,-1,1021,1022,633,-1,633,1022,1023,-1,633,1023,632,-1,632,1023,1024,-1,632,1024,640,-1,1024,1025,640,-1,640,1025,1026,-1,640,1026,645,-1,1026,1027,645,-1,645,1027,1028,-1,645,1028,644,-1,644,1028,1029,-1,644,1029,669,-1,683,982,685,-1,685,982,1030,-1,1030,982,1031,-1,1031,982,981,-1,1031,981,1032,-1,1032,981,983,-1,1032,983,1033,-1,1033,983,985,-1,1033,985,1034,-1,1034,985,987,-1,1034,987,1035,-1,1035,987,989,-1,1035,989,1036,-1,989,990,1036,-1,1036,990,992,-1,1036,992,1037,-1,1037,992,993,-1,1037,993,1038,-1,1038,993,1039,-1,1039,993,689,-1,1039,689,688,-1,1007,1019,567,-1,686,1040,1041,-1,1042,1010,1041,-1,1041,1010,1009,-1,1041,1009,686,-1,1043,1013,1044,-1,1044,1013,1012,-1,1044,1012,1042,-1,1042,1012,1011,-1,1042,1011,1010,-1,1016,1015,1043,-1,1043,1015,1014,-1,1043,1014,1013,-1,1019,1007,1020,-1,1020,1007,1008,-1,1020,1008,1021,-1,1008,1018,1021,-1,1021,1018,1017,-1,1021,1017,1022,-1,1022,1017,1016,-1,1022,1016,1023,-1,1023,1016,1043,-1,1023,1043,1024,-1,1024,1043,1044,-1,1024,1044,1025,-1,1025,1044,1026,-1,1026,1044,1042,-1,1026,1042,1027,-1,1027,1042,1028,-1,1028,1042,1041,-1,1028,1041,1029,-1,1029,1041,1040,-1,1029,1040,669,-1,688,556,554,-1,688,554,1039,-1,1039,554,1045,-1,1039,1045,1038,-1,1038,1045,1046,-1,1038,1046,1037,-1,1037,1046,1047,-1,1037,1047,1036,-1,1036,1047,1048,-1,1036,1048,1035,-1,1048,1049,1035,-1,1035,1049,1050,-1,1035,1050,1034,-1,1034,1050,1033,-1,1050,1051,1033,-1,1033,1051,1052,-1,1033,1052,1032,-1,1032,1052,1053,-1,1032,1053,1031,-1,1031,1053,1030,-1,1030,1053,685,-1,685,1053,1054,-1,685,1054,687,-1,668,669,1055,-1,1055,669,1040,-1,1055,1040,687,-1,687,1040,686,-1,1048,1056,1049,-1,554,1057,1045,-1,1045,1057,1046,-1,1046,1057,1047,-1,1047,1057,1058,-1,1047,1058,1048,-1,1049,1056,1050,-1,1050,1056,1059,-1,1050,1059,1051,-1,1051,1059,1060,-1,1051,1060,1052,-1,1052,1060,1053,-1,1053,1060,1061,-1,1053,1061,1054,-1,1054,1061,1055,-1,1054,1055,687,-1,1048,1058,1056,-1,1056,1058,1062,-1,1056,1062,1059,-1,1059,1062,1063,-1,1059,1063,1060,-1,1060,1063,1064,-1,1060,1064,1061,-1,1061,1064,668,-1,1061,668,1055,-1,629,668,1064,-1,629,1064,639,-1,639,1064,1063,-1,639,1063,637,-1,637,1063,1062,-1,637,1062,635,-1,635,1062,1058,-1,635,1058,636,-1,636,1058,1057,-1,636,1057,638,-1,638,1057,554,-1,638,554,557,-1,696,561,563,-1,696,563,1065,-1,1065,563,660,-1,1065,660,1066,-1,1066,660,658,-1,1066,658,1067,-1,1067,658,1068,-1,1068,658,657,-1,1068,657,1069,-1,1069,657,1070,-1,1070,657,656,-1,1070,656,1071,-1,1071,656,1072,-1,1072,656,650,-1,1072,650,1073,-1,572,573,650,-1,650,573,701,-1,650,701,1073,-1,1073,701,582,-1,1073,582,1072,-1,582,604,1072,-1,1072,604,603,-1,1072,603,1071,-1,1071,603,1070,-1,603,607,1070,-1,1070,607,620,-1,1070,620,1069,-1,1069,620,622,-1,1069,622,1068,-1,622,621,1068,-1,1068,621,606,-1,1068,606,1067,-1,1067,606,605,-1,1067,605,1066,-1,1066,605,602,-1,1066,602,1065,-1,1065,602,592,-1,1065,592,696,-1,702,575,577,-1,702,577,1074,-1,1074,577,643,-1,1074,643,1075,-1,1075,643,631,-1,1075,631,1076,-1,1076,631,1077,-1,1077,631,630,-1,1077,630,1078,-1,1078,630,1079,-1,1079,630,628,-1,1079,628,1080,-1,1080,628,1081,-1,1081,628,627,-1,1081,627,1082,-1,1082,627,1083,-1,1083,627,626,-1,1083,626,1084,-1,558,559,626,-1,626,559,699,-1,626,699,1084,-1,591,702,1074,-1,591,1074,579,-1,579,1074,1075,-1,579,1075,580,-1,580,1075,1076,-1,580,1076,587,-1,587,1076,1077,-1,587,1077,609,-1,609,1077,1078,-1,609,1078,610,-1,1078,1079,610,-1,610,1079,1080,-1,610,1080,608,-1,608,1080,1081,-1,608,1081,585,-1,1083,590,586,-1,585,1081,586,-1,586,1081,1082,-1,586,1082,1083,-1,590,1083,581,-1,581,1083,1084,-1,581,1084,699,-1,700,574,566,-1,700,566,1085,-1,1085,566,625,-1,1085,625,1086,-1,1086,625,624,-1,1086,624,1087,-1,1087,624,1088,-1,1088,624,623,-1,1088,623,1089,-1,1089,623,1090,-1,1090,623,642,-1,1090,642,1091,-1,1091,642,1092,-1,1092,642,641,-1,1092,641,1093,-1,578,576,641,-1,641,576,703,-1,641,703,1093,-1,1093,703,584,-1,1093,584,1092,-1,584,598,1092,-1,1092,598,597,-1,1092,597,1091,-1,1091,597,1090,-1,597,601,1090,-1,1090,601,617,-1,1090,617,1089,-1,1089,617,619,-1,1089,619,1088,-1,619,618,1088,-1,1088,618,600,-1,1088,600,1087,-1,1087,600,599,-1,1087,599,1086,-1,1086,599,596,-1,1086,596,1085,-1,1085,596,583,-1,1085,583,700,-1,698,560,552,-1,698,552,1094,-1,1094,552,649,-1,1094,649,1095,-1,1095,649,648,-1,1095,648,1096,-1,1096,648,1097,-1,1097,648,647,-1,1097,647,1098,-1,1098,647,1099,-1,1099,647,646,-1,1099,646,1100,-1,1100,646,1101,-1,1101,646,666,-1,1101,666,1102,-1,564,562,666,-1,666,562,697,-1,666,697,1102,-1,614,612,1097,-1,1097,612,1096,-1,1096,612,611,-1,1096,611,1095,-1,1095,611,593,-1,1095,593,1094,-1,1094,593,588,-1,1094,588,698,-1,614,1097,616,-1,616,1097,1098,-1,616,1098,615,-1,615,1098,1099,-1,615,1099,613,-1,1101,595,594,-1,613,1099,594,-1,594,1099,1100,-1,594,1100,1101,-1,595,1101,589,-1,589,1101,1102,-1,589,1102,697,-1,
        ]
    }
}
Shape{
    appearance Appearance {
        material  Material 	{
            diffuseColor 1.0 1.0 1.0
            specularColor 0.30196078431372547 0.30196078431372547 0.30196078431372547
            ambientIntensity 1.0
            transparency 0.0
            shininess 0.5
        }
    }
    geometry IndexedFaceSet {
        ccw TRUE
        solid FALSE
        coord DEF co Coordinate {
            point [
                -0.096 -0.3361 0.3543, -0.1076 -0.3374 0.3543, -0.0704 -0.4248 0.3543, -0.0683 -0.4236 0.3543, -0.0683 -0.4366 0.3543, -0.0568 -0.4434 0.3543, -0.0568 0.2952 0.3543, -0.6004 0.2952 0.3543, -0.6004 -0.0197 0.3543, -0.0816 -0.338 0.3543, -0.0683 -0.3437 0.3543, -0.0683 -0.3278 0.3543, -0.1499 -0.3557 0.3543, -0.143 -0.3447 0.3543, -0.2109 -0.3246 0.3543, -0.2268 -0.3246 0.3543, -0.2268 -0.4427 0.3543, -0.1164 -0.3406 0.3543, -0.1246 -0.3461 0.3543, -0.1318 -0.354 0.3543, -0.1403 -0.3849 0.3543, -0.1391 -0.3977 0.3543, -0.1359 -0.4079 0.3543, -0.1096 -0.4299 0.3543, -0.0986 -0.4312 0.3543, -0.1183 -0.4268 0.3543, -0.1255 -0.4219 0.3543, -0.131 -0.416 0.3543, -0.083 -0.4294 0.3543, -0.1078 -0.4434 0.3543, -0.1663 -0.4427 0.3543, -0.1154 -0.4426 0.3543, -0.1268 -0.4387 0.3543, -0.1366 -0.3631 0.3543, -0.1398 -0.3757 0.3543, -0.1363 -0.4326 0.3543, -0.1452 -0.4233 0.3543, -0.1663 -0.4297 0.3543, -0.1515 -0.4121 0.3543, -0.2109 -0.4297 0.3543, -0.1324 -0.3344 0.3543, -0.1211 -0.328 0.3543, -0.108 -0.3241 0.3543, -0.155 -0.3996 0.3543, -0.1562 -0.3859 0.3543, -0.1545 -0.3691 0.3543, -0.0961 -0.3232 0.3543, -0.082 -0.3241 0.3543, -0.0809 -0.4418 0.3543, -0.0928 -0.4434 0.3543, -0.0568 -0.6497 0.3543, -0.0976 -0.4441 0.3543, -0.1008 -0.4441 0.3543, -0.7185 -0.0197 0.3543, -0.7185 -0.3347 0.3543, -0.6004 -0.3347 0.3543, -0.6004 -0.4434 0.3543, -0.6004 -0.6497 0.3543, -0.0453 -0.4427 0.3543, -0.0453 -0.3246 0.3543, 0.1449 -0.4427 0.3543, 0.1303 -0.4103 0.3543, 0.1235 -0.4209 0.3543, 0.0152 -0.3376 0.3543, -0.0294 -0.3376 0.3543, -0.0294 -0.3765 0.3543, 0.6004 0.2952 0.3543, 0.0152 -0.3246 0.3543, 0.0412 -0.3246 0.3543, 0.0123 -0.3765 0.3543, 0.0412 -0.4427 0.3543, 0.0123 -0.3894 0.3543, 0.1138 -0.4302 0.3543, 0.1015 -0.4374 0.3543, 0.0879 -0.4414 0.3543, -0.0294 -0.3894 0.3543, -0.0294 -0.4297 0.3543, 0.0181 -0.4297 0.3543, 0.0181 -0.4427 0.3543, 0.7185 -0.3347 0.3543, 0.7185 -0.0197 0.3543, 0.6004 -0.3347 0.3543, 0.6004 -0.0197 0.3543, 0.0745 -0.3246 0.3543, 0.0915 -0.3264 0.3543, 0.2514 -0.4427 0.3543, 0.2342 -0.4427 0.3543, 0.6004 -0.4434 0.3543, 0.2054 -0.3246 0.3543, 0.1895 -0.3246 0.3543, 0.1267 -0.3493 0.3543, 0.1322 -0.3594 0.3543, 0.1354 -0.3711 0.3543, 0.1362 -0.3822 0.3543, 0.1346 -0.398 0.3543, 0.0733 -0.4427 0.3543, 0.1054 -0.3313 0.3543, 0.1182 -0.3399 0.3543, 0.1183 -0.34 0.3543, 0.2222 -0.4096 0.3543, 0.1734 -0.4096 0.3543, 0.1621 -0.4427 0.3543, 0.6004 -0.6497 0.3543, -0.6713 0.4527 1.0069, -0.6326 0.4527 0.9923, -0.8288 0.4527 0.9923, -0.3248 0.4527 0.1181, -0.3248 0.4527 -0.0394, -0.3357 0.4527 -0.0394, 0.6295 0.4527 0.8264, 0.6295 0.4527 0.8658, 0.8287 0.4527 0.9923, 0.5858 0.4527 0.8919, 0.5518 0.4527 0.9202, 0.533 0.4527 0.9412, -0.3357 0.4527 0.9923, -0.1969 0.4527 0.9923, -0.1969 0.4527 0.5906, 0.8287 0.4527 -0.0394, 0.6366 0.4527 0.6262, 0.6366 0.4527 0.6554, 0.5832 0.4527 0.8564, 0.5425 0.4527 0.6554, 0.5425 0.4527 0.8936, -0.1674 0.4527 0.1181, 0.1968 0.4527 0.5906, 0.3248 0.4527 -0.0394, 0.3248 0.4527 0.1181, 0.4164 0.4527 0.6262, 0.1673 0.4527 0.1181, 0.1673 0.4527 -0.0394, -0.1674 0.4527 -0.0394, 0.4164 0.4527 0.6554, 0.1968 0.4527 0.9923, 0.5043 0.4527 0.6554, 0.5043 0.4527 0.9412, 0.8287 0.4527 1.6063, 0.1968 0.4527 1.0433, -0.3357 0.4527 1.6063, -0.1969 0.4527 1.0433, -0.4744 0.4527 0.9581, -0.5667 0.4527 0.9923, -0.4744 0.4527 0.6752, -0.4744 0.4527 0.703, -0.6713 0.4527 0.793, -0.5984 0.4527 0.7495, -0.6713 0.4527 0.7058, -0.5137 0.4527 0.9474, -0.6713 0.4527 0.8894, -0.6713 0.4527 0.8532, -0.4744 0.4527 0.8275, -0.5765 0.4527 0.7644, -0.6713 0.4527 0.8204, -0.4744 0.4527 0.8779, -0.6463 0.4527 0.8779, -0.6463 0.4527 0.879, -0.6096 0.4527 0.6363, -0.6442 0.4527 0.5587, -0.6477 0.4527 0.5642, -0.4744 0.4527 0.8045, -0.5583 0.4527 0.7529, -0.4744 0.4527 0.9415, -0.4744 0.4527 0.6593, -0.4949 0.4527 0.6593, -0.5813 0.4527 0.738, -0.5448 0.4527 0.5628, -0.4949 0.4527 0.6279, -0.4949 0.4527 0.5193, -0.4744 0.4527 0.8532, -0.8288 0.4527 -0.0394, -0.6713 0.4527 0.6831, -0.603 0.4527 0.5458, -0.6155 0.4527 0.5443, -0.6245 0.4527 0.5453, -0.5574 0.4527 0.5793, -0.4744 0.4527 0.5193, -0.6318 0.4527 0.5479, -0.6386 0.4527 0.5525, -0.6368 0.4527 0.6259, -0.6273 0.4527 0.632, -0.6178 0.4527 0.6352, -0.5772 0.4527 0.559, -0.5906 0.4527 0.5504, -0.6531 0.4527 0.6013, -0.6545 0.4527 0.5892, -0.6528 0.4527 0.5762, -0.6496 0.4527 0.6105, -0.6435 0.4527 0.6195, -0.6487 0.4527 0.6452, -0.6591 0.4527 0.6348, -0.672 0.4527 0.5676, -0.666 0.4527 0.5517, -0.6558 0.4527 0.5373, -0.6489 0.4527 0.5311, -0.6407 0.4527 0.5255, -0.6285 0.4527 0.5211, -0.6155 0.4527 0.5196, -0.5989 0.4527 0.5218, -0.5834 0.4527 0.528, -0.5649 0.4527 0.5411, -0.6166 0.4527 0.6593, -0.6354 0.4527 0.6533, -0.6674 0.4527 0.6214, -0.6727 0.4527 0.6053, -0.6744 0.4527 0.5883, -0.6463 0.4527 1.0217, -0.6463 0.4527 1.0229, -0.4744 0.4527 1.0229, -0.4744 0.4527 1.0436, -0.6713 0.4527 1.0436, -0.8288 0.4527 1.6063, -0.3248 -0.3347 0.0, -0.3248 0.2952 0.0, -0.1674 -0.3347 0.0, -0.1674 0.2952 0.0, -0.8288 -0.8071 -0.0394, -0.3248 -0.8071 -0.0394, -0.8288 -0.8071 1.1732, -0.3248 -0.8071 0.1181, 0.8287 -0.8071 1.1732, 0.4507 -0.8071 1.1732, 0.4507 -0.8071 0.9764, -0.1674 -0.8071 -0.0394, 0.1673 -0.8071 -0.0394, -0.1674 -0.8071 0.1181, 0.1673 -0.8071 0.1181, 0.3248 -0.8071 -0.0394, 0.8287 -0.8071 -0.0394, 0.3248 -0.8071 0.1181, -0.4508 -0.8071 1.1732, -0.4508 -0.8071 0.9764, 0.1673 -0.3347 0.0, 0.1673 0.2952 0.0, 0.3248 -0.3347 0.0, 0.3248 0.2952 0.0, 0.4429 -0.7284 1.1811, 0.4429 -0.7993 1.1811, 0.6004 -0.7284 1.1811, 0.8287 -0.7993 1.1811, 0.6062 -0.6494 1.1811, 0.6043 -0.6486 1.1811, 0.6027 -0.6473 1.1811, 0.6014 -0.6457 1.1811, 0.6006 -0.6438 1.1811, 0.6004 -0.6418 1.1811, 0.8287 -0.6497 1.1811, 0.6082 -0.6497 1.1811, -0.6004 -0.6497 1.1024, -0.443 -0.6497 0.9055, -0.443 -0.6497 1.1024, 0.4429 -0.6497 1.1024, 0.6004 -0.6497 1.1024, 0.4429 -0.6497 0.9055, 0.8366 -0.7993 1.1732, 0.8366 -0.7993 -0.0315, 0.8366 -0.6418 1.1732, 0.8366 0.4448 -0.0315, 0.8366 -0.6418 1.6063, 0.8366 0.4448 1.6063, -0.8367 -0.6418 1.6063, -0.8367 0.4448 1.6063, -0.8367 -0.6418 1.1732, -0.8367 0.4448 -0.0315, -0.8367 -0.7993 1.1732, -0.8367 -0.7993 -0.0315, -0.7185 -0.6418 1.6142, -0.7185 -0.3347 1.6142, -0.8288 -0.6418 1.6142, -0.7185 -0.0197 1.6142, -0.8288 0.4448 1.6142, -0.7185 0.374 1.6142, 0.8287 0.4448 1.6142, 0.7185 0.374 1.6142, 0.7185 -0.0197 1.6142, 0.8287 -0.6418 1.6142, 0.7185 -0.3347 1.6142, 0.7185 -0.6418 1.6142, 0.6004 -0.6418 1.4961, 0.6004 -0.3347 1.4961, -0.6004 -0.6418 1.1811, -0.6004 -0.7284 1.1811, -0.6004 -0.3347 1.4961, -0.6004 -0.6418 1.4961, -0.6004 -0.0197 1.4961, -0.6004 0.2952 1.4961, -0.1969 0.2952 0.5906, -0.1969 0.2952 1.0433, 0.1968 0.2952 1.0433, -0.6398 0.2952 1.5354, 0.6397 0.2952 1.5354, 0.6004 0.2952 1.4961, 0.1968 0.2952 0.5906, 0.6004 -0.0197 1.4961, 0.8287 -0.6497 1.6063, 0.7106 -0.6497 1.6063, 0.6082 -0.6497 1.5039, -0.6083 -0.6497 1.1811, -0.6083 -0.6497 1.5039, -0.8288 -0.6497 1.1811, -0.7107 -0.6497 1.6063, -0.8288 -0.6497 1.6063, -0.8288 -0.7993 1.1811, -0.443 -0.7993 1.1811, -0.443 -0.7284 1.1811, -0.6007 -0.6438 1.1811, -0.6015 -0.6457 1.1811, -0.6027 -0.6473 1.1811, -0.6044 -0.6486 1.1811, -0.6063 -0.6494 1.1811, 0.4429 -0.7284 0.9843, 0.4429 -0.7993 0.9843, -0.443 -0.7284 0.9843, -0.443 -0.7993 0.9843, 0.6014 -0.6457 1.4971, 0.602 -0.6466 1.4977, 0.6027 -0.6473 1.4984, 0.6062 -0.6494 1.5019, 0.6043 -0.6486 1.5, 0.6004 -0.6428 1.4961, 0.6006 -0.6438 1.4963, 0.601 -0.6448 1.4967, 0.7168 -0.6466 1.6125, 0.7162 -0.6473 1.6119, 0.7126 -0.6494 1.6083, 0.7145 -0.6486 1.6102, 0.7174 -0.6457 1.6131, 0.7179 -0.6448 1.6136, 0.7182 -0.6438 1.6139, 0.7184 -0.6428 1.6141, -0.7175 -0.6457 1.6131, -0.7169 -0.6466 1.6125, -0.7162 -0.6473 1.6119, -0.7127 -0.6494 1.6083, -0.7146 -0.6486 1.6102, -0.7185 -0.6428 1.6141, -0.7183 -0.6438 1.6139, -0.7179 -0.6448 1.6136, -0.6021 -0.6466 1.4977, -0.6027 -0.6473 1.4984, -0.6063 -0.6494 1.5019, -0.6044 -0.6486 1.5, -0.6015 -0.6457 1.4971, -0.601 -0.6448 1.4967, -0.6007 -0.6438 1.4963, -0.6005 -0.6428 1.4961, 0.1673 -0.3347 0.1181, 0.1673 0.2952 0.1181, 0.3248 0.2952 0.1181, 0.3248 -0.3347 0.1181, -0.443 -0.8003 1.181, -0.8288 -0.8013 1.1808, -0.8288 -0.8032 1.18, -0.4436 -0.8023 1.1805, -0.4432 -0.8013 1.1808, -0.4453 -0.8048 1.1788, -0.4446 -0.8041 1.1795, -0.444 -0.8032 1.18, -0.8288 -0.8048 1.1788, -0.8288 -0.8061 1.1772, -0.4469 -0.8061 1.1772, -0.8288 -0.8069 1.1753, -0.4488 -0.8069 1.1753, -0.8364 -0.7993 1.1753, -0.8364 -0.6438 1.1753, -0.8356 -0.7993 1.1772, -0.8356 -0.6457 1.1772, -0.8343 -0.7993 1.1788, -0.8343 -0.6473 1.1788, -0.8327 -0.7993 1.18, -0.8327 -0.6486 1.18, -0.8336 -0.648 1.1795, -0.8308 -0.7993 1.1808, -0.8298 -0.6496 1.181, -0.8308 -0.6494 1.1808, -0.8318 -0.6491 1.1805, -0.8307 -0.8066 1.1753, -0.8307 -0.8027 1.18, -0.8298 -0.801 1.1808, -0.8302 -0.8007 1.1808, -0.8307 -0.7998 1.1808, -0.8293 -0.8012 1.1808, -0.8298 -0.8031 1.18, -0.8302 -0.8046 1.1788, -0.8316 -0.802 1.18, -0.8305 -0.8003 1.1808, -0.8322 -0.8012 1.18, -0.8326 -0.8003 1.18, -0.8316 -0.8041 1.1788, -0.8327 -0.8032 1.1788, -0.8336 -0.802 1.1788, -0.8342 -0.8007 1.1788, -0.8305 -0.8058 1.1772, -0.8322 -0.8052 1.1772, -0.8336 -0.8041 1.1772, -0.8347 -0.8027 1.1772, -0.8354 -0.801 1.1772, -0.8326 -0.8058 1.1753, -0.8342 -0.8046 1.1753, -0.8354 -0.8031 1.1753, -0.8361 -0.8012 1.1753, -0.8308 -0.8069 1.1732, -0.8327 -0.8061 1.1732, -0.8343 -0.8048 1.1732, -0.8356 -0.8032 1.1732, -0.8364 -0.8013 1.1732, -0.443 -0.8003 0.9842, -0.4432 -0.8013 0.984, -0.4436 -0.8023 0.9837, -0.444 -0.8032 0.9832, -0.4446 -0.8041 0.9826, -0.4453 -0.8048 0.9819, -0.4469 -0.8061 0.9803, -0.4488 -0.8069 0.9784, -0.8288 -0.6438 1.6139, -0.8288 -0.6457 1.6131, -0.8288 -0.6473 1.6119, -0.8288 -0.6486 1.6102, -0.8288 -0.6494 1.6083, -0.8308 -0.6494 1.6063, -0.8327 -0.6486 1.6063, -0.8343 -0.6473 1.6063, -0.8356 -0.6457 1.6063, -0.8364 -0.6438 1.6063, -0.8298 -0.8071 -0.0393, -0.8318 -0.8065 -0.0388, -0.8308 -0.8069 -0.0391, -0.8343 -0.8048 -0.0371, -0.8336 -0.8055 -0.0377, -0.8327 -0.8061 -0.0383, -0.8356 -0.8032 -0.0354, -0.8364 -0.8013 -0.0335, 0.4429 -0.8003 0.9842, 0.4431 -0.8013 0.984, 0.4435 -0.8023 0.9837, 0.4439 -0.8032 0.9832, 0.4452 -0.8048 0.9819, 0.4445 -0.8041 0.9826, 0.4468 -0.8061 0.9803, 0.4487 -0.8069 0.9784, -0.8307 -0.6491 1.6083, -0.8307 -0.6452 1.6131, -0.8298 -0.6435 1.6139, -0.8302 -0.6432 1.6139, -0.8308 -0.6418 1.6139, -0.8307 -0.6423 1.6139, -0.8293 -0.6437 1.6139, -0.8298 -0.6456 1.6131, -0.8302 -0.6472 1.6119, -0.8316 -0.6446 1.6131, -0.8305 -0.6428 1.6139, -0.8322 -0.6437 1.6131, -0.8326 -0.6428 1.6131, -0.8327 -0.6418 1.6131, -0.8316 -0.6466 1.6119, -0.8327 -0.6457 1.6119, -0.8336 -0.6446 1.6119, -0.8342 -0.6432 1.6119, -0.8343 -0.6418 1.6119, -0.8305 -0.6484 1.6102, -0.8322 -0.6477 1.6102, -0.8336 -0.6466 1.6102, -0.8347 -0.6452 1.6102, -0.8354 -0.6435 1.6102, -0.8356 -0.6418 1.6102, -0.8326 -0.6484 1.6083, -0.8342 -0.6472 1.6083, -0.8354 -0.6456 1.6083, -0.8361 -0.6437 1.6083, -0.8364 -0.6418 1.6083, -0.8298 0.4526 -0.0393, -0.8308 0.4524 -0.0391, -0.8318 0.4521 -0.0388, -0.8327 0.4517 -0.0383, -0.8336 0.4511 -0.0377, -0.8343 0.4504 -0.0371, -0.8356 0.4488 -0.0354, -0.8364 0.4469 -0.0335, 0.4452 -0.8048 1.1788, 0.4429 -0.8003 1.181, 0.4431 -0.8013 1.1808, 0.4435 -0.8023 1.1805, 0.4439 -0.8032 1.18, 0.4445 -0.8041 1.1795, 0.4468 -0.8061 1.1772, 0.4487 -0.8069 1.1753, 0.8363 -0.6438 1.6063, 0.8363 -0.6438 1.1753, 0.8355 -0.6457 1.6063, 0.8355 -0.6457 1.1772, 0.8343 -0.6473 1.6063, 0.8343 -0.6473 1.1788, 0.8326 -0.6486 1.6063, 0.8326 -0.6486 1.18, 0.8335 -0.648 1.1795, 0.8307 -0.6494 1.6063, 0.8297 -0.6496 1.181, 0.8307 -0.6494 1.1808, 0.8317 -0.6491 1.1805, 0.8287 -0.6494 1.6083, 0.8287 -0.6486 1.6102, 0.8287 -0.6473 1.6119, 0.8287 -0.6457 1.6131, 0.8287 -0.6438 1.6139, -0.8308 0.4448 1.6139, -0.8327 0.4448 1.6131, -0.8343 0.4448 1.6119, -0.8356 0.4448 1.6102, -0.8364 0.4448 1.6083, -0.8343 0.4504 1.6063, -0.8356 0.4488 1.6063, -0.8364 0.4469 1.6063, -0.8327 0.4517 1.6063, -0.8308 0.4524 1.6063, 0.8287 -0.8069 1.1753, 0.8287 -0.8061 1.1772, 0.8287 -0.8048 1.1788, 0.8287 -0.8032 1.18, 0.8287 -0.8013 1.1808, 0.8307 -0.7993 1.1808, 0.8326 -0.7993 1.18, 0.8343 -0.7993 1.1788, 0.8355 -0.7993 1.1772, 0.8363 -0.7993 1.1753, 0.8363 -0.6418 1.6083, 0.836 -0.6437 1.6083, 0.8321 -0.6437 1.6131, 0.8305 -0.6428 1.6139, 0.8301 -0.6432 1.6139, 0.8292 -0.6437 1.6139, 0.8307 -0.6423 1.6139, 0.8325 -0.6428 1.6131, 0.8341 -0.6432 1.6119, 0.8307 -0.6418 1.6139, 0.8315 -0.6446 1.6131, 0.8297 -0.6435 1.6139, 0.8307 -0.6452 1.6131, 0.8297 -0.6456 1.6131, 0.8326 -0.6418 1.6131, 0.8343 -0.6418 1.6119, 0.8355 -0.6418 1.6102, 0.8335 -0.6446 1.6119, 0.8326 -0.6457 1.6119, 0.8315 -0.6466 1.6119, 0.8301 -0.6472 1.6119, 0.8353 -0.6435 1.6102, 0.8346 -0.6452 1.6102, 0.8335 -0.6466 1.6102, 0.8321 -0.6477 1.6102, 0.8305 -0.6484 1.6102, 0.8353 -0.6456 1.6083, 0.8341 -0.6472 1.6083, 0.8325 -0.6484 1.6083, 0.8307 -0.6491 1.6083, -0.8361 0.4468 1.6083, -0.8322 0.4468 1.6131, -0.8305 0.4459 1.6139, -0.8302 0.4463 1.6139, -0.8288 0.4469 1.6139, -0.8293 0.4468 1.6139, -0.8307 0.4454 1.6139, -0.8326 0.4459 1.6131, -0.8342 0.4463 1.6119, -0.8316 0.4476 1.6131, -0.8298 0.4466 1.6139, -0.8307 0.4482 1.6131, -0.8298 0.4486 1.6131, -0.8288 0.4488 1.6131, -0.8336 0.4476 1.6119, -0.8327 0.4488 1.6119, -0.8316 0.4497 1.6119, -0.8302 0.4502 1.6119, -0.8288 0.4504 1.6119, -0.8354 0.4466 1.6102, -0.8347 0.4482 1.6102, -0.8336 0.4497 1.6102, -0.8322 0.4507 1.6102, -0.8305 0.4514 1.6102, -0.8288 0.4517 1.6102, -0.8354 0.4486 1.6083, -0.8342 0.4502 1.6083, -0.8326 0.4514 1.6083, -0.8307 0.4522 1.6083, -0.8288 0.4524 1.6083, 0.836 -0.8012 1.1753, 0.8321 -0.8012 1.18, 0.8305 -0.8003 1.1808, 0.8301 -0.8007 1.1808, 0.8292 -0.8012 1.1808, 0.8307 -0.7998 1.1808, 0.8325 -0.8003 1.18, 0.8341 -0.8007 1.1788, 0.8315 -0.802 1.18, 0.8297 -0.801 1.1808, 0.8307 -0.8027 1.18, 0.8297 -0.8031 1.18, 0.8335 -0.802 1.1788, 0.8326 -0.8032 1.1788, 0.8315 -0.8041 1.1788, 0.8301 -0.8046 1.1788, 0.8353 -0.801 1.1772, 0.8346 -0.8027 1.1772, 0.8335 -0.8041 1.1772, 0.8321 -0.8052 1.1772, 0.8305 -0.8058 1.1772, 0.8353 -0.8031 1.1753, 0.8341 -0.8046 1.1753, 0.8325 -0.8058 1.1753, 0.8307 -0.8066 1.1753, 0.8363 -0.8013 1.1732, 0.8355 -0.8032 1.1732, 0.8343 -0.8048 1.1732, 0.8326 -0.8061 1.1732, 0.8307 -0.8069 1.1732, 0.8307 0.4448 1.6139, 0.8326 0.4448 1.6131, 0.8343 0.4448 1.6119, 0.8355 0.4448 1.6102, 0.8363 0.4448 1.6083, 0.8287 0.4469 1.6139, 0.8287 0.4524 1.6083, 0.8287 0.4488 1.6131, 0.8287 0.4504 1.6119, 0.8287 0.4517 1.6102, 0.8363 -0.8013 -0.0335, 0.8355 -0.8032 -0.0354, 0.8343 -0.8048 -0.0371, 0.8335 -0.8055 -0.0377, 0.8326 -0.8061 -0.0383, 0.8317 -0.8065 -0.0388, 0.8307 -0.8069 -0.0391, 0.8297 -0.8071 -0.0393, 0.8307 0.4522 1.6083, 0.8307 0.4482 1.6131, 0.8297 0.4466 1.6139, 0.8301 0.4463 1.6139, 0.8307 0.4454 1.6139, 0.8292 0.4468 1.6139, 0.8297 0.4486 1.6131, 0.8301 0.4502 1.6119, 0.8315 0.4476 1.6131, 0.8305 0.4459 1.6139, 0.8321 0.4468 1.6131, 0.8325 0.4459 1.6131, 0.8315 0.4497 1.6119, 0.8326 0.4488 1.6119, 0.8335 0.4476 1.6119, 0.8341 0.4463 1.6119, 0.8305 0.4514 1.6102, 0.8321 0.4507 1.6102, 0.8335 0.4497 1.6102, 0.8346 0.4482 1.6102, 0.8353 0.4466 1.6102, 0.8325 0.4514 1.6083, 0.8341 0.4502 1.6083, 0.8353 0.4486 1.6083, 0.836 0.4468 1.6083, 0.8307 0.4524 1.6063, 0.8326 0.4517 1.6063, 0.8343 0.4504 1.6063, 0.8355 0.4488 1.6063, 0.8363 0.4469 1.6063, 0.8363 0.4469 -0.0335, 0.8355 0.4488 -0.0354, 0.8343 0.4504 -0.0371, 0.8335 0.4511 -0.0377, 0.8297 0.4526 -0.0393, 0.8307 0.4524 -0.0391, 0.8317 0.4521 -0.0388, 0.8326 0.4517 -0.0383, -0.3248 -0.3347 0.1181, -0.3248 0.2952 0.1181, -0.1674 0.2952 0.1181, -0.1674 -0.3347 0.1181
            ]
        }
        coordIndex [
            0,1,2,-1,3,4,5,-1,6,7,8,-1,0,2,9,-1,9,2,3,-1,9,3,10,-1,10,3,6,-1,10,6,11,-1,12,13,14,-1,14,13,6,-1,14,6,15,-1,15,6,8,-1,15,8,16,-1,1,17,2,-1,2,17,18,-1,2,18,19,-1,20,21,2,-1,2,21,22,-1,23,24,25,-1,25,24,26,-1,22,27,2,-1,2,27,26,-1,2,26,28,-1,28,26,24,-1,16,29,30,-1,30,29,31,-1,30,31,32,-1,19,33,2,-1,2,33,34,-1,2,34,20,-1,32,35,30,-1,30,35,36,-1,30,36,37,-1,37,36,38,-1,37,38,39,-1,13,40,6,-1,6,40,41,-1,6,41,42,-1,38,43,39,-1,39,43,44,-1,39,44,14,-1,14,44,45,-1,14,45,12,-1,42,46,6,-1,6,46,47,-1,6,47,11,-1,4,48,5,-1,5,48,49,-1,5,49,50,-1,49,51,50,-1,50,51,52,-1,50,52,29,-1,53,54,8,-1,8,54,55,-1,8,55,16,-1,16,55,56,-1,16,56,29,-1,29,56,57,-1,29,57,50,-1,5,58,59,-1,60,61,62,-1,63,64,65,-1,3,5,6,-1,6,5,59,-1,6,59,66,-1,66,59,67,-1,66,67,63,-1,68,69,70,-1,70,69,71,-1,62,72,60,-1,60,72,73,-1,60,73,74,-1,75,76,71,-1,71,76,77,-1,71,77,70,-1,70,77,78,-1,79,80,81,-1,81,80,82,-1,65,69,63,-1,63,69,68,-1,63,68,66,-1,66,68,83,-1,66,83,84,-1,85,86,5,-1,87,81,88,-1,88,81,82,-1,88,82,89,-1,89,82,90,-1,89,90,91,-1,91,92,89,-1,89,92,93,-1,89,93,60,-1,60,93,94,-1,60,94,61,-1,95,70,5,-1,5,70,78,-1,5,78,58,-1,84,96,66,-1,66,96,97,-1,66,97,82,-1,82,97,98,-1,82,98,90,-1,99,100,86,-1,86,100,101,-1,86,101,5,-1,5,101,60,-1,5,60,95,-1,95,60,74,-1,88,85,87,-1,87,85,5,-1,87,5,102,-1,102,5,50,-1,103,104,105,-1,106,107,108,-1,109,110,111,-1,110,112,111,-1,111,112,113,-1,111,113,114,-1,115,116,117,-1,118,119,120,-1,111,118,109,-1,109,118,120,-1,109,120,121,-1,121,120,122,-1,121,122,123,-1,108,115,106,-1,106,115,117,-1,106,117,124,-1,124,117,125,-1,118,126,119,-1,119,126,127,-1,119,127,128,-1,128,127,129,-1,130,131,129,-1,129,131,124,-1,129,124,128,-1,128,124,125,-1,128,125,132,-1,132,125,133,-1,132,133,134,-1,134,133,135,-1,114,135,111,-1,111,135,133,-1,111,133,136,-1,136,133,137,-1,136,137,138,-1,138,137,139,-1,140,141,115,-1,142,143,115,-1,144,145,146,-1,104,147,105,-1,105,147,148,-1,105,148,149,-1,150,151,152,-1,153,154,155,-1,156,157,158,-1,150,115,159,-1,159,115,143,-1,159,143,160,-1,140,115,161,-1,162,163,164,-1,165,166,167,-1,155,161,153,-1,153,161,115,-1,153,115,168,-1,168,115,150,-1,168,150,149,-1,149,150,152,-1,149,152,105,-1,105,152,144,-1,105,144,169,-1,169,144,146,-1,169,146,170,-1,171,172,156,-1,156,172,173,-1,156,163,174,-1,164,142,162,-1,162,142,115,-1,162,115,175,-1,175,115,108,-1,175,108,167,-1,167,108,169,-1,173,176,156,-1,156,176,177,-1,156,177,157,-1,178,179,158,-1,158,179,180,-1,158,180,156,-1,174,181,156,-1,156,181,182,-1,156,182,171,-1,183,158,184,-1,184,158,185,-1,183,186,158,-1,158,186,187,-1,158,187,178,-1,188,189,170,-1,190,191,169,-1,169,191,192,-1,169,192,193,-1,193,194,169,-1,169,194,195,-1,169,195,196,-1,196,197,169,-1,169,197,198,-1,169,198,167,-1,167,198,199,-1,167,199,165,-1,163,156,164,-1,164,156,200,-1,164,200,170,-1,170,200,201,-1,170,201,188,-1,189,202,170,-1,170,202,203,-1,170,203,169,-1,169,203,204,-1,169,204,190,-1,205,206,141,-1,141,206,207,-1,141,207,115,-1,115,207,208,-1,103,105,209,-1,209,105,210,-1,209,210,208,-1,208,210,138,-1,208,138,115,-1,115,138,139,-1,115,139,116,-1,211,212,213,-1,213,212,214,-1,215,216,217,-1,217,216,218,-1,219,220,221,-1,222,223,224,-1,224,223,225,-1,226,227,228,-1,228,227,219,-1,229,217,230,-1,230,217,218,-1,230,218,221,-1,221,218,224,-1,221,224,219,-1,219,224,225,-1,219,225,228,-1,107,216,108,-1,108,216,215,-1,108,215,169,-1,231,232,233,-1,233,232,234,-1,131,130,222,-1,222,130,223,-1,235,236,237,-1,237,236,238,-1,239,240,237,-1,237,240,241,-1,241,242,237,-1,237,242,243,-1,237,243,244,-1,238,245,237,-1,237,245,246,-1,237,246,239,-1,57,247,248,-1,248,247,249,-1,250,251,252,-1,252,251,102,-1,252,102,248,-1,248,102,50,-1,248,50,57,-1,253,254,255,-1,255,254,256,-1,255,256,257,-1,257,256,258,-1,259,260,261,-1,261,260,262,-1,261,262,263,-1,263,262,264,-1,265,266,267,-1,267,266,268,-1,267,268,269,-1,269,268,270,-1,269,270,271,-1,270,272,271,-1,271,272,273,-1,271,273,274,-1,274,273,275,-1,274,275,276,-1,227,226,118,-1,118,226,126,-1,244,277,278,-1,251,237,244,-1,278,81,244,-1,244,81,87,-1,244,87,251,-1,251,87,102,-1,279,280,247,-1,281,282,55,-1,55,282,279,-1,55,279,56,-1,56,279,247,-1,56,247,57,-1,281,55,266,-1,266,55,54,-1,268,266,53,-1,53,266,54,-1,268,53,283,-1,283,53,8,-1,283,8,284,-1,284,8,7,-1,285,286,284,-1,284,286,287,-1,284,287,288,-1,289,288,290,-1,290,288,287,-1,290,287,66,-1,66,287,291,-1,66,291,6,-1,6,291,285,-1,6,285,7,-1,7,285,284,-1,290,66,292,-1,292,66,82,-1,292,82,273,-1,273,82,80,-1,275,273,79,-1,79,273,80,-1,275,79,278,-1,278,79,81,-1,293,294,245,-1,245,294,295,-1,245,295,246,-1,296,297,298,-1,298,297,299,-1,298,299,300,-1,301,302,280,-1,280,302,303,-1,280,279,304,-1,304,305,280,-1,280,305,306,-1,280,306,307,-1,298,301,296,-1,296,301,280,-1,296,280,308,-1,308,280,307,-1,250,252,309,-1,250,309,235,-1,235,309,310,-1,235,310,236,-1,311,248,249,-1,311,249,312,-1,312,249,303,-1,312,303,302,-1,310,309,312,-1,312,309,311,-1,275,278,276,-1,276,278,277,-1,313,314,295,-1,295,314,315,-1,295,315,316,-1,316,315,317,-1,318,319,295,-1,295,319,320,-1,295,320,313,-1,321,294,322,-1,322,294,323,-1,322,323,324,-1,321,325,294,-1,294,325,326,-1,294,326,327,-1,327,328,294,-1,294,328,276,-1,294,276,295,-1,295,276,277,-1,295,277,318,-1,290,292,289,-1,289,292,273,-1,289,273,272,-1,281,266,282,-1,282,266,265,-1,329,330,299,-1,299,330,331,-1,299,331,332,-1,332,331,333,-1,334,335,299,-1,299,335,336,-1,299,336,329,-1,337,297,338,-1,338,297,339,-1,338,339,340,-1,337,341,297,-1,297,341,342,-1,297,342,343,-1,343,344,297,-1,297,344,282,-1,297,282,299,-1,299,282,265,-1,299,265,334,-1,283,284,268,-1,268,284,288,-1,268,288,270,-1,303,249,280,-1,280,249,247,-1,237,251,235,-1,235,251,250,-1,248,311,252,-1,252,311,309,-1,270,288,272,-1,272,288,289,-1,231,345,225,-1,130,129,346,-1,346,232,130,-1,130,232,231,-1,130,231,223,-1,223,231,225,-1,347,127,234,-1,234,127,126,-1,234,126,233,-1,233,126,226,-1,233,226,348,-1,348,226,228,-1,347,234,346,-1,346,234,232,-1,129,127,346,-1,346,127,347,-1,345,231,348,-1,348,231,233,-1,228,225,348,-1,348,225,345,-1,139,137,286,-1,286,137,287,-1,139,286,116,-1,116,286,285,-1,116,285,117,-1,125,117,291,-1,291,117,285,-1,125,291,133,-1,133,291,287,-1,133,287,137,-1,302,301,349,-1,349,301,350,-1,351,352,350,-1,350,352,353,-1,350,353,349,-1,354,355,351,-1,351,355,356,-1,351,356,352,-1,351,357,354,-1,354,357,358,-1,354,358,359,-1,359,358,360,-1,359,360,361,-1,361,360,217,-1,361,217,229,-1,261,263,362,-1,261,362,363,-1,363,362,364,-1,363,364,365,-1,365,364,366,-1,365,366,367,-1,368,369,366,-1,366,369,370,-1,366,370,367,-1,371,301,298,-1,298,372,371,-1,371,372,373,-1,371,373,368,-1,368,373,374,-1,368,374,369,-1,217,360,375,-1,376,377,378,-1,301,371,379,-1,378,377,301,-1,380,301,377,-1,380,377,381,-1,381,377,376,-1,381,376,382,-1,350,301,380,-1,383,384,385,-1,385,384,379,-1,385,379,386,-1,386,379,371,-1,386,371,368,-1,350,380,351,-1,351,380,381,-1,351,381,357,-1,357,381,382,-1,357,382,358,-1,387,383,388,-1,388,383,385,-1,388,385,389,-1,389,385,386,-1,389,386,390,-1,390,386,368,-1,390,368,366,-1,391,387,392,-1,392,387,388,-1,392,388,393,-1,393,388,389,-1,393,389,394,-1,394,389,390,-1,394,390,395,-1,395,390,366,-1,395,366,364,-1,360,391,375,-1,375,391,392,-1,375,392,396,-1,396,392,393,-1,396,393,397,-1,397,393,394,-1,397,394,398,-1,398,394,395,-1,398,395,399,-1,399,395,364,-1,399,364,362,-1,217,375,400,-1,400,375,396,-1,400,396,401,-1,401,396,397,-1,401,397,402,-1,402,397,398,-1,402,398,403,-1,403,398,399,-1,403,399,404,-1,404,399,362,-1,404,362,263,-1,384,301,379,-1,360,358,391,-1,391,358,382,-1,391,382,387,-1,387,382,376,-1,387,376,383,-1,383,376,378,-1,383,378,384,-1,384,378,301,-1,312,302,349,-1,312,349,405,-1,405,349,353,-1,405,353,406,-1,406,353,352,-1,406,352,407,-1,407,352,356,-1,407,356,408,-1,408,356,355,-1,408,355,409,-1,409,355,354,-1,409,354,410,-1,410,354,359,-1,410,359,411,-1,411,359,361,-1,411,361,412,-1,412,361,229,-1,412,229,230,-1,265,267,334,-1,334,267,413,-1,334,413,335,-1,335,413,336,-1,336,413,414,-1,336,414,329,-1,329,414,330,-1,330,414,415,-1,330,415,331,-1,331,415,416,-1,331,416,333,-1,333,416,417,-1,333,417,332,-1,332,417,300,-1,332,300,299,-1,418,373,300,-1,300,373,372,-1,300,372,298,-1,367,370,419,-1,419,370,369,-1,419,369,418,-1,418,369,374,-1,418,374,373,-1,419,420,367,-1,367,420,421,-1,367,421,365,-1,365,421,422,-1,365,422,363,-1,363,422,259,-1,363,259,261,-1,215,217,423,-1,423,217,400,-1,401,424,400,-1,400,424,425,-1,400,425,423,-1,426,427,401,-1,401,427,428,-1,401,428,424,-1,401,402,426,-1,426,402,403,-1,426,403,429,-1,429,403,404,-1,429,404,430,-1,430,404,263,-1,430,263,264,-1,431,310,312,-1,431,312,432,-1,312,405,432,-1,432,405,406,-1,432,406,433,-1,433,406,434,-1,434,406,407,-1,434,407,408,-1,409,435,408,-1,408,435,436,-1,408,436,434,-1,409,410,435,-1,435,410,411,-1,435,411,437,-1,437,411,412,-1,437,412,438,-1,438,412,230,-1,438,230,221,-1,300,417,439,-1,440,441,442,-1,267,443,444,-1,442,441,267,-1,445,267,441,-1,445,441,446,-1,446,441,440,-1,446,440,447,-1,413,267,445,-1,448,449,450,-1,450,449,444,-1,450,444,451,-1,451,444,443,-1,451,443,452,-1,413,445,414,-1,414,445,446,-1,414,446,415,-1,415,446,447,-1,415,447,416,-1,453,448,454,-1,454,448,450,-1,454,450,455,-1,455,450,451,-1,455,451,456,-1,456,451,452,-1,456,452,457,-1,458,453,459,-1,459,453,454,-1,459,454,460,-1,460,454,455,-1,460,455,461,-1,461,455,456,-1,461,456,462,-1,462,456,457,-1,462,457,463,-1,417,458,439,-1,439,458,459,-1,439,459,464,-1,464,459,460,-1,464,460,465,-1,465,460,461,-1,465,461,466,-1,466,461,462,-1,466,462,467,-1,467,462,463,-1,467,463,468,-1,300,439,418,-1,418,439,464,-1,418,464,419,-1,419,464,465,-1,419,465,420,-1,420,465,466,-1,420,466,421,-1,421,466,467,-1,421,467,422,-1,422,467,468,-1,422,468,259,-1,449,267,444,-1,417,416,458,-1,458,416,447,-1,458,447,453,-1,453,447,440,-1,453,440,448,-1,448,440,442,-1,448,442,449,-1,449,442,267,-1,169,215,423,-1,169,423,469,-1,469,423,425,-1,469,425,470,-1,470,425,424,-1,470,424,471,-1,471,424,428,-1,471,428,472,-1,472,428,473,-1,473,428,427,-1,473,427,474,-1,427,426,474,-1,474,426,429,-1,474,429,475,-1,475,429,430,-1,475,430,476,-1,476,430,264,-1,476,264,262,-1,434,436,477,-1,236,310,478,-1,478,310,431,-1,478,431,479,-1,479,431,432,-1,479,432,480,-1,480,432,433,-1,480,433,481,-1,481,433,434,-1,481,434,482,-1,482,434,477,-1,436,435,477,-1,477,435,437,-1,477,437,483,-1,483,437,438,-1,483,438,484,-1,484,438,221,-1,484,221,220,-1,255,257,485,-1,255,485,486,-1,486,485,487,-1,486,487,488,-1,488,487,489,-1,488,489,490,-1,491,492,489,-1,489,492,493,-1,489,493,490,-1,494,293,245,-1,245,495,494,-1,494,495,496,-1,494,496,491,-1,491,496,497,-1,491,497,492,-1,294,293,498,-1,294,498,323,-1,323,498,499,-1,323,499,324,-1,324,499,500,-1,324,500,322,-1,501,325,500,-1,500,325,321,-1,500,321,322,-1,502,274,276,-1,276,328,502,-1,502,328,327,-1,502,327,501,-1,501,327,326,-1,501,326,325,-1,267,269,503,-1,267,503,443,-1,443,503,504,-1,443,504,452,-1,452,504,505,-1,452,505,457,-1,457,505,506,-1,457,506,463,-1,463,506,507,-1,463,507,468,-1,468,507,260,-1,468,260,259,-1,508,475,509,-1,509,475,476,-1,509,476,510,-1,510,476,262,-1,510,262,260,-1,511,473,508,-1,508,473,474,-1,508,474,475,-1,512,210,105,-1,169,469,105,-1,105,469,470,-1,105,470,512,-1,512,470,471,-1,512,471,511,-1,511,471,472,-1,511,472,473,-1,220,219,513,-1,220,513,484,-1,484,513,514,-1,484,514,483,-1,483,514,515,-1,483,515,477,-1,477,515,482,-1,482,515,516,-1,482,516,481,-1,481,516,480,-1,480,516,517,-1,480,517,479,-1,479,517,478,-1,478,517,238,-1,478,238,236,-1,245,238,495,-1,495,238,518,-1,495,518,496,-1,496,518,497,-1,497,518,519,-1,497,519,492,-1,492,519,493,-1,493,519,520,-1,493,520,490,-1,490,520,521,-1,490,521,488,-1,488,521,522,-1,488,522,486,-1,486,522,253,-1,486,253,255,-1,257,523,524,-1,525,526,527,-1,274,502,528,-1,527,526,274,-1,529,274,526,-1,529,526,530,-1,530,526,525,-1,530,525,531,-1,532,274,529,-1,533,534,535,-1,535,534,528,-1,535,528,536,-1,536,528,502,-1,536,502,501,-1,532,529,537,-1,537,529,530,-1,537,530,538,-1,538,530,531,-1,538,531,539,-1,540,533,541,-1,541,533,535,-1,541,535,542,-1,542,535,536,-1,542,536,543,-1,543,536,501,-1,543,501,500,-1,544,540,545,-1,545,540,541,-1,545,541,546,-1,546,541,542,-1,546,542,547,-1,547,542,543,-1,547,543,548,-1,548,543,500,-1,548,500,499,-1,523,544,524,-1,524,544,545,-1,524,545,549,-1,549,545,546,-1,549,546,550,-1,550,546,547,-1,550,547,551,-1,551,547,548,-1,551,548,552,-1,552,548,499,-1,552,499,498,-1,257,524,485,-1,485,524,549,-1,485,549,487,-1,487,549,550,-1,487,550,489,-1,489,550,551,-1,489,551,491,-1,491,551,552,-1,491,552,494,-1,494,552,498,-1,494,498,293,-1,534,274,528,-1,523,539,544,-1,544,539,531,-1,544,531,540,-1,540,531,525,-1,540,525,533,-1,533,525,527,-1,533,527,534,-1,534,527,274,-1,260,507,553,-1,554,555,556,-1,269,557,558,-1,556,555,269,-1,559,269,555,-1,559,555,560,-1,560,555,554,-1,560,554,561,-1,503,269,559,-1,562,563,564,-1,564,563,558,-1,564,558,565,-1,565,558,557,-1,565,557,566,-1,503,559,504,-1,504,559,560,-1,504,560,505,-1,505,560,561,-1,505,561,506,-1,567,562,568,-1,568,562,564,-1,568,564,569,-1,569,564,565,-1,569,565,570,-1,570,565,566,-1,570,566,571,-1,572,567,573,-1,573,567,568,-1,573,568,574,-1,574,568,569,-1,574,569,575,-1,575,569,570,-1,575,570,576,-1,576,570,571,-1,576,571,577,-1,507,572,553,-1,553,572,573,-1,553,573,578,-1,578,573,574,-1,578,574,579,-1,579,574,575,-1,579,575,580,-1,580,575,576,-1,580,576,581,-1,581,576,577,-1,581,577,582,-1,260,553,510,-1,510,553,578,-1,510,578,509,-1,509,578,579,-1,509,579,508,-1,508,579,580,-1,508,580,511,-1,511,580,581,-1,511,581,512,-1,512,581,582,-1,512,582,210,-1,563,269,558,-1,507,506,572,-1,572,506,561,-1,572,561,567,-1,567,561,554,-1,567,554,562,-1,562,554,556,-1,562,556,563,-1,563,556,269,-1,253,522,583,-1,584,585,586,-1,238,517,587,-1,586,585,238,-1,588,238,585,-1,588,585,589,-1,589,585,584,-1,589,584,590,-1,518,238,588,-1,591,592,593,-1,593,592,587,-1,593,587,594,-1,594,587,517,-1,594,517,516,-1,518,588,519,-1,519,588,589,-1,519,589,520,-1,520,589,590,-1,520,590,521,-1,595,591,596,-1,596,591,593,-1,596,593,597,-1,597,593,594,-1,597,594,598,-1,598,594,516,-1,598,516,515,-1,599,595,600,-1,600,595,596,-1,600,596,601,-1,601,596,597,-1,601,597,602,-1,602,597,598,-1,602,598,603,-1,603,598,515,-1,603,515,514,-1,522,599,583,-1,583,599,600,-1,583,600,604,-1,604,600,601,-1,604,601,605,-1,605,601,602,-1,605,602,606,-1,606,602,603,-1,606,603,607,-1,607,603,514,-1,607,514,513,-1,253,583,608,-1,608,583,604,-1,608,604,609,-1,609,604,605,-1,609,605,610,-1,610,605,606,-1,610,606,611,-1,611,606,607,-1,611,607,612,-1,612,607,513,-1,612,513,219,-1,592,238,587,-1,522,521,599,-1,599,521,590,-1,599,590,595,-1,595,590,584,-1,595,584,591,-1,591,584,586,-1,591,586,592,-1,592,586,238,-1,271,274,532,-1,271,532,613,-1,613,532,537,-1,613,537,614,-1,614,537,538,-1,614,538,615,-1,615,538,539,-1,615,539,616,-1,616,539,523,-1,616,523,617,-1,617,523,257,-1,617,257,258,-1,269,271,618,-1,619,136,138,-1,269,618,557,-1,557,618,620,-1,557,620,566,-1,566,620,621,-1,566,621,571,-1,571,621,622,-1,571,622,577,-1,577,622,619,-1,577,619,582,-1,582,619,138,-1,582,138,210,-1,254,253,608,-1,254,608,623,-1,623,608,609,-1,623,609,624,-1,624,609,610,-1,624,610,625,-1,625,610,626,-1,626,610,611,-1,626,611,627,-1,627,611,628,-1,628,611,612,-1,628,612,629,-1,629,612,630,-1,630,612,219,-1,630,219,227,-1,136,619,631,-1,632,633,634,-1,271,613,635,-1,634,633,271,-1,636,271,633,-1,636,633,637,-1,637,633,632,-1,637,632,638,-1,618,271,636,-1,639,640,641,-1,641,640,635,-1,641,635,642,-1,642,635,613,-1,642,613,614,-1,618,636,620,-1,620,636,637,-1,620,637,621,-1,621,637,638,-1,621,638,622,-1,643,639,644,-1,644,639,641,-1,644,641,645,-1,645,641,642,-1,645,642,646,-1,646,642,614,-1,646,614,615,-1,647,643,648,-1,648,643,644,-1,648,644,649,-1,649,644,645,-1,649,645,650,-1,650,645,646,-1,650,646,651,-1,651,646,615,-1,651,615,616,-1,619,647,631,-1,631,647,648,-1,631,648,652,-1,652,648,649,-1,652,649,653,-1,653,649,650,-1,653,650,654,-1,654,650,651,-1,654,651,655,-1,655,651,616,-1,655,616,617,-1,136,631,656,-1,656,631,652,-1,656,652,657,-1,657,652,653,-1,657,653,658,-1,658,653,654,-1,658,654,659,-1,659,654,655,-1,659,655,660,-1,660,655,617,-1,660,617,258,-1,640,271,635,-1,619,622,647,-1,647,622,638,-1,647,638,643,-1,643,638,632,-1,643,632,639,-1,639,632,634,-1,639,634,640,-1,640,634,271,-1,256,254,623,-1,256,623,661,-1,661,623,624,-1,661,624,662,-1,662,624,625,-1,662,625,663,-1,663,625,664,-1,664,625,626,-1,664,626,627,-1,227,118,630,-1,630,118,665,-1,630,665,629,-1,629,665,666,-1,629,666,628,-1,628,666,667,-1,628,667,627,-1,627,667,668,-1,627,668,664,-1,111,136,656,-1,657,667,656,-1,656,667,666,-1,656,666,111,-1,111,666,665,-1,111,665,118,-1,663,664,657,-1,657,664,668,-1,657,668,667,-1,657,658,663,-1,663,658,659,-1,663,659,662,-1,662,659,660,-1,662,660,661,-1,661,660,258,-1,661,258,256,-1,297,296,308,-1,297,308,339,-1,339,308,307,-1,339,307,340,-1,340,307,306,-1,340,306,338,-1,305,341,306,-1,306,341,337,-1,306,337,338,-1,304,279,282,-1,282,344,304,-1,304,344,343,-1,304,343,305,-1,305,343,342,-1,305,342,341,-1,243,319,244,-1,244,319,318,-1,244,318,277,-1,315,314,242,-1,242,314,313,-1,242,313,243,-1,243,313,320,-1,243,320,319,-1,242,241,315,-1,315,241,240,-1,315,240,317,-1,317,240,239,-1,317,239,316,-1,316,239,246,-1,316,246,295,-1,211,669,218,-1,107,106,670,-1,670,212,107,-1,107,212,211,-1,107,211,216,-1,216,211,218,-1,671,124,214,-1,214,124,131,-1,214,131,213,-1,213,131,222,-1,213,222,672,-1,672,222,224,-1,671,214,670,-1,670,214,212,-1,106,124,670,-1,670,124,671,-1,669,211,672,-1,672,211,213,-1,224,218,672,-1,672,218,669,-1,
        ]
    }
}
Shape{
    appearance Appearance {
        material  Material 	{
            diffuseColor 0.45098039215686275 0.43137254901960786 0.4196078431372549
            specularColor 0.03137254901960784 0.03137254901960784 0.03137254901960784
            ambientIntensity 0.6221
            transparency 0.0
            shininess 0.5
        }
    }
    geometry IndexedFaceSet {
        ccw TRUE
        solid FALSE
        coord DEF co Coordinate {
            point [
                -0.4949 0.4488 0.5193, -0.4744 0.4488 0.5193, -0.4949 0.4527 0.5193, -0.4744 0.4527 0.5193, -0.4744 0.4488 0.6593, -0.4744 0.4527 0.6593, -0.4949 0.4488 0.6593, -0.4949 0.4527 0.6593, -0.5574 0.4488 0.5793, -0.5574 0.4527 0.5793, -0.6155 0.4488 0.5443, -0.6155 0.4527 0.5443, -0.603 0.4527 0.5458, -0.603 0.4488 0.5458, -0.5906 0.4527 0.5504, -0.5906 0.4488 0.5504, -0.5772 0.4527 0.559, -0.5772 0.4488 0.559, -0.6477 0.4488 0.5642, -0.6477 0.4527 0.5642, -0.6442 0.4527 0.5587, -0.6442 0.4488 0.5587, -0.6386 0.4527 0.5525, -0.6386 0.4488 0.5525, -0.6318 0.4527 0.5479, -0.6318 0.4488 0.5479, -0.6245 0.4527 0.5453, -0.6245 0.4488 0.5453, -0.6545 0.4488 0.5892, -0.6545 0.4527 0.5892, -0.6528 0.4527 0.5762, -0.6528 0.4488 0.5762, -0.6368 0.4488 0.6259, -0.6368 0.4527 0.6259, -0.6435 0.4527 0.6195, -0.6435 0.4488 0.6195, -0.6496 0.4527 0.6105, -0.6496 0.4488 0.6105, -0.6531 0.4527 0.6013, -0.6531 0.4488 0.6013, -0.6096 0.4488 0.6363, -0.6096 0.4527 0.6363, -0.6178 0.4527 0.6352, -0.6178 0.4488 0.6352, -0.6273 0.4527 0.632, -0.6273 0.4488 0.632, -0.6166 0.4488 0.6593, -0.6166 0.4527 0.6593, -0.6674 0.4488 0.6214, -0.6674 0.4527 0.6214, -0.6591 0.4527 0.6348, -0.6591 0.4488 0.6348, -0.6487 0.4527 0.6452, -0.6487 0.4488 0.6452, -0.6354 0.4527 0.6533, -0.6354 0.4488 0.6533, -0.6744 0.4488 0.5883, -0.6744 0.4527 0.5883, -0.6727 0.4527 0.6053, -0.6727 0.4488 0.6053, -0.6558 0.4488 0.5373, -0.6558 0.4527 0.5373, -0.666 0.4527 0.5517, -0.666 0.4488 0.5517, -0.672 0.4527 0.5676, -0.672 0.4488 0.5676, -0.6489 0.4488 0.5311, -0.6489 0.4527 0.5311, -0.6407 0.4488 0.5255, -0.6407 0.4527 0.5255, -0.6155 0.4488 0.5196, -0.6155 0.4527 0.5196, -0.6285 0.4527 0.5211, -0.6285 0.4488 0.5211, -0.5448 0.4488 0.5628, -0.5448 0.4527 0.5628, -0.5649 0.4527 0.5411, -0.5649 0.4488 0.5411, -0.5834 0.4527 0.528, -0.5834 0.4488 0.528, -0.5989 0.4527 0.5218, -0.5989 0.4488 0.5218, -0.4949 0.4488 0.6279, -0.4949 0.4527 0.6279, -0.5813 0.4488 0.738, -0.4744 0.4488 0.6752, -0.5813 0.4527 0.738, -0.4744 0.4527 0.6752, -0.4744 0.4488 0.703, -0.4744 0.4527 0.703, -0.5583 0.4488 0.7529, -0.5583 0.4527 0.7529, -0.4744 0.4488 0.8045, -0.4744 0.4527 0.8045, -0.4744 0.4488 0.8275, -0.4744 0.4527 0.8275, -0.5765 0.4488 0.7644, -0.5765 0.4527 0.7644, -0.6713 0.4488 0.8204, -0.6713 0.4527 0.8204, -0.6713 0.4488 0.793, -0.6713 0.4527 0.793, -0.5984 0.4488 0.7495, -0.5984 0.4527 0.7495, -0.6713 0.4488 0.7058, -0.6713 0.4527 0.7058, -0.6713 0.4488 0.6831, -0.6713 0.4527 0.6831, -0.6713 0.4488 0.8532, -0.4744 0.4488 0.8532, -0.6713 0.4527 0.8532, -0.4744 0.4527 0.8532, -0.4744 0.4488 0.8779, -0.4744 0.4527 0.8779, -0.6463 0.4488 0.8779, -0.6463 0.4527 0.8779, -0.6463 0.4488 0.879, -0.6463 0.4527 0.879, -0.4744 0.4488 0.9415, -0.4744 0.4527 0.9415, -0.4744 0.4488 0.9581, -0.4744 0.4527 0.9581, -0.5667 0.4527 0.9923, -0.6463 0.4488 1.0217, -0.6463 0.4527 1.0217, -0.6463 0.4488 1.0229, -0.6463 0.4527 1.0229, -0.4744 0.4488 1.0229, -0.4744 0.4527 1.0229, -0.4744 0.4488 1.0436, -0.4744 0.4527 1.0436, -0.6713 0.4488 1.0436, -0.6713 0.4527 1.0436, -0.6713 0.4488 1.0069, -0.6713 0.4527 1.0069, -0.6326 0.4527 0.9923, -0.5137 0.4488 0.9474, -0.5137 0.4527 0.9474, -0.6713 0.4488 0.8894, -0.6713 0.4527 0.8894, 0.4164 0.4488 0.6554, 0.4164 0.4488 0.6262, 0.4164 0.4527 0.6554, 0.4164 0.4527 0.6262, 0.6366 0.4488 0.6262, 0.6366 0.4527 0.6262, 0.6366 0.4488 0.6554, 0.6366 0.4527 0.6554, 0.5425 0.4488 0.6554, 0.5425 0.4527 0.6554, 0.5425 0.4488 0.8936, 0.5425 0.4527 0.8936, 0.6295 0.4488 0.8264, 0.6295 0.4527 0.8264, 0.5832 0.4527 0.8564, 0.5832 0.4488 0.8564, 0.6295 0.4488 0.8658, 0.6295 0.4527 0.8658, 0.533 0.4488 0.9412, 0.533 0.4527 0.9412, 0.5518 0.4527 0.9202, 0.5518 0.4488 0.9202, 0.5858 0.4527 0.8919, 0.5858 0.4488 0.8919, 0.5043 0.4488 0.9412, 0.5043 0.4527 0.9412, 0.5043 0.4488 0.6554, 0.5043 0.4527 0.6554
            ]
        }
        coordIndex [
            0,1,2,-1,2,1,3,-1,1,4,3,-1,3,4,5,-1,4,6,5,-1,5,6,7,-1,6,8,7,-1,7,8,9,-1,10,11,12,-1,10,12,13,-1,13,12,14,-1,13,14,15,-1,15,14,16,-1,15,16,17,-1,17,16,9,-1,17,9,8,-1,18,19,20,-1,18,20,21,-1,21,20,22,-1,21,22,23,-1,23,22,24,-1,23,24,25,-1,25,24,26,-1,25,26,27,-1,27,26,11,-1,27,11,10,-1,28,29,30,-1,28,30,31,-1,31,30,19,-1,31,19,18,-1,32,33,34,-1,32,34,35,-1,35,34,36,-1,35,36,37,-1,37,36,38,-1,37,38,39,-1,39,38,29,-1,39,29,28,-1,40,41,42,-1,40,42,43,-1,43,42,44,-1,43,44,45,-1,45,44,33,-1,45,33,32,-1,40,46,41,-1,41,46,47,-1,48,49,50,-1,48,50,51,-1,51,50,52,-1,51,52,53,-1,53,52,54,-1,53,54,55,-1,55,54,47,-1,55,47,46,-1,56,57,58,-1,56,58,59,-1,59,58,49,-1,59,49,48,-1,60,61,62,-1,60,62,63,-1,63,62,64,-1,63,64,65,-1,65,64,57,-1,65,57,56,-1,60,66,61,-1,61,66,67,-1,66,68,67,-1,67,68,69,-1,70,71,72,-1,70,72,73,-1,73,72,69,-1,73,69,68,-1,74,75,76,-1,74,76,77,-1,77,76,78,-1,77,78,79,-1,79,78,80,-1,79,80,81,-1,81,80,71,-1,81,71,70,-1,74,82,75,-1,75,82,83,-1,82,0,83,-1,83,0,2,-1,1,0,4,-1,4,0,82,-1,25,68,66,-1,25,66,23,-1,23,66,60,-1,23,60,21,-1,21,60,63,-1,21,63,18,-1,18,63,31,-1,31,63,65,-1,31,65,28,-1,28,65,56,-1,28,56,39,-1,39,56,59,-1,39,59,37,-1,37,59,48,-1,37,48,35,-1,35,48,51,-1,35,51,32,-1,32,51,53,-1,32,53,45,-1,45,53,55,-1,45,55,43,-1,43,55,46,-1,43,46,40,-1,68,25,73,-1,73,25,27,-1,73,27,70,-1,70,27,10,-1,70,10,81,-1,81,10,13,-1,81,13,79,-1,79,13,15,-1,79,15,77,-1,77,15,17,-1,77,17,74,-1,74,17,8,-1,74,8,82,-1,82,8,6,-1,82,6,4,-1,84,85,86,-1,86,85,87,-1,85,88,87,-1,87,88,89,-1,88,90,89,-1,89,90,91,-1,90,92,91,-1,91,92,93,-1,92,94,93,-1,93,94,95,-1,94,96,95,-1,95,96,97,-1,96,98,97,-1,97,98,99,-1,98,100,99,-1,99,100,101,-1,100,102,101,-1,101,102,103,-1,102,104,103,-1,103,104,105,-1,104,106,105,-1,105,106,107,-1,106,84,107,-1,107,84,86,-1,100,98,102,-1,102,98,96,-1,88,85,90,-1,90,85,84,-1,94,92,96,-1,96,92,90,-1,96,90,102,-1,102,90,84,-1,102,84,104,-1,104,84,106,-1,108,109,110,-1,110,109,111,-1,109,112,111,-1,111,112,113,-1,112,114,113,-1,113,114,115,-1,114,116,115,-1,115,116,117,-1,116,118,117,-1,117,118,119,-1,118,120,119,-1,119,120,121,-1,121,120,122,-1,122,120,123,-1,122,123,124,-1,123,125,124,-1,124,125,126,-1,125,127,126,-1,126,127,128,-1,127,129,128,-1,128,129,130,-1,129,131,130,-1,130,131,132,-1,131,133,132,-1,132,133,134,-1,134,133,135,-1,135,133,136,-1,135,136,137,-1,136,138,137,-1,137,138,139,-1,138,108,139,-1,139,108,110,-1,129,127,131,-1,131,127,125,-1,131,125,133,-1,133,125,123,-1,133,123,136,-1,112,109,114,-1,114,109,108,-1,114,108,116,-1,116,108,138,-1,116,138,118,-1,118,138,136,-1,118,136,120,-1,120,136,123,-1,140,141,142,-1,142,141,143,-1,141,144,143,-1,143,144,145,-1,144,146,145,-1,145,146,147,-1,146,148,147,-1,147,148,149,-1,148,150,149,-1,149,150,151,-1,152,153,154,-1,152,154,155,-1,155,154,151,-1,155,151,150,-1,152,156,153,-1,153,156,157,-1,158,159,160,-1,158,160,161,-1,161,160,162,-1,161,162,163,-1,163,162,157,-1,163,157,156,-1,158,164,159,-1,159,164,165,-1,164,166,165,-1,165,166,167,-1,166,140,167,-1,167,140,142,-1,148,146,144,-1,156,152,163,-1,163,152,155,-1,163,155,161,-1,161,155,150,-1,161,150,158,-1,141,140,166,-1,144,141,148,-1,148,141,166,-1,148,166,150,-1,150,166,164,-1,150,164,158,-1,
        ]
    }
}
Shape{
    appearance Appearance {
        material  Material 	{
            diffuseColor 0.2235294117647059 0.2235294117647059 0.2235294117647059
            specularColor 0.11372549019607843 0.11372549019607843 0.11372549019607843
            ambientIntensity 0.2235
            transparency 0.0
            shininess 0.5
        }
    }
    geometry IndexedFaceSet {
        ccw TRUE
        solid FALSE
        coord DEF co Coordinate {
            point [
                0.2054 -0.3246 0.3504, 0.2514 -0.4427 0.3504, 0.2054 -0.3246 0.3543, 0.2514 -0.4427 0.3543, 0.2342 -0.4427 0.3504, 0.2342 -0.4427 0.3543, 0.2222 -0.4096 0.3504, 0.2222 -0.4096 0.3543, 0.1734 -0.4096 0.3504, 0.1734 -0.4096 0.3543, 0.1621 -0.4427 0.3504, 0.1621 -0.4427 0.3543, 0.1449 -0.4427 0.3504, 0.1449 -0.4427 0.3543, 0.1895 -0.3246 0.3504, 0.1895 -0.3246 0.3543, 0.1774 -0.3966 0.3504, 0.2169 -0.3966 0.3504, 0.195 -0.3473 0.3504, 0.1962 -0.3432 0.3504, 0.1969 -0.339 0.3504, 0.1973 -0.339 0.3504, 0.1981 -0.3432 0.3504, 0.1991 -0.3473 0.3504, 0.1774 -0.3966 0.3543, 0.2169 -0.3966 0.3543, 0.195 -0.3473 0.3543, 0.1962 -0.3432 0.3543, 0.1969 -0.339 0.3543, 0.1973 -0.339 0.3543, 0.1981 -0.3432 0.3543, 0.1991 -0.3473 0.3543, 0.0733 -0.4427 0.3504, 0.0412 -0.4427 0.3504, 0.0733 -0.4427 0.3543, 0.0412 -0.4427 0.3543, 0.0412 -0.3246 0.3504, 0.0412 -0.3246 0.3543, 0.0745 -0.3246 0.3504, 0.0745 -0.3246 0.3543, 0.1362 -0.3822 0.3504, 0.1362 -0.3822 0.3543, 0.1354 -0.3711 0.3543, 0.1354 -0.3711 0.3504, 0.1322 -0.3594 0.3543, 0.1322 -0.3594 0.3504, 0.1267 -0.3493 0.3543, 0.1267 -0.3493 0.3504, 0.1183 -0.34 0.3543, 0.1183 -0.34 0.3504, 0.1182 -0.3399 0.3543, 0.1182 -0.3399 0.3504, 0.1054 -0.3313 0.3543, 0.1054 -0.3313 0.3504, 0.0915 -0.3264 0.3543, 0.0915 -0.3264 0.3504, 0.0879 -0.4414 0.3543, 0.0879 -0.4414 0.3504, 0.1015 -0.4374 0.3543, 0.1015 -0.4374 0.3504, 0.1138 -0.4302 0.3543, 0.1138 -0.4302 0.3504, 0.1235 -0.4209 0.3543, 0.1235 -0.4209 0.3504, 0.1303 -0.4103 0.3543, 0.1303 -0.4103 0.3504, 0.1346 -0.398 0.3543, 0.1346 -0.398 0.3504, 0.1125 -0.3541 0.3504, 0.1068 -0.348 0.3504, 0.0981 -0.3425 0.3504, 0.0884 -0.339 0.3504, 0.0744 -0.3376 0.3504, 0.057 -0.3376 0.3504, 0.057 -0.4297 0.3504, 0.0738 -0.4297 0.3504, 0.0862 -0.4286 0.3504, 0.0962 -0.4255 0.3504, 0.1042 -0.4207 0.3504, 0.1108 -0.4142 0.3504, 0.1158 -0.406 0.3504, 0.1193 -0.3949 0.3504, 0.1204 -0.3825 0.3504, 0.1194 -0.3708 0.3504, 0.1166 -0.3614 0.3504, 0.0744 -0.3376 0.3543, 0.057 -0.3376 0.3543, 0.0884 -0.339 0.3543, 0.0981 -0.3425 0.3543, 0.1068 -0.348 0.3543, 0.1125 -0.3541 0.3543, 0.1166 -0.3614 0.3543, 0.1194 -0.3708 0.3543, 0.1204 -0.3825 0.3543, 0.1193 -0.3949 0.3543, 0.1158 -0.406 0.3543, 0.1108 -0.4142 0.3543, 0.1042 -0.4207 0.3543, 0.0962 -0.4255 0.3543, 0.0862 -0.4286 0.3543, 0.0738 -0.4297 0.3543, 0.057 -0.4297 0.3543, 0.0181 -0.4297 0.3504, 0.0181 -0.4427 0.3504, 0.0181 -0.4297 0.3543, 0.0181 -0.4427 0.3543, -0.0453 -0.4427 0.3504, -0.0453 -0.4427 0.3543, -0.0453 -0.3246 0.3504, -0.0453 -0.3246 0.3543, 0.0152 -0.3246 0.3504, 0.0152 -0.3246 0.3543, 0.0152 -0.3376 0.3504, 0.0152 -0.3376 0.3543, -0.0294 -0.3376 0.3504, -0.0294 -0.3376 0.3543, -0.0294 -0.3765 0.3504, -0.0294 -0.3765 0.3543, 0.0123 -0.3765 0.3504, 0.0123 -0.3765 0.3543, 0.0123 -0.3894 0.3504, 0.0123 -0.3894 0.3543, -0.0294 -0.3894 0.3504, -0.0294 -0.3894 0.3543, -0.0294 -0.4297 0.3504, -0.0294 -0.4297 0.3543, -0.0683 -0.4236 0.3504, -0.0683 -0.4366 0.3504, -0.0683 -0.4236 0.3543, -0.0683 -0.4366 0.3543, -0.0809 -0.4418 0.3504, -0.1008 -0.4441 0.3504, -0.1008 -0.4441 0.3543, -0.0976 -0.4441 0.3543, -0.0976 -0.4441 0.3504, -0.0928 -0.4434 0.3543, -0.0809 -0.4418 0.3543, -0.1562 -0.3859 0.3504, -0.1562 -0.3859 0.3543, -0.155 -0.3996 0.3543, -0.155 -0.3996 0.3504, -0.1515 -0.4121 0.3543, -0.1515 -0.4121 0.3504, -0.1452 -0.4233 0.3543, -0.1452 -0.4233 0.3504, -0.1363 -0.4326 0.3543, -0.1363 -0.4326 0.3504, -0.1268 -0.4387 0.3543, -0.1268 -0.4387 0.3504, -0.1154 -0.4426 0.3543, -0.1154 -0.4426 0.3504, -0.1078 -0.4434 0.3543, -0.0961 -0.3232 0.3504, -0.0961 -0.3232 0.3543, -0.108 -0.3241 0.3543, -0.108 -0.3241 0.3504, -0.1211 -0.328 0.3543, -0.1211 -0.328 0.3504, -0.1324 -0.3344 0.3543, -0.1324 -0.3344 0.3504, -0.143 -0.3447 0.3543, -0.143 -0.3447 0.3504, -0.1499 -0.3557 0.3543, -0.1499 -0.3557 0.3504, -0.1545 -0.3691 0.3543, -0.1545 -0.3691 0.3504, -0.0683 -0.3278 0.3504, -0.0683 -0.3278 0.3543, -0.082 -0.3241 0.3543, -0.082 -0.3241 0.3504, -0.0683 -0.3437 0.3504, -0.0683 -0.3437 0.3543, -0.096 -0.3361 0.3504, -0.096 -0.3361 0.3543, -0.0816 -0.338 0.3543, -0.0816 -0.338 0.3504, -0.1403 -0.3849 0.3504, -0.1403 -0.3849 0.3543, -0.1398 -0.3757 0.3543, -0.1398 -0.3757 0.3504, -0.1366 -0.3631 0.3543, -0.1366 -0.3631 0.3504, -0.1318 -0.354 0.3543, -0.1318 -0.354 0.3504, -0.1246 -0.3461 0.3543, -0.1246 -0.3461 0.3504, -0.1164 -0.3406 0.3543, -0.1164 -0.3406 0.3504, -0.1076 -0.3374 0.3543, -0.1076 -0.3374 0.3504, -0.0986 -0.4312 0.3504, -0.0986 -0.4312 0.3543, -0.1096 -0.4299 0.3543, -0.1096 -0.4299 0.3504, -0.1183 -0.4268 0.3543, -0.1183 -0.4268 0.3504, -0.1255 -0.4219 0.3543, -0.1255 -0.4219 0.3504, -0.131 -0.416 0.3543, -0.131 -0.416 0.3504, -0.1359 -0.4079 0.3543, -0.1359 -0.4079 0.3504, -0.1391 -0.3977 0.3543, -0.1391 -0.3977 0.3504, -0.0704 -0.4248 0.3543, -0.0704 -0.4248 0.3504, -0.083 -0.4294 0.3543, -0.083 -0.4294 0.3504, -0.1663 -0.4297 0.3504, -0.1663 -0.4427 0.3504, -0.1663 -0.4297 0.3543, -0.1663 -0.4427 0.3543, -0.2268 -0.4427 0.3504, -0.2268 -0.4427 0.3543, -0.2268 -0.3246 0.3504, -0.2268 -0.3246 0.3543, -0.2109 -0.3246 0.3504, -0.2109 -0.3246 0.3543, -0.2109 -0.4297 0.3504, -0.2109 -0.4297 0.3543
            ]
        }
        coordIndex [
            0,1,2,-1,2,1,3,-1,1,4,3,-1,3,4,5,-1,4,6,5,-1,5,6,7,-1,6,8,7,-1,7,8,9,-1,8,10,9,-1,9,10,11,-1,10,12,11,-1,11,12,13,-1,12,14,13,-1,13,14,15,-1,14,0,15,-1,15,0,2,-1,16,8,17,-1,17,8,6,-1,18,14,16,-1,16,14,12,-1,16,12,8,-1,8,12,10,-1,18,19,14,-1,14,19,20,-1,14,20,0,-1,0,20,21,-1,0,21,22,-1,22,23,0,-1,0,23,17,-1,0,17,1,-1,1,17,6,-1,1,6,4,-1,16,17,24,-1,24,17,25,-1,18,16,26,-1,26,16,24,-1,18,26,27,-1,18,27,19,-1,19,27,28,-1,19,28,20,-1,21,20,29,-1,29,20,28,-1,21,29,30,-1,21,30,22,-1,22,30,31,-1,22,31,23,-1,17,23,25,-1,25,23,31,-1,32,33,34,-1,34,33,35,-1,33,36,35,-1,35,36,37,-1,36,38,37,-1,37,38,39,-1,40,41,42,-1,40,42,43,-1,43,42,44,-1,43,44,45,-1,45,44,46,-1,45,46,47,-1,47,46,48,-1,47,48,49,-1,49,48,50,-1,49,50,51,-1,51,50,52,-1,51,52,53,-1,53,52,54,-1,53,54,55,-1,55,54,39,-1,55,39,38,-1,32,34,56,-1,32,56,57,-1,57,56,58,-1,57,58,59,-1,59,58,60,-1,59,60,61,-1,61,60,62,-1,61,62,63,-1,63,62,64,-1,63,64,65,-1,65,64,66,-1,65,66,67,-1,67,66,41,-1,67,41,40,-1,45,47,68,-1,68,47,49,-1,68,49,69,-1,69,49,51,-1,69,51,70,-1,70,51,53,-1,70,53,71,-1,71,53,55,-1,71,55,72,-1,72,55,38,-1,72,38,73,-1,73,38,36,-1,73,36,74,-1,74,36,33,-1,74,33,75,-1,75,33,32,-1,75,32,76,-1,76,32,57,-1,76,57,77,-1,77,57,59,-1,77,59,78,-1,78,59,61,-1,78,61,79,-1,79,61,63,-1,79,63,80,-1,80,63,65,-1,80,65,81,-1,81,65,67,-1,81,67,82,-1,82,67,40,-1,82,40,83,-1,83,40,43,-1,83,43,84,-1,84,43,45,-1,84,45,68,-1,72,73,85,-1,85,73,86,-1,72,85,87,-1,72,87,71,-1,71,87,88,-1,71,88,70,-1,70,88,89,-1,70,89,69,-1,69,89,90,-1,69,90,68,-1,68,90,91,-1,68,91,84,-1,84,91,92,-1,84,92,83,-1,83,92,93,-1,83,93,82,-1,82,93,94,-1,82,94,81,-1,81,94,95,-1,81,95,80,-1,80,95,96,-1,80,96,79,-1,79,96,97,-1,79,97,78,-1,78,97,98,-1,78,98,77,-1,77,98,99,-1,77,99,76,-1,76,99,100,-1,76,100,75,-1,74,75,101,-1,101,75,100,-1,73,74,86,-1,86,74,101,-1,102,103,104,-1,104,103,105,-1,103,106,105,-1,105,106,107,-1,106,108,107,-1,107,108,109,-1,108,110,109,-1,109,110,111,-1,110,112,111,-1,111,112,113,-1,112,114,113,-1,113,114,115,-1,114,116,115,-1,115,116,117,-1,116,118,117,-1,117,118,119,-1,118,120,119,-1,119,120,121,-1,120,122,121,-1,121,122,123,-1,122,124,123,-1,123,124,125,-1,124,102,125,-1,125,102,104,-1,106,103,102,-1,102,124,106,-1,106,124,122,-1,106,122,108,-1,112,110,114,-1,114,110,108,-1,114,108,116,-1,116,108,122,-1,116,122,118,-1,118,122,120,-1,126,127,128,-1,128,127,129,-1,129,127,130,-1,131,132,133,-1,131,133,134,-1,134,133,135,-1,134,135,130,-1,130,135,136,-1,130,136,129,-1,137,138,139,-1,137,139,140,-1,140,139,141,-1,140,141,142,-1,142,141,143,-1,142,143,144,-1,144,143,145,-1,144,145,146,-1,146,145,147,-1,146,147,148,-1,148,147,149,-1,148,149,150,-1,150,149,131,-1,131,149,151,-1,131,151,132,-1,152,153,154,-1,152,154,155,-1,155,154,156,-1,155,156,157,-1,157,156,158,-1,157,158,159,-1,159,158,160,-1,159,160,161,-1,161,160,162,-1,161,162,163,-1,163,162,164,-1,163,164,165,-1,165,164,138,-1,165,138,137,-1,166,167,168,-1,166,168,169,-1,169,168,153,-1,169,153,152,-1,166,170,167,-1,167,170,171,-1,172,173,174,-1,172,174,175,-1,175,174,171,-1,175,171,170,-1,176,177,178,-1,176,178,179,-1,179,178,180,-1,179,180,181,-1,181,180,182,-1,181,182,183,-1,183,182,184,-1,183,184,185,-1,185,184,186,-1,185,186,187,-1,187,186,188,-1,187,188,189,-1,189,188,173,-1,189,173,172,-1,190,191,192,-1,190,192,193,-1,193,192,194,-1,193,194,195,-1,195,194,196,-1,195,196,197,-1,197,196,198,-1,197,198,199,-1,199,198,200,-1,199,200,201,-1,201,200,202,-1,201,202,203,-1,203,202,177,-1,203,177,176,-1,126,128,204,-1,126,204,205,-1,205,204,206,-1,205,206,207,-1,207,206,191,-1,207,191,190,-1,193,131,190,-1,190,131,134,-1,190,134,207,-1,207,134,130,-1,207,130,205,-1,205,130,127,-1,205,127,126,-1,170,166,175,-1,175,166,169,-1,175,169,172,-1,172,169,152,-1,172,152,189,-1,189,152,155,-1,189,155,187,-1,187,155,157,-1,187,157,185,-1,185,157,159,-1,185,159,183,-1,183,159,161,-1,183,161,181,-1,181,161,163,-1,181,163,179,-1,179,163,165,-1,179,165,176,-1,176,165,137,-1,176,137,203,-1,203,137,140,-1,203,140,201,-1,201,140,142,-1,201,142,199,-1,199,142,144,-1,199,144,197,-1,197,144,146,-1,197,146,195,-1,195,146,148,-1,195,148,193,-1,193,148,150,-1,193,150,131,-1,208,209,210,-1,210,209,211,-1,209,212,211,-1,211,212,213,-1,212,214,213,-1,213,214,215,-1,214,216,215,-1,215,216,217,-1,216,218,217,-1,217,218,219,-1,218,208,219,-1,219,208,210,-1,216,214,218,-1,218,214,212,-1,218,212,208,-1,208,212,209,-1,
        ]
    }
}
Shape{
    appearance Appearance {
        material  Material 	{
            diffuseColor 1.0 1.0 1.0
            specularColor 0.30196078431372547 0.30196078431372547 0.30196078431372547
            ambientIntensity 1.0
            transparency 0.0
            shininess 0.5
        }
    }
    geometry IndexedFaceSet {
        ccw TRUE
        solid FALSE
        coord DEF co Coordinate {
            point [
                0.1774 -0.3966 0.3543, 0.2169 -0.3966 0.3543, 0.195 -0.3473 0.3543, 0.1991 -0.3473 0.3543, 0.1962 -0.3432 0.3543, 0.1981 -0.3432 0.3543, 0.1969 -0.339 0.3543, 0.1973 -0.339 0.3543, 0.057 -0.3376 0.3543, 0.057 -0.4297 0.3543, 0.0744 -0.3376 0.3543, 0.0738 -0.4297 0.3543, 0.0862 -0.4286 0.3543, 0.1204 -0.3825 0.3543, 0.1194 -0.3708 0.3543, 0.1166 -0.3614 0.3543, 0.0884 -0.339 0.3543, 0.0962 -0.4255 0.3543, 0.1042 -0.4207 0.3543, 0.1108 -0.4142 0.3543, 0.1158 -0.406 0.3543, 0.1193 -0.3949 0.3543, 0.1125 -0.3541 0.3543, 0.1068 -0.348 0.3543, 0.0981 -0.3425 0.3543
            ]
        }
        coordIndex [
            0,1,2,-1,2,1,3,-1,2,3,4,-1,4,3,5,-1,4,5,6,-1,6,5,7,-1,8,9,10,-1,10,9,11,-1,10,11,12,-1,13,14,10,-1,10,14,15,-1,10,15,16,-1,12,17,10,-1,10,17,18,-1,10,18,19,-1,19,20,10,-1,10,20,21,-1,10,21,13,-1,22,23,15,-1,15,23,24,-1,15,24,16,-1,
        ]
    }
}