#VRML V2.0 utf8
# 3D model generated by easyeda2kicad.py (https://github.com/uPesy/easyeda2kicad.py)

Shape{
    appearance Appearance {
        material  Material 	{
            diffuseColor 0.25098039215686274 0.25098039215686274 0.25098039215686274
            specularColor 0.12549019607843137 0.12549019607843137 0.12549019607843137
            ambientIntensity 0.251
            transparency 0.0
            shininess 0.5
        }
    }
    geometry IndexedFaceSet {
        ccw TRUE
        solid FALSE
        coord DEF co Coordinate {
            point [
                -0.6807 1.1102 1.8552, -0.6807 1.1102 1.9951, 0.5782 1.1102 1.9951, -1.8406 1.1102 2.1138, -1.8406 1.1102 2.2047, -0.6807 1.1102 2.2047, 0.9415 1.1102 1.9941, 0.9334 1.1102 1.9951, 0.9759 1.1102 1.9951, 0.859 1.1102 1.7177, 0.8635 1.1102 1.7171, 0.8368 1.1102 1.7171, 1.2788 1.1102 2.0061, 1.2624 1.1102 1.9951, 1.0851 1.1102 1.9951, 1.2449 1.1102 1.9833, 1.2202 1.1102 1.9548, 1.1348 1.1102 1.8552, 1.0851 1.1102 1.8552, 1.1415 1.1102 1.8718, 1.157 1.1102 1.8934, 1.1776 1.1102 1.9109, 1.2039 1.1102 1.9234, 1.2001 1.1102 1.9221, 1.4208 1.1102 2.0046, 1.3858 1.1102 2.0181, 1.8406 1.1102 2.1138, 1.3481 1.1102 2.0228, 1.0851 1.1102 2.1138, 1.3169 1.1102 2.0195, 1.6071 1.1102 1.8761, 1.8406 1.1102 1.9951, 1.6112 1.1102 1.8552, 1.8406 1.1102 1.8552, 1.6127 1.1102 1.8476, 1.4362 1.1102 1.9951, 1.4392 1.1102 1.9932, 1.5946 1.1102 1.9031, 1.5774 1.1102 1.9249, 1.5715 1.1102 1.9304, 1.5462 1.1102 1.9477, 1.5179 1.1102 1.9581, 1.4901 1.1102 1.9613, 1.4571 1.1102 1.9779, 1.4814 1.1102 1.9608, 1.4726 1.1102 1.9598, 1.5204 1.1102 1.7192, 1.5324 1.1102 1.7229, 1.8406 1.1102 1.7171, 1.5596 1.1102 1.7368, 1.5812 1.1102 1.7556, 1.5995 1.1102 1.7823, 1.6099 1.1102 1.8107, 1.6131 1.1102 1.8383, 1.4867 1.1102 1.6778, 1.5016 1.1102 1.689, 1.8406 1.1102 1.6748, 1.5128 1.1102 1.7029, 1.5195 1.1102 1.7171, 1.8406 1.1102 -0.0394, 1.3681 1.1102 -0.0394, 1.3681 1.1102 1.1417, 1.4483 1.1102 1.6676, 1.4513 1.1102 1.6676, 1.4692 1.1102 1.6704, 1.4797 1.1102 1.6748, 1.3772 1.1102 1.7171, 1.3773 1.1102 1.7169, 1.0851 1.1102 1.6748, 1.3862 1.1102 1.7, 1.3979 1.1102 1.6868, 1.4131 1.1102 1.6763, 1.4169 1.1102 1.6748, 1.2802 1.1102 1.7619, 1.275 1.1102 1.764, 1.2662 1.1102 1.8072, 1.3914 1.1102 1.7943, 1.2897 1.1102 1.8475, 1.4047 1.1102 1.8064, 1.4208 1.1102 1.815, 1.2849 1.1102 1.7587, 1.1418 1.1102 1.7728, 1.1569 1.1102 1.7518, 1.0851 1.1102 1.7171, 1.1762 1.1102 1.8297, 1.1797 1.1102 1.8443, 1.1856 1.1102 1.8552, 1.5633 1.1102 1.8552, 1.1322 1.1102 1.8487, 1.1288 1.1102 1.8239, 1.1323 1.1102 1.7968, 1.2692 1.1102 1.7647, 1.2685 1.1102 1.7647, 1.2662 1.1102 1.7642, 1.5589 1.1102 1.8097, 1.5498 1.1102 1.7942, 1.5113 1.1102 1.7864, 1.5362 1.1102 1.7802, 1.5197 1.1102 1.77, 1.4832 1.1102 1.8115, 1.4987 1.1102 1.8007, 1.5652 1.1102 1.8399, 1.5643 1.1102 1.8283, 1.4664 1.1102 1.8179, 1.4483 1.1102 1.8201, 1.4391 1.1102 1.8196, 1.1775 1.1102 1.7343, 1.2007 1.1102 1.723, 1.2259 1.1102 1.7177, 1.2927 1.1102 1.7412, 1.2926 1.1102 1.7439, 1.3724 1.1102 1.7511, 1.2911 1.1102 1.7497, 1.2882 1.1102 1.7549, 1.1912 1.1102 1.783, 1.1829 1.1102 1.7949, 1.1777 1.1102 1.8084, 1.1758 1.1102 1.8232, 1.2707 1.1102 1.7177, 1.275 1.1102 1.7183, 1.28 1.1102 1.7203, 1.2849 1.1102 1.7238, 1.2867 1.1102 1.7256, 1.29 1.1102 1.7304, 1.292 1.1102 1.7355, 1.3728 1.1102 1.7357, 1.3724 1.1102 1.7435, 1.2646 1.1102 1.764, 1.2305 1.1102 1.764, 1.2169 1.1102 1.7666, 1.2035 1.1102 1.7727, 1.1923 1.1102 1.7819, 1.2571 1.1102 1.9274, 1.2741 1.1102 1.948, 1.4491 1.1102 1.9044, 1.2767 1.1102 1.9503, 1.298 1.1102 1.9651, 1.3218 1.1102 1.9741, 1.4546 1.1102 1.9074, 1.4716 1.1102 1.9136, 1.1868 1.1102 1.8574, 1.1956 1.1102 1.8673, 1.235 1.1102 1.8824, 1.2074 1.1102 1.8755, 1.2206 1.1102 1.8806, 1.2411 1.1102 1.8824, 1.2456 1.1102 1.9029, 1.5159 1.1102 1.9109, 1.5328 1.1102 1.902, 1.4971 1.1102 1.9154, 1.546 1.1102 1.8903, 1.5565 1.1102 1.8751, 1.4893 1.1102 1.9158, 1.563 1.1102 1.8582, 1.3749 1.1102 1.9738, 1.3997 1.1102 1.9638, 1.3474 1.1102 1.9773, 1.4208 1.1102 1.9484, 1.4377 1.1102 1.928, 0.6907 1.1102 1.8125, 0.6883 1.1102 1.7302, 0.6782 1.1102 1.8552, 0.6782 1.1102 1.7171, 0.6883 1.1102 1.718, 0.7119 1.1102 1.7171, 0.7119 1.1102 1.7783, 0.6937 1.1102 1.7783, 0.6937 1.1102 1.7661, 0.7119 1.1102 1.7302, 0.7119 1.1102 1.7661, 0.7319 1.1102 1.7661, 0.7319 1.1102 1.7302, 0.7119 1.1102 1.8125, 0.7319 1.1102 1.8125, 0.7319 1.1102 1.7783, 0.7119 1.1102 1.718, 0.7457 1.1102 1.718, 0.7905 1.1102 1.7171, 0.7601 1.1102 1.7943, 0.7984 1.1102 1.737, 0.7968 1.1102 1.7307, 0.7964 1.1102 1.7307, 0.8119 1.1102 1.8552, 0.7457 1.1102 1.8248, 0.7119 1.1102 1.8552, 0.7119 1.1102 1.8248, 0.6907 1.1102 1.8248, 0.7958 1.1102 1.7333, 0.7948 1.1102 1.7369, 0.8119 1.1102 1.7757, 0.774 1.1102 1.7943, 0.9053 1.1102 1.7171, 0.8917 1.1102 1.7207, 0.8917 1.1102 1.7345, 0.8917 1.1102 1.7737, 0.8911 1.1102 1.7785, 0.9053 1.1102 1.8552, 0.8896 1.1102 1.7644, 0.8911 1.1102 1.7685, 0.8857 1.1102 1.7309, 0.8856 1.1102 1.7308, 0.8856 1.1102 1.7593, 0.8879 1.1102 1.7616, 0.8857 1.1102 1.7593, 0.8856 1.1102 1.7185, 0.8856 1.1102 1.7171, 0.8823 1.1102 1.7174, 0.8797 1.1102 1.7171, 0.8711 1.1102 1.7162, 0.8856 1.1102 1.6748, 0.8439 1.1102 1.7926, 0.8439 1.1102 1.7796, 0.8831 1.1102 1.79, 0.8798 1.1102 1.792, 0.8856 1.1102 1.8552, 0.8896 1.1102 1.7828, 0.8871 1.1102 1.7864, 0.8856 1.1102 1.7877, 0.8409 1.1102 1.7334, 0.8425 1.1102 1.7292, 0.845 1.1102 1.7256, 0.8726 1.1102 1.7947, 0.862 1.1102 1.796, 0.8368 1.1102 1.8552, 0.8526 1.1102 1.7952, 0.8447 1.1102 1.7514, 0.8422 1.1102 1.7477, 0.8408 1.1102 1.7438, 0.8402 1.1102 1.7388, 0.8488 1.1102 1.7223, 0.8519 1.1102 1.7204, 0.8633 1.1102 1.7852, 0.8672 1.1102 1.7849, 0.8779 1.1102 1.7749, 0.8708 1.1102 1.7839, 0.8738 1.1102 1.7823, 0.8778 1.1102 1.7731, 0.8772 1.1102 1.771, 0.8763 1.1102 1.7692, 0.875 1.1102 1.7678, 0.8702 1.1102 1.7649, 0.8539 1.1102 1.784, 0.862 1.1102 1.7613, 0.8464 1.1102 1.7811, 0.8568 1.1102 1.7592, 0.8479 1.1102 1.7542, 0.8758 1.1102 1.7805, 0.877 1.1102 1.7788, 0.8776 1.1102 1.777, 0.8773 1.1102 1.7279, 0.8714 1.1102 1.7515, 0.8794 1.1102 1.7552, 0.8697 1.1102 1.7271, 0.8692 1.1102 1.7271, 0.8626 1.1102 1.7479, 0.8623 1.1102 1.7279, 0.854 1.1102 1.7375, 0.8541 1.1102 1.7391, 0.8588 1.1102 1.7292, 0.8576 1.1102 1.7299, 0.8561 1.1102 1.7313, 0.8549 1.1102 1.733, 0.8542 1.1102 1.7349, 0.8547 1.1102 1.7412, 0.8557 1.1102 1.743, 0.8574 1.1102 1.7447, 0.639 1.1102 1.9166, 0.6782 1.1102 1.9166, 0.6281 1.1102 1.8874, 0.6129 1.1102 1.8874, 0.5782 1.1102 1.8552, 0.6536 1.1102 1.9942, 0.7089 1.1102 1.8874, 0.6937 1.1102 1.8874, 0.6835 1.1102 1.9166, 0.8368 1.1102 1.9951, 0.8244 1.1102 1.9942, 0.8119 1.1102 1.9951, 0.8244 1.1102 1.9819, 0.8274 1.1102 1.9477, 0.8274 1.1102 1.9355, 0.822 1.1102 1.8996, 0.8368 1.1102 1.8996, 0.8368 1.1102 1.9355, 0.8656 1.1102 1.9355, 0.8656 1.1102 1.8996, 0.8368 1.1102 1.9819, 0.8368 1.1102 1.9477, 0.8656 1.1102 1.9819, 0.8656 1.1102 1.9477, 0.8794 1.1102 1.8874, 0.8368 1.1102 1.8874, 0.822 1.1102 1.8874, 0.8856 1.1102 1.9951, 0.8794 1.1102 1.9942, 0.8368 1.1102 1.9942, 0.3839 1.1102 0.9055, -0.3839 1.1102 0.9055, 0.3839 1.1102 1.1417, -0.3839 1.1102 1.1417, 0.8368 1.1102 1.1417, 0.8368 1.1102 1.6748, 0.8119 1.1102 1.1417, 0.8119 1.1102 1.6748, 0.7119 1.1102 1.1417, 0.7119 1.1102 1.6748, 0.6782 1.1102 1.1417, 0.6782 1.1102 1.6748, 0.5782 1.1102 1.1417, 0.5782 1.1102 1.6748, 0.9823 1.1102 1.6748, 0.9823 1.1102 1.1417, 0.9759 1.1102 1.1417, 1.0851 1.1102 1.1417, 1.43 1.1102 1.6698, -1.3681 1.1102 -0.0394, -1.8406 1.1102 -0.0394, -1.3681 1.1102 1.1417, -1.8406 1.1102 1.6748, -0.6807 1.1102 1.1417, -0.6807 1.1102 1.6748, 0.9053 1.1102 1.9951, 0.9053 1.1102 1.9929, 0.9007 1.1102 1.9916, 0.9007 1.1102 1.9772, 0.9019 1.1102 1.9778, 0.9053 1.1102 1.903, 0.9007 1.1102 1.905, 0.9053 1.1102 1.89, 0.9026 1.1102 1.8909, 0.9007 1.1102 1.8918, 0.9466 1.1102 1.9021, 0.939 1.1102 1.8992, 0.9283 1.1102 1.8979, 0.9053 1.1102 1.9791, 0.9128 1.1102 1.9819, 0.9112 1.1102 1.9003, 0.9259 1.1102 1.9835, 0.9233 1.1102 1.8981, 0.9644 1.1102 1.9543, 0.9662 1.1102 1.9396, 0.966 1.1102 1.9338, 0.964 1.1102 1.9235, 0.9301 1.1102 1.9833, 0.9393 1.1102 1.9816, 0.9477 1.1102 1.9777, 0.9602 1.1102 1.9151, 0.9557 1.1102 1.9091, 0.9536 1.1102 1.907, 0.955 1.1102 1.9717, 0.9608 1.1102 1.9635, 0.926 1.1102 1.996, 0.9146 1.1102 1.9951, 0.912 1.1102 1.9948, 0.973 1.1102 1.9701, 0.9653 1.1102 1.9802, 0.9627 1.1102 1.9827, 0.9527 1.1102 1.9897, 0.9823 1.1102 1.9951, 0.9781 1.1102 1.9583, 0.9759 1.1102 1.9633, 0.9759 1.1102 1.9145, 0.9785 1.1102 1.9213, 0.9823 1.1102 1.8552, 0.9807 1.1102 1.9388, 0.9805 1.1102 1.9443, 0.9483 1.1102 1.8883, 0.9584 1.1102 1.893, 0.9759 1.1102 1.8552, 0.967 1.1102 1.9002, 0.9742 1.1102 1.9102, 0.914 1.1102 1.8871, 0.9303 1.1102 1.8856, 0.9367 1.1102 1.8859, 0.9662 1.1102 1.7539, 0.9637 1.1102 1.7759, 0.9689 1.1102 1.7495, 0.9705 1.1102 1.7446, 0.9099 1.1102 1.718, 0.9232 1.1102 1.718, 0.9341 1.1102 1.7847, 0.9387 1.1102 1.7852, 0.9458 1.1102 1.7633, 0.9112 1.1102 1.7784, 0.9099 1.1102 1.7671, 0.9623 1.1102 1.7575, 0.9569 1.1102 1.7604, 0.9544 1.1102 1.7817, 0.9461 1.1102 1.7845, 0.9601 1.1102 1.7191, 0.9646 1.1102 1.7222, 0.9759 1.1102 1.7171, 0.9658 1.1102 1.7235, 0.9686 1.1102 1.7275, 0.9232 1.1102 1.7298, 0.9236 1.1102 1.7298, 0.9258 1.1102 1.7264, 0.9301 1.1102 1.7219, 0.9703 1.1102 1.7319, 0.9711 1.1102 1.7384, 0.9637 1.1102 1.7889, 0.9232 1.1102 1.7665, 0.9237 1.1102 1.7724, 0.9251 1.1102 1.7771, 0.9266 1.1102 1.7799, 0.961 1.1102 1.7905, 0.951 1.1102 1.7944, 0.9374 1.1102 1.796, 0.9281 1.1102 1.795, 0.9228 1.1102 1.7931, 0.9185 1.1102 1.7905, 0.9162 1.1102 1.7882, 0.9134 1.1102 1.7841, 0.9287 1.1102 1.7821, 0.931 1.1102 1.7836, 0.9396 1.1102 1.7171, 0.94 1.1102 1.717, 0.9053 1.1102 1.6748, 0.9759 1.1102 1.6748, 0.9053 1.1102 1.1417, 0.8856 1.1102 1.1417, 0.9469 1.1102 1.7162, 0.9547 1.1102 1.7171, 0.9549 1.1102 1.7172, 0.8119 1.1102 1.7171, 0.8119 1.1102 1.7398, 0.8333 1.1102 1.7943, 0.8183 1.1102 1.7943, 0.8034 1.1102 1.7182, 0.8038 1.1102 1.7171, 0.8092 1.1102 1.7043, 0.8305 1.1102 1.6832, 0.8305 1.1102 1.6951, 0.8144 1.1102 1.6967, 0.8119 1.1102 1.6994, 0.8119 1.1102 1.6995, 0.8278 1.1102 1.6942, 0.8229 1.1102 1.6936, 0.8119 1.1102 1.6845, 0.8165 1.1102 1.6827, 0.8219 1.1102 1.6821, 0.8249 1.1102 1.6822, 0.8194 1.1102 1.694, 0.8165 1.1102 1.6952, 0.7947 1.1102 1.7065, 0.8008 1.1102 1.6947, 0.8056 1.1102 1.6888, 0.8066 1.1102 1.688, 0.8112 1.1102 1.6847, -1.8406 1.1102 1.9951, -1.8406 1.1102 1.8552, -1.8406 1.1102 1.7171, -0.6807 1.1102 1.7171, 0.56 1.1102 1.718, 0.5753 1.1102 1.718, 0.5782 1.1102 1.7171, 0.4944 1.1102 1.718, 0.5053 1.1102 1.7472, 0.5498 1.1102 1.7472, 0.5346 1.1102 1.8248, 0.5199 1.1102 1.8248, 0.4792 1.1102 1.718, 0.6782 1.1102 1.9951, 0.6683 1.1102 1.9942, 0.6782 1.1102 1.9682, 0.5841 1.1102 1.7535, 0.5893 1.1102 1.7424, 0.5973 1.1102 1.733, 0.6084 1.1102 1.725, 0.6205 1.1102 1.7203, 0.6387 1.1102 1.718, 0.6681 1.1102 1.718, 0.6681 1.1102 1.8248, 0.6376 1.1102 1.8248, 0.6213 1.1102 1.823, 0.6085 1.1102 1.8183, 0.5973 1.1102 1.8107, 0.5936 1.1102 1.807, 0.5869 1.1102 1.7977, 0.583 1.1102 1.7876, 0.5812 1.1102 1.7728, 0.5815 1.1102 1.766, 0.8018 1.1102 1.8874, 0.7152 1.1102 1.9353, 0.7178 1.1102 1.9228, 0.723 1.1102 1.9118, 0.731 1.1102 1.9023, 0.7206 1.1102 1.9671, 0.7167 1.1102 1.9569, 0.7119 1.1102 1.9951, 0.7149 1.1102 1.9421, 0.7421 1.1102 1.8944, 0.7542 1.1102 1.8896, 0.7724 1.1102 1.8874, 0.8018 1.1102 1.9942, 0.7713 1.1102 1.9942, 0.755 1.1102 1.9924, 0.7422 1.1102 1.9876, 0.731 1.1102 1.98, 0.7273 1.1102 1.9764, 0.9346 1.1102 1.719, 0.9053 1.1102 2.1138, 0.8856 1.1102 2.1138, 0.8368 1.1102 2.1138, 0.8119 1.1102 2.1138, 0.7119 1.1102 2.1138, 0.6782 1.1102 2.1138, 0.5782 1.1102 2.1138, -0.6807 1.1102 2.1138, 0.9823 1.1102 1.7171, 0.9864 1.1102 1.8248, 0.9864 1.1102 1.8125, 0.9839 1.1102 1.7302, 0.9839 1.1102 1.718, 1.0413 1.1102 1.718, 1.0413 1.1102 1.8248, 1.0276 1.1102 1.7661, 1.0276 1.1102 1.7302, 0.9894 1.1102 1.7661, 0.9894 1.1102 1.7783, 1.0276 1.1102 1.7783, 1.0276 1.1102 1.8125, 1.0276 1.1102 1.9942, 1.0276 1.1102 1.8996, 0.985 1.1102 1.8996, 1.0413 1.1102 1.8874, 1.0413 1.1102 1.9942, 0.985 1.1102 1.8874, 0.9823 1.1102 2.1138, 0.9759 1.1102 2.1138, 0.926 1.1102 1.996, 0.5782 1.1102 2.2047, 0.6782 1.1102 2.2047, 0.7119 1.1102 2.2047, 0.8119 1.1102 2.2047, 0.8368 1.1102 2.2047, 0.8856 1.1102 2.2047, 0.9053 1.1102 2.2047, 0.9759 1.1102 2.2047, 0.9823 1.1102 2.2047, 1.0851 1.1102 2.2047, 1.8406 1.1102 2.2047, 1.5059 -0.7894 2.2047, 1.3878 -0.6713 2.0866, -0.3839 -0.7894 2.2047, -0.3839 -0.6713 2.0866, 0.3819 -0.6417 0.1181, 0.1181 -0.6417 0.1181, 0.3819 0.6378 0.1181, 0.1181 0.6378 0.1181, -0.1181 -0.6417 0.1181, -0.3819 -0.6417 0.1181, -0.1181 0.6378 0.1181, -0.3819 0.6378 0.1181, -0.6181 -0.6417 0.1181, -0.8819 -0.6417 0.1181, -0.6181 0.6378 0.1181, -0.8819 0.6378 0.1181, -1.1181 -0.6417 0.1181, -1.3681 -0.6417 0.1181, -1.1181 0.6378 0.1181, -1.3681 0.6378 0.1181, 0.3839 0.6673 0.748, 0.3839 0.6378 0.748, 0.3839 0.6378 0.2756, 0.3839 0.9921 0.9055, 0.3839 0.7087 0.2756, 0.3839 0.6673 1.1417, -0.3839 0.6673 1.1417, -0.3839 0.9921 0.9055, -0.3839 0.6673 0.748, -0.3839 0.7087 0.2756, -0.3839 0.6378 0.748, -0.3839 0.6378 0.2756, 0.3839 -1.1142 1.1417, 0.3839 -1.1142 0.9055, 0.3839 -0.6713 1.1417, 0.3839 -0.9961 0.9055, 0.3839 -0.6713 0.748, 0.3839 -0.7126 0.2756, 0.3839 -0.6417 0.748, 0.3839 -0.6417 0.2756, -0.3839 -0.7894 1.1417, -0.3839 -0.6713 0.748, -0.3839 -1.1142 0.9055, -0.3839 -1.1142 1.1417, -0.3839 -0.9961 0.9055, -0.3839 -0.7126 0.2756, -0.3839 -0.6417 0.2756, -0.3839 -0.6417 0.748, 0.6181 0.6378 0.1181, 0.8819 0.6378 0.1181, 0.6181 -0.6417 0.1181, 0.8819 -0.6417 0.1181, 1.1181 0.6378 0.1181, 1.3681 0.6378 0.1181, 1.1181 -0.6417 0.1181, 1.3681 -0.6417 0.1181, -1.3681 -1.1142 -0.0394, -1.8406 -1.1142 -0.0394, -1.3878 -0.3563 1.0236, -1.3878 -0.3563 2.0866, -1.3878 -0.6713 2.0866, -1.3878 0.6673 2.0866, -1.3878 0.3524 2.0866, -1.3878 0.6673 0.748, -1.3878 0.3524 1.0236, -1.3878 -0.002 0.748, -1.3878 -0.56 0.748, -1.3878 -0.7894 0.748, -1.3878 -0.7894 2.2047, 1.8406 -1.1142 2.2047, 1.8406 -0.4744 2.2047, 1.5059 -0.4744 2.2047, -1.5059 -0.4744 2.2047, -1.8406 -0.4744 2.2047, -1.5059 -0.7894 2.2047, -1.8406 -1.1142 2.2047, 1.5059 0.4705 2.2047, 1.8406 0.4705 2.2047, 1.5059 0.7854 2.2047, -1.5059 0.7854 2.2047, -1.5059 0.4705 2.2047, -1.8406 0.4705 2.2047, -1.8406 0.3524 1.0236, -1.8406 0.3524 2.0866, -1.8406 -0.3563 2.0866, -1.8406 -0.3563 1.0236, 1.3681 0.6378 0.748, 1.2333 0.6378 0.748, 1.2333 -0.002 0.748, 0.25 0.6673 0.748, -1.3681 0.6673 0.748, -1.3681 0.6378 0.748, -1.0787 0.3268 0.748, -1.0787 0.1693 0.748, -0.9213 0.1693 0.748, -0.75 -0.002 0.748, -0.9213 0.3268 0.748, -0.75 0.6378 0.748, -0.25 0.6673 0.748, -0.4213 0.3268 0.748, -0.25 -0.002 0.748, -0.4213 0.1693 0.748, -0.5787 0.1693 0.748, -0.5787 0.3268 0.748, 0.25 -0.002 0.748, 0.4213 0.3268 0.748, 0.75 0.6378 0.748, 0.5787 0.3268 0.748, 0.75 -0.002 0.748, 0.5787 0.1693 0.748, 0.4213 0.1693 0.748, 0.9213 0.1693 0.748, 1.0787 0.1693 0.748, 1.0787 0.3268 0.748, 0.9213 0.3268 0.748, 1.3878 -0.002 0.748, 1.3878 0.6673 0.748, 1.3681 0.6673 0.748, 1.3681 -0.6713 0.748, 1.3878 -0.6713 0.748, 1.3681 -0.6417 0.748, 1.3878 -0.56 0.748, 1.2333 -0.6417 0.748, 1.2333 -0.56 0.748, 0.75 -0.6417 0.748, 0.75 -0.56 0.748, 0.25 -0.56 0.748, -0.25 -0.56 0.748, -0.25 -0.6713 0.748, 0.25 -0.6713 0.748, -1.3681 -0.7894 0.748, -1.3681 -0.6417 0.748, -0.75 -0.6417 0.748, -0.75 -0.56 0.748, -0.9213 -0.1732 0.748, -1.0787 -0.1732 0.748, -1.0787 -0.3307 0.748, -0.9213 -0.3307 0.748, -0.5787 -0.3307 0.748, -0.4213 -0.3307 0.748, -0.4213 -0.1732 0.748, -0.5787 -0.1732 0.748, 0.0787 -0.1732 0.748, -0.0787 -0.1732 0.748, -0.0787 -0.3307 0.748, 0.0787 -0.3307 0.748, 0.5787 -0.1732 0.748, 0.4213 -0.1732 0.748, 0.4213 -0.3307 0.748, 0.5787 -0.3307 0.748, 1.0787 -0.1732 0.748, 0.9213 -0.1732 0.748, 0.9213 -0.3307 0.748, 1.0787 -0.3307 0.748, -0.0787 0.1693 0.748, 0.0787 0.1693 0.748, 0.0787 0.3268 0.748, -0.0787 0.3268 0.748, -1.3681 0.6673 1.1417, 1.3878 0.6673 2.0866, 1.3681 0.6673 1.1417, 1.8406 -1.1142 -0.0394, 1.3681 -1.1142 -0.0394, 1.3878 -0.3563 2.0866, 1.3878 -0.3563 1.0236, 1.3878 -0.501 0.748, 1.3878 0.3524 2.0866, 1.3878 0.3524 1.0236, 1.3681 -0.6713 1.1417, 1.8406 -0.3563 1.0236, 1.8406 -0.3563 2.0866, 1.8406 0.3524 2.0866, 1.8406 0.3524 1.0236, -1.3681 -1.1142 1.1417, 1.3681 -1.1142 1.1417, 0.6181 -0.6417 0.2756, 0.8819 -0.6417 0.2756, 1.1181 -0.6417 0.2756, -0.6181 -0.6417 0.2756, -1.1181 -0.6417 0.2756, -0.8819 -0.6417 0.2756, -1.3681 -0.7894 1.1417, 0.6181 0.6378 0.2756, 0.8819 0.6378 0.2756, 1.1181 0.6378 0.2756, -0.6181 0.6378 0.2756, -1.1181 0.6378 0.2756, -0.8819 0.6378 0.2756
            ]
        }
        coordIndex [
            0,1,2,-1,3,4,5,-1,6,7,8,-1,9,10,11,-1,12,13,14,-1,14,13,15,-1,14,15,16,-1,17,18,19,-1,19,18,14,-1,19,14,20,-1,20,14,21,-1,16,22,14,-1,14,22,23,-1,14,23,21,-1,24,25,26,-1,26,25,27,-1,26,27,28,-1,28,27,29,-1,28,29,12,-1,30,31,32,-1,32,31,33,-1,32,33,34,-1,24,26,35,-1,35,26,31,-1,35,31,36,-1,30,37,31,-1,31,37,38,-1,31,38,39,-1,39,40,31,-1,31,40,41,-1,31,41,36,-1,36,41,42,-1,36,42,43,-1,43,42,44,-1,43,44,45,-1,46,47,48,-1,48,47,49,-1,48,49,50,-1,50,51,48,-1,48,51,52,-1,48,52,33,-1,33,52,53,-1,33,53,34,-1,54,55,56,-1,56,55,57,-1,56,57,48,-1,48,57,58,-1,48,58,46,-1,59,60,56,-1,56,60,61,-1,62,63,61,-1,61,63,64,-1,61,64,56,-1,56,64,65,-1,56,65,54,-1,66,67,68,-1,68,67,69,-1,69,70,68,-1,68,70,71,-1,68,71,72,-1,73,74,75,-1,76,77,78,-1,78,77,79,-1,73,75,80,-1,81,82,83,-1,84,85,77,-1,77,85,86,-1,77,86,87,-1,17,88,18,-1,18,88,89,-1,18,89,83,-1,83,89,90,-1,83,90,81,-1,74,91,75,-1,75,91,92,-1,75,92,93,-1,94,95,96,-1,96,95,97,-1,96,97,98,-1,99,87,100,-1,100,87,101,-1,100,101,96,-1,96,101,102,-1,96,102,94,-1,99,103,87,-1,87,103,104,-1,87,104,77,-1,77,104,105,-1,77,105,79,-1,82,106,83,-1,83,106,107,-1,83,107,108,-1,109,110,111,-1,111,110,112,-1,111,112,75,-1,75,112,113,-1,75,113,80,-1,114,115,75,-1,75,115,116,-1,75,116,77,-1,77,116,117,-1,77,117,84,-1,118,119,66,-1,119,120,66,-1,66,120,121,-1,66,121,122,-1,122,123,66,-1,66,123,124,-1,66,124,125,-1,125,124,109,-1,125,109,126,-1,126,109,111,-1,93,127,75,-1,75,127,128,-1,75,128,129,-1,129,130,75,-1,75,130,131,-1,75,131,114,-1,132,133,134,-1,133,135,134,-1,134,135,136,-1,134,136,137,-1,86,134,87,-1,87,134,138,-1,87,138,139,-1,140,141,142,-1,142,141,143,-1,142,143,144,-1,140,142,86,-1,86,142,145,-1,86,145,134,-1,134,145,146,-1,134,146,132,-1,147,148,149,-1,149,148,150,-1,149,150,151,-1,139,152,87,-1,87,152,149,-1,87,149,153,-1,153,149,151,-1,154,155,156,-1,156,155,157,-1,156,157,137,-1,137,157,158,-1,137,158,134,-1,159,160,161,-1,161,160,162,-1,162,160,163,-1,162,163,164,-1,165,166,159,-1,159,166,160,-1,160,166,167,-1,160,167,168,-1,167,169,168,-1,168,169,170,-1,168,170,171,-1,159,172,165,-1,165,172,173,-1,165,173,174,-1,163,175,164,-1,164,175,176,-1,164,176,177,-1,177,176,178,-1,179,180,181,-1,182,183,184,-1,184,183,185,-1,184,185,161,-1,161,185,186,-1,161,186,159,-1,181,187,179,-1,179,187,188,-1,179,188,189,-1,189,188,190,-1,189,190,182,-1,182,190,178,-1,182,178,183,-1,183,178,176,-1,191,192,193,-1,194,195,196,-1,197,198,193,-1,199,200,201,-1,197,193,202,-1,199,201,193,-1,193,201,203,-1,193,203,202,-1,204,205,206,-1,206,205,207,-1,208,207,209,-1,209,207,205,-1,209,205,191,-1,191,205,204,-1,191,204,192,-1,210,211,11,-1,212,213,214,-1,195,215,196,-1,196,215,216,-1,196,216,214,-1,214,216,217,-1,214,217,212,-1,218,219,11,-1,11,219,220,-1,213,221,214,-1,214,221,222,-1,214,222,223,-1,223,222,224,-1,223,224,210,-1,225,226,211,-1,211,226,227,-1,211,227,11,-1,11,227,228,-1,11,228,218,-1,220,229,11,-1,11,229,230,-1,11,230,9,-1,231,232,233,-1,233,232,234,-1,233,234,235,-1,233,236,231,-1,231,236,237,-1,231,237,238,-1,238,239,231,-1,231,239,240,-1,231,240,241,-1,241,240,242,-1,241,242,243,-1,243,242,244,-1,243,244,211,-1,211,244,245,-1,211,245,225,-1,246,247,235,-1,235,247,248,-1,235,248,233,-1,249,250,200,-1,200,250,251,-1,200,251,201,-1,249,252,250,-1,250,252,253,-1,250,253,254,-1,254,253,255,-1,254,256,257,-1,255,258,254,-1,254,258,259,-1,254,259,260,-1,260,261,254,-1,254,261,262,-1,254,262,256,-1,257,263,254,-1,254,263,264,-1,254,264,265,-1,266,267,268,-1,268,267,161,-1,268,161,269,-1,269,161,270,-1,269,270,271,-1,272,184,273,-1,273,184,161,-1,273,161,274,-1,274,161,267,-1,275,276,277,-1,277,276,278,-1,279,280,281,-1,281,280,282,-1,280,283,282,-1,282,283,284,-1,282,284,285,-1,278,286,287,-1,287,286,288,-1,287,288,289,-1,290,214,291,-1,291,214,223,-1,291,223,292,-1,292,223,182,-1,292,182,281,-1,293,294,275,-1,275,294,295,-1,275,295,276,-1,296,297,298,-1,298,297,299,-1,209,300,301,-1,301,300,302,-1,301,302,303,-1,303,302,304,-1,303,304,305,-1,305,304,306,-1,305,306,307,-1,307,306,308,-1,307,308,309,-1,310,311,312,-1,311,68,313,-1,313,68,72,-1,313,72,61,-1,61,72,314,-1,61,314,62,-1,315,316,317,-1,317,316,318,-1,317,318,319,-1,319,318,320,-1,319,320,299,-1,299,320,309,-1,299,309,298,-1,298,309,308,-1,321,322,293,-1,293,322,323,-1,293,323,324,-1,325,326,327,-1,325,327,324,-1,324,327,214,-1,324,214,293,-1,293,214,290,-1,293,290,294,-1,328,196,329,-1,329,196,214,-1,329,214,330,-1,330,214,327,-1,331,332,333,-1,325,334,326,-1,326,334,335,-1,326,335,336,-1,336,335,337,-1,336,337,338,-1,339,340,338,-1,338,340,341,-1,338,341,342,-1,337,343,338,-1,338,343,344,-1,338,344,345,-1,342,346,338,-1,338,346,347,-1,338,347,333,-1,333,347,348,-1,333,348,331,-1,345,349,338,-1,338,349,350,-1,338,350,339,-1,351,352,321,-1,321,352,353,-1,321,353,322,-1,8,354,355,-1,355,356,8,-1,8,356,357,-1,8,357,6,-1,358,359,8,-1,8,359,360,-1,8,360,354,-1,361,362,363,-1,363,362,364,-1,363,364,358,-1,358,364,365,-1,358,365,359,-1,366,367,368,-1,368,367,369,-1,368,369,370,-1,328,371,196,-1,196,371,372,-1,196,372,368,-1,368,372,373,-1,368,373,366,-1,374,375,376,-1,376,375,377,-1,191,378,379,-1,380,381,382,-1,196,383,384,-1,374,385,375,-1,375,385,386,-1,375,386,387,-1,387,386,382,-1,387,382,388,-1,388,382,381,-1,198,194,193,-1,193,194,196,-1,193,196,191,-1,191,196,384,-1,191,384,378,-1,389,390,391,-1,391,390,392,-1,391,392,393,-1,394,395,379,-1,379,395,396,-1,379,396,397,-1,393,398,391,-1,391,398,399,-1,391,399,368,-1,368,399,377,-1,368,377,400,-1,400,377,375,-1,401,402,382,-1,382,402,403,-1,382,403,404,-1,400,405,368,-1,368,405,406,-1,368,406,196,-1,196,406,407,-1,407,408,196,-1,196,408,409,-1,196,409,410,-1,410,411,196,-1,196,411,412,-1,196,412,383,-1,404,413,382,-1,382,413,414,-1,382,414,380,-1,415,416,417,-1,416,418,417,-1,417,418,419,-1,417,419,420,-1,416,421,418,-1,418,421,422,-1,418,422,391,-1,391,422,423,-1,391,423,389,-1,424,425,11,-1,11,425,426,-1,210,11,223,-1,223,11,426,-1,223,426,182,-1,182,426,427,-1,182,427,189,-1,428,425,429,-1,429,425,424,-1,429,424,430,-1,301,431,432,-1,433,434,424,-1,424,434,435,-1,424,435,430,-1,208,209,10,-1,10,209,301,-1,10,301,11,-1,11,301,432,-1,11,432,424,-1,424,432,436,-1,424,436,437,-1,438,439,303,-1,303,439,440,-1,303,440,301,-1,301,440,441,-1,301,441,431,-1,437,442,424,-1,424,442,443,-1,424,443,433,-1,444,445,305,-1,444,305,177,-1,445,446,305,-1,305,446,447,-1,305,447,303,-1,303,447,448,-1,303,448,438,-1,449,1,450,-1,450,1,0,-1,450,0,451,-1,451,0,452,-1,453,454,455,-1,456,457,458,-1,455,454,270,-1,270,454,459,-1,270,459,460,-1,458,453,456,-1,456,453,455,-1,456,455,461,-1,461,455,452,-1,461,452,460,-1,460,452,0,-1,460,0,270,-1,270,0,2,-1,270,2,271,-1,271,2,462,-1,271,462,463,-1,463,462,464,-1,465,466,455,-1,455,466,467,-1,455,467,468,-1,468,469,455,-1,455,469,470,-1,455,470,162,-1,162,470,471,-1,162,471,161,-1,471,472,161,-1,161,472,473,-1,161,473,270,-1,270,473,474,-1,270,474,475,-1,475,476,270,-1,270,476,477,-1,270,477,478,-1,478,479,270,-1,270,479,480,-1,270,480,455,-1,455,480,481,-1,455,481,465,-1,177,305,164,-1,164,305,307,-1,164,307,162,-1,162,307,309,-1,162,309,455,-1,455,309,320,-1,455,320,452,-1,452,320,318,-1,452,318,451,-1,287,279,278,-1,278,279,281,-1,278,281,277,-1,277,281,182,-1,277,182,482,-1,483,484,184,-1,184,484,485,-1,184,485,486,-1,487,488,489,-1,489,488,490,-1,486,491,184,-1,184,491,492,-1,184,492,182,-1,182,492,493,-1,182,493,482,-1,482,494,277,-1,277,494,495,-1,277,495,489,-1,489,495,496,-1,489,496,497,-1,497,498,489,-1,489,498,499,-1,489,499,487,-1,464,462,272,-1,272,462,489,-1,272,489,184,-1,184,489,490,-1,184,490,483,-1,397,500,379,-1,379,500,415,-1,379,415,191,-1,191,415,417,-1,191,417,209,-1,209,417,420,-1,209,420,300,-1,351,321,501,-1,501,321,293,-1,501,293,502,-1,502,293,275,-1,502,275,503,-1,503,275,277,-1,503,277,504,-1,504,277,489,-1,504,489,505,-1,505,489,462,-1,505,462,506,-1,506,462,2,-1,506,2,507,-1,507,2,1,-1,507,1,508,-1,508,1,449,-1,508,449,3,-1,370,361,368,-1,368,361,363,-1,368,363,391,-1,391,363,509,-1,391,509,418,-1,311,310,68,-1,68,310,83,-1,68,83,66,-1,66,83,108,-1,66,108,118,-1,510,511,363,-1,363,511,512,-1,363,512,509,-1,509,512,513,-1,509,513,514,-1,510,363,515,-1,515,363,18,-1,515,18,514,-1,514,18,83,-1,514,83,509,-1,509,83,310,-1,509,310,418,-1,418,310,312,-1,418,312,419,-1,516,517,518,-1,518,517,512,-1,518,512,519,-1,519,512,511,-1,519,511,520,-1,520,511,521,-1,522,523,524,-1,525,526,14,-1,14,526,522,-1,14,522,358,-1,358,522,524,-1,358,524,363,-1,363,524,527,-1,363,527,18,-1,18,527,525,-1,18,525,14,-1,12,14,28,-1,28,14,358,-1,28,358,528,-1,528,358,8,-1,528,8,529,-1,529,8,7,-1,529,7,501,-1,501,7,530,-1,501,530,351,-1,3,5,508,-1,508,5,531,-1,508,531,507,-1,507,531,532,-1,507,532,506,-1,506,532,533,-1,506,533,505,-1,505,533,534,-1,505,534,504,-1,504,534,535,-1,504,535,503,-1,503,535,536,-1,503,536,502,-1,502,536,537,-1,502,537,501,-1,501,537,538,-1,501,538,529,-1,529,538,539,-1,529,539,528,-1,528,539,540,-1,528,540,28,-1,28,540,541,-1,28,541,26,-1,542,543,544,-1,544,543,545,-1,546,547,548,-1,548,547,549,-1,550,551,552,-1,552,551,553,-1,554,555,556,-1,556,555,557,-1,558,559,560,-1,560,559,561,-1,562,563,564,-1,565,296,298,-1,564,566,562,-1,562,566,565,-1,562,565,567,-1,567,565,298,-1,299,297,568,-1,568,297,569,-1,568,569,570,-1,570,569,571,-1,570,571,572,-1,572,571,573,-1,574,575,576,-1,576,575,577,-1,576,577,578,-1,578,577,579,-1,578,579,580,-1,580,579,581,-1,544,545,582,-1,582,545,583,-1,584,585,586,-1,586,585,582,-1,586,582,587,-1,587,582,583,-1,587,583,588,-1,588,583,589,-1,590,591,592,-1,592,591,593,-1,594,595,596,-1,596,595,597,-1,598,599,315,-1,315,599,316,-1,600,601,602,-1,603,604,605,-1,605,604,606,-1,605,606,607,-1,607,606,600,-1,607,600,608,-1,608,600,609,-1,609,600,602,-1,609,602,610,-1,611,612,613,-1,614,615,616,-1,616,615,617,-1,613,542,611,-1,611,542,544,-1,611,544,617,-1,617,544,610,-1,617,610,616,-1,618,619,620,-1,620,619,541,-1,620,541,621,-1,621,541,4,-1,621,4,622,-1,622,4,623,-1,624,625,623,-1,615,626,617,-1,617,626,627,-1,623,4,624,-1,624,4,316,-1,624,316,627,-1,627,316,599,-1,627,599,617,-1,628,629,630,-1,563,562,631,-1,632,605,633,-1,633,605,607,-1,634,633,635,-1,635,633,607,-1,635,607,636,-1,636,607,637,-1,636,637,638,-1,638,637,639,-1,638,639,634,-1,634,639,633,-1,570,572,640,-1,640,572,641,-1,640,641,642,-1,642,641,643,-1,642,643,637,-1,637,643,644,-1,637,644,639,-1,639,644,645,-1,639,645,572,-1,572,645,641,-1,631,646,563,-1,563,646,647,-1,563,647,648,-1,648,647,649,-1,648,649,650,-1,650,649,651,-1,650,651,646,-1,646,651,652,-1,646,652,647,-1,653,650,654,-1,654,650,630,-1,654,630,655,-1,655,630,629,-1,655,629,656,-1,656,629,648,-1,656,648,653,-1,653,648,650,-1,657,658,628,-1,628,658,659,-1,660,661,662,-1,662,661,663,-1,664,665,666,-1,666,665,667,-1,666,667,580,-1,580,667,668,-1,580,668,578,-1,669,670,668,-1,668,670,671,-1,668,671,578,-1,609,672,673,-1,583,670,589,-1,589,670,669,-1,589,669,674,-1,674,669,675,-1,674,675,673,-1,673,675,608,-1,673,608,609,-1,676,637,677,-1,677,637,607,-1,677,607,678,-1,678,607,608,-1,678,608,679,-1,679,608,675,-1,679,675,676,-1,676,675,637,-1,680,675,681,-1,681,675,669,-1,681,669,682,-1,682,669,642,-1,682,642,683,-1,683,642,637,-1,683,637,680,-1,680,637,675,-1,684,646,685,-1,685,646,642,-1,685,642,686,-1,686,642,669,-1,686,669,687,-1,687,669,668,-1,687,668,684,-1,684,668,646,-1,688,650,689,-1,689,650,646,-1,689,646,690,-1,690,646,668,-1,690,668,691,-1,691,668,667,-1,691,667,688,-1,688,667,650,-1,692,630,693,-1,693,630,650,-1,693,650,694,-1,694,650,667,-1,694,667,695,-1,695,667,665,-1,695,665,692,-1,692,665,630,-1,628,630,657,-1,657,630,665,-1,657,665,663,-1,663,665,664,-1,663,664,662,-1,696,642,697,-1,697,642,646,-1,697,646,698,-1,698,646,631,-1,698,631,699,-1,699,631,640,-1,699,640,696,-1,696,640,642,-1,605,632,700,-1,568,701,700,-1,700,701,603,-1,700,603,605,-1,631,562,567,-1,568,570,640,-1,659,658,702,-1,702,658,701,-1,702,701,567,-1,567,701,568,-1,567,568,631,-1,631,568,640,-1,59,703,60,-1,60,703,704,-1,543,705,661,-1,661,705,706,-1,661,706,707,-1,708,701,709,-1,709,701,658,-1,709,658,706,-1,706,658,657,-1,706,657,707,-1,661,660,710,-1,576,545,710,-1,710,545,543,-1,710,543,661,-1,576,578,671,-1,576,671,545,-1,545,671,670,-1,545,670,583,-1,711,712,612,-1,619,713,541,-1,541,713,714,-1,612,611,711,-1,711,611,703,-1,711,703,714,-1,714,703,59,-1,714,59,541,-1,585,611,715,-1,715,611,617,-1,715,617,598,-1,598,617,599,-1,704,703,716,-1,716,703,611,-1,716,611,574,-1,574,611,585,-1,574,585,575,-1,575,585,584,-1,592,593,717,-1,717,593,718,-1,596,597,719,-1,719,597,662,-1,719,662,718,-1,718,662,664,-1,718,664,717,-1,717,664,666,-1,717,666,581,-1,581,666,580,-1,660,662,597,-1,704,716,710,-1,710,660,704,-1,704,660,597,-1,704,597,60,-1,60,597,595,-1,702,61,659,-1,659,61,60,-1,659,60,628,-1,628,60,595,-1,716,574,710,-1,710,574,576,-1,589,674,588,-1,588,674,720,-1,559,558,673,-1,673,558,721,-1,673,721,722,-1,555,554,722,-1,722,554,720,-1,722,720,673,-1,673,720,674,-1,723,715,672,-1,672,715,598,-1,317,700,315,-1,315,700,632,-1,673,672,559,-1,559,672,598,-1,559,598,561,-1,561,598,315,-1,561,315,633,-1,633,315,632,-1,582,585,723,-1,723,585,715,-1,564,563,724,-1,724,563,725,-1,724,725,590,-1,590,725,591,-1,595,594,628,-1,628,594,726,-1,628,726,629,-1,629,726,725,-1,629,725,648,-1,648,725,563,-1,61,702,298,-1,298,702,567,-1,572,573,639,-1,639,573,727,-1,639,727,633,-1,560,561,728,-1,728,561,633,-1,728,633,729,-1,729,633,727,-1,729,727,557,-1,557,727,556,-1,299,568,317,-1,317,568,700,-1,
        ]
    }
}
Shape{
    appearance Appearance {
        material  Material 	{
            diffuseColor 1.0 1.0 0.5019607843137255
            specularColor 0.5019607843137255 0.5019607843137255 0.25098039215686274
            ambientIntensity 0.9432
            transparency 0.0
            shininess 0.5
        }
    }
    geometry IndexedFaceSet {
        ccw TRUE
        solid FALSE
        coord DEF co Coordinate {
            point [
                -0.4213 0.1693 1.5354, -0.4213 0.1693 0.748, -0.4213 0.3268 1.5354, -0.4213 0.3268 0.748, -0.5787 0.3268 1.5354, -0.5787 0.3268 0.748, -0.5787 0.1693 1.5354, -0.5787 0.1693 0.748, -0.544 0.204 1.7323, -0.456 0.204 1.7323, -0.544 0.2921 1.7323, -0.456 0.2921 1.7323, -0.5787 -0.1732 1.5354, -0.5787 -0.1732 0.748, -0.5787 -0.3307 1.5354, -0.5787 -0.3307 0.748, -0.4213 -0.3307 1.5354, -0.4213 -0.3307 0.748, -0.4213 -0.1732 1.5354, -0.4213 -0.1732 0.748, -0.456 -0.2079 1.7323, -0.544 -0.2079 1.7323, -0.456 -0.296 1.7323, -0.544 -0.296 1.7323, -0.9213 0.3268 1.5354, -0.9213 0.3268 0.748, -1.0787 0.3268 1.5354, -1.0787 0.3268 0.748, -0.9213 0.1693 1.5354, -0.9213 0.1693 0.748, -1.0787 0.1693 1.5354, -1.0787 0.1693 0.748, -1.044 0.204 1.7323, -0.956 0.204 1.7323, -1.044 0.2921 1.7323, -0.956 0.2921 1.7323, 0.0787 0.3268 1.5354, 0.0787 0.3268 0.748, -0.0787 0.3268 1.5354, -0.0787 0.3268 0.748, 0.0787 0.1693 1.5354, 0.0787 0.1693 0.748, -0.0787 0.1693 1.5354, -0.0787 0.1693 0.748, -0.044 0.204 1.7323, 0.044 0.204 1.7323, -0.044 0.2921 1.7323, 0.044 0.2921 1.7323, 0.5787 0.3268 1.5354, 0.5787 0.3268 0.748, 0.4213 0.3268 1.5354, 0.4213 0.3268 0.748, 0.5787 0.1693 1.5354, 0.5787 0.1693 0.748, 0.4213 0.1693 1.5354, 0.4213 0.1693 0.748, 0.456 0.204 1.7323, 0.544 0.204 1.7323, 0.456 0.2921 1.7323, 0.544 0.2921 1.7323, 1.0787 0.3268 1.5354, 1.0787 0.3268 0.748, 0.9213 0.3268 1.5354, 0.9213 0.3268 0.748, 1.0787 0.1693 1.5354, 1.0787 0.1693 0.748, 0.9213 0.1693 1.5354, 0.9213 0.1693 0.748, 0.956 0.204 1.7323, 1.044 0.204 1.7323, 0.956 0.2921 1.7323, 1.044 0.2921 1.7323, -1.0787 -0.3307 1.5354, -1.0787 -0.3307 0.748, -0.9213 -0.3307 1.5354, -0.9213 -0.3307 0.748, -1.0787 -0.1732 1.5354, -1.0787 -0.1732 0.748, -0.9213 -0.1732 1.5354, -0.9213 -0.1732 0.748, -0.956 -0.2079 1.7323, -1.044 -0.2079 1.7323, -0.956 -0.296 1.7323, -1.044 -0.296 1.7323, -0.0787 -0.3307 1.5354, -0.0787 -0.3307 0.748, 0.0787 -0.3307 1.5354, 0.0787 -0.3307 0.748, -0.0787 -0.1732 1.5354, -0.0787 -0.1732 0.748, 0.0787 -0.1732 1.5354, 0.0787 -0.1732 0.748, 0.044 -0.2079 1.7323, -0.044 -0.2079 1.7323, 0.044 -0.296 1.7323, -0.044 -0.296 1.7323, 0.4213 -0.3307 1.5354, 0.4213 -0.3307 0.748, 0.5787 -0.3307 1.5354, 0.5787 -0.3307 0.748, 0.4213 -0.1732 1.5354, 0.4213 -0.1732 0.748, 0.5787 -0.1732 1.5354, 0.5787 -0.1732 0.748, 0.544 -0.2079 1.7323, 0.456 -0.2079 1.7323, 0.544 -0.296 1.7323, 0.456 -0.296 1.7323, 0.9213 -0.3307 1.5354, 0.9213 -0.3307 0.748, 1.0787 -0.3307 1.5354, 1.0787 -0.3307 0.748, 0.9213 -0.1732 1.5354, 0.9213 -0.1732 0.748, 1.0787 -0.1732 1.5354, 1.0787 -0.1732 0.748, 1.044 -0.2079 1.7323, 0.956 -0.2079 1.7323, 1.044 -0.296 1.7323, 0.956 -0.296 1.7323
            ]
        }
        coordIndex [
            0,1,2,-1,2,1,3,-1,2,3,4,-1,4,3,5,-1,4,5,6,-1,6,5,7,-1,6,7,0,-1,0,7,1,-1,8,9,10,-1,10,9,11,-1,12,13,14,-1,14,13,15,-1,14,15,16,-1,16,15,17,-1,16,17,18,-1,18,17,19,-1,18,19,12,-1,12,19,13,-1,20,21,22,-1,22,21,23,-1,14,23,12,-1,12,23,21,-1,16,22,14,-1,14,22,23,-1,20,18,21,-1,21,18,12,-1,18,20,16,-1,16,20,22,-1,2,11,0,-1,0,11,9,-1,4,10,2,-1,2,10,11,-1,8,6,9,-1,9,6,0,-1,6,8,4,-1,4,8,10,-1,24,25,26,-1,26,25,27,-1,28,29,24,-1,24,29,25,-1,30,31,28,-1,28,31,29,-1,26,27,30,-1,30,27,31,-1,32,33,34,-1,34,33,35,-1,26,34,24,-1,24,34,35,-1,24,35,28,-1,28,35,33,-1,32,30,33,-1,33,30,28,-1,30,32,26,-1,26,32,34,-1,36,37,38,-1,38,37,39,-1,40,41,36,-1,36,41,37,-1,42,43,40,-1,40,43,41,-1,38,39,42,-1,42,39,43,-1,44,45,46,-1,46,45,47,-1,38,46,36,-1,36,46,47,-1,36,47,40,-1,40,47,45,-1,44,42,45,-1,45,42,40,-1,42,44,38,-1,38,44,46,-1,48,49,50,-1,50,49,51,-1,52,53,48,-1,48,53,49,-1,54,55,52,-1,52,55,53,-1,50,51,54,-1,54,51,55,-1,56,57,58,-1,58,57,59,-1,50,58,48,-1,48,58,59,-1,48,59,52,-1,52,59,57,-1,56,54,57,-1,57,54,52,-1,54,56,50,-1,50,56,58,-1,60,61,62,-1,62,61,63,-1,64,65,60,-1,60,65,61,-1,66,67,64,-1,64,67,65,-1,62,63,66,-1,66,63,67,-1,68,69,70,-1,70,69,71,-1,62,70,60,-1,60,70,71,-1,60,71,64,-1,64,71,69,-1,68,66,69,-1,69,66,64,-1,66,68,62,-1,62,68,70,-1,72,73,74,-1,74,73,75,-1,76,77,72,-1,72,77,73,-1,78,79,76,-1,76,79,77,-1,74,75,78,-1,78,75,79,-1,80,81,82,-1,82,81,83,-1,74,82,72,-1,72,82,83,-1,72,83,76,-1,76,83,81,-1,80,78,81,-1,81,78,76,-1,78,80,74,-1,74,80,82,-1,84,85,86,-1,86,85,87,-1,88,89,84,-1,84,89,85,-1,90,91,88,-1,88,91,89,-1,86,87,90,-1,90,87,91,-1,92,93,94,-1,94,93,95,-1,86,94,84,-1,84,94,95,-1,84,95,88,-1,88,95,93,-1,92,90,93,-1,93,90,88,-1,90,92,86,-1,86,92,94,-1,96,97,98,-1,98,97,99,-1,100,101,96,-1,96,101,97,-1,102,103,100,-1,100,103,101,-1,98,99,102,-1,102,99,103,-1,104,105,106,-1,106,105,107,-1,98,106,96,-1,96,106,107,-1,96,107,100,-1,100,107,105,-1,104,102,105,-1,105,102,100,-1,102,104,98,-1,98,104,106,-1,108,109,110,-1,110,109,111,-1,112,113,108,-1,108,113,109,-1,114,115,112,-1,112,115,113,-1,110,111,114,-1,114,111,115,-1,116,117,118,-1,118,117,119,-1,110,118,108,-1,108,118,119,-1,108,119,112,-1,112,119,117,-1,116,114,117,-1,117,114,112,-1,114,116,110,-1,110,116,118,-1,
        ]
    }
}
Shape{
    appearance Appearance {
        material  Material 	{
            diffuseColor 0.25098039215686274 0.25098039215686274 0.25098039215686274
            specularColor 0.12549019607843137 0.12549019607843137 0.12549019607843137
            ambientIntensity 0.251
            transparency 0.0
            shininess 0.5
        }
    }
    geometry IndexedFaceSet {
        ccw TRUE
        solid FALSE
        coord DEF co Coordinate {
            point [
                1.3878 0.3524 2.0866, 1.3878 0.3524 1.0236, 1.8406 0.3524 2.0866, 1.8406 0.3524 1.0236, 1.8406 -0.3563 1.0236, 1.3878 -0.3563 1.0236, 1.8406 -0.3563 2.0866, 1.3878 -0.3563 2.0866, -1.3878 -0.3563 2.0866, -1.3878 -0.3563 1.0236, -1.8406 -0.3563 2.0866, -1.8406 -0.3563 1.0236, -1.8406 0.3524 1.0236, -1.3878 0.3524 1.0236, -1.8406 0.3524 2.0866, -1.3878 0.3524 2.0866, 1.5059 -0.4744 2.2047, 1.8406 -0.4744 2.2047, 1.3878 -0.6713 2.0866, 1.5059 -0.7894 2.2047, -1.3878 -0.6713 2.0866, -1.5059 -0.7894 2.2047, -1.3878 -0.7894 2.2047, -1.5059 -0.4744 2.2047, -1.8406 -0.4744 2.2047, 1.5059 0.4705 2.2047, 1.8406 0.4705 2.2047, 1.5059 0.7854 2.2047, 1.3878 0.6673 2.0866, -1.5059 0.7854 2.2047, -1.3878 0.6673 2.0866, -1.5059 0.4705 2.2047, -1.8406 0.4705 2.2047, 0.1181 -0.7126 0.2756, 0.1181 -0.6417 0.1181, 0.3819 -0.6417 0.1181, 0.3839 -0.7126 0.2756, 0.3839 -0.9961 0.9055, 0.3819 -0.7126 0.2756, -0.3839 -0.9961 0.9055, -0.3839 -0.7126 0.2756, -0.3819 -0.7126 0.2756, -0.3819 -0.6417 0.1181, -0.1181 -0.6417 0.1181, -0.1181 -0.7126 0.2756, -0.3839 -1.1142 0.9055, 0.3839 -1.1142 0.9055, -0.1181 0.7087 0.2756, -0.1181 0.6378 0.1181, -0.3819 0.6378 0.1181, -0.3839 0.7087 0.2756, -0.3839 0.9921 0.9055, -0.3819 0.7087 0.2756, 0.3839 0.9921 0.9055, 0.3839 0.7087 0.2756, 0.3819 0.7087 0.2756, 0.3819 0.6378 0.1181, 0.1181 0.6378 0.1181, 0.1181 0.7087 0.2756, -0.3839 1.1102 0.9055, 0.3839 1.1102 0.9055, 0.8819 0.6378 0.2756, 0.8819 -0.6417 0.2756, 0.8819 0.6378 0.1181, 0.8819 -0.6417 0.1181, 1.1181 0.6378 0.1181, 1.1181 -0.6417 0.1181, 1.1181 0.6378 0.2756, 1.1181 -0.6417 0.2756, 1.0787 -0.3307 0.2756, 0.9213 -0.3307 0.2756, 0.9213 -0.1732 0.2756, 0.9213 0.1693 0.2756, 1.0787 -0.1732 0.2756, 1.0787 0.1693 0.2756, 1.0787 0.3268 0.2756, 0.9213 0.3268 0.2756
            ]
        }
        coordIndex [
            0,1,2,-1,2,1,3,-1,4,3,5,-1,5,3,1,-1,6,4,7,-1,7,4,5,-1,8,9,10,-1,10,9,11,-1,11,9,12,-1,12,9,13,-1,14,12,15,-1,15,12,13,-1,7,16,6,-1,6,16,17,-1,18,19,7,-1,7,19,16,-1,20,21,22,-1,8,23,20,-1,20,23,21,-1,10,24,8,-1,8,24,23,-1,25,0,26,-1,26,0,2,-1,27,28,25,-1,25,28,0,-1,29,30,27,-1,27,30,28,-1,31,15,29,-1,29,15,30,-1,32,14,31,-1,31,14,15,-1,33,34,35,-1,36,37,38,-1,38,37,39,-1,39,40,41,-1,42,43,41,-1,41,43,44,-1,41,44,39,-1,39,44,33,-1,39,33,38,-1,38,33,35,-1,45,39,46,-1,46,39,37,-1,47,48,49,-1,50,51,52,-1,52,51,53,-1,53,54,55,-1,56,57,55,-1,55,57,58,-1,55,58,53,-1,53,58,47,-1,53,47,52,-1,52,47,49,-1,59,60,51,-1,51,60,53,-1,61,62,63,-1,63,62,64,-1,65,66,67,-1,67,66,68,-1,69,68,70,-1,70,68,62,-1,70,62,71,-1,62,61,71,-1,71,61,72,-1,71,72,73,-1,73,72,74,-1,69,73,68,-1,68,73,74,-1,68,74,67,-1,67,74,75,-1,67,75,61,-1,61,75,76,-1,61,76,72,-1,
        ]
    }
}
Shape{
    appearance Appearance {
        material  Material 	{
            diffuseColor 1.0 1.0 0.5019607843137255
            specularColor 0.5019607843137255 0.5019607843137255 0.25098039215686274
            ambientIntensity 0.9432
            transparency 0.0
            shininess 0.5
        }
    }
    geometry IndexedFaceSet {
        ccw TRUE
        solid FALSE
        coord DEF co Coordinate {
            point [
                0.9213 0.3268 -0.748, 0.9213 0.3268 0.2756, 1.0787 0.3268 -0.748, 1.0787 0.3268 0.2756, 1.0787 0.1693 -0.748, 1.0787 0.1693 0.2756, 0.9213 0.1693 -0.748, 0.9213 0.1693 0.2756, 0.956 0.204 -0.9449, 0.956 0.2921 -0.9449, 1.044 0.204 -0.9449, 1.044 0.2921 -0.9449, 0.956 -0.296 -0.9449, 0.956 -0.2079 -0.9449, 1.044 -0.296 -0.9449, 1.044 -0.2079 -0.9449, 0.9213 -0.1732 -0.748, 0.9213 -0.1732 0.2756, 1.0787 -0.1732 -0.748, 1.0787 -0.1732 0.2756, 1.0787 -0.3307 -0.748, 1.0787 -0.3307 0.2756, 0.9213 -0.3307 -0.748, 0.9213 -0.3307 0.2756
            ]
        }
        coordIndex [
            0,1,2,-1,2,1,3,-1,4,5,6,-1,6,5,7,-1,8,9,10,-1,10,9,11,-1,2,3,4,-1,4,3,5,-1,6,7,0,-1,0,7,1,-1,2,11,0,-1,0,11,9,-1,4,10,2,-1,2,10,11,-1,8,6,9,-1,9,6,0,-1,6,8,4,-1,4,8,10,-1,12,13,14,-1,14,13,15,-1,16,17,18,-1,18,17,19,-1,20,21,22,-1,22,21,23,-1,18,19,20,-1,20,19,21,-1,22,23,16,-1,16,23,17,-1,18,15,16,-1,16,15,13,-1,20,14,18,-1,18,14,15,-1,12,22,13,-1,13,22,16,-1,22,12,20,-1,20,12,14,-1,
        ]
    }
}
Shape{
    appearance Appearance {
        material  Material 	{
            diffuseColor 0.25098039215686274 0.25098039215686274 0.25098039215686274
            specularColor 0.12549019607843137 0.12549019607843137 0.12549019607843137
            ambientIntensity 0.251
            transparency 0.0
            shininess 0.5
        }
    }
    geometry IndexedFaceSet {
        ccw TRUE
        solid FALSE
        coord DEF co Coordinate {
            point [
                -0.3819 0.6378 0.1181, -0.3819 -0.6417 0.1181, -0.3819 0.7087 0.2756, -0.3819 -0.7126 0.2756, -0.6181 0.6378 0.1181, -0.6181 0.6378 0.2756, -0.6181 -0.6417 0.1181, -0.6181 -0.6417 0.2756, -0.5787 0.3268 0.2756, -0.5787 0.1693 0.2756, -0.5787 -0.1732 0.2756, -0.5787 -0.3307 0.2756, -0.3839 -0.6417 0.2756, -0.4213 -0.3307 0.2756, -0.4213 -0.1732 0.2756, -0.4213 0.1693 0.2756, -0.4213 0.3268 0.2756, -0.3839 0.7087 0.2756, -0.3839 0.6378 0.2756, -0.3839 -0.7126 0.2756, -0.1181 0.7087 0.2756, -0.1181 -0.7126 0.2756, -0.1181 0.6378 0.1181, -0.1181 -0.6417 0.1181, 0.1181 0.6378 0.1181, 0.1181 -0.6417 0.1181, 0.1181 0.7087 0.2756, 0.1181 -0.7126 0.2756, 0.0787 -0.3307 0.2756, -0.0787 -0.3307 0.2756, -0.0787 -0.1732 0.2756, -0.0787 0.1693 0.2756, 0.0787 -0.1732 0.2756, 0.0787 0.1693 0.2756, 0.0787 0.3268 0.2756, -0.0787 0.3268 0.2756, 0.6181 0.6378 0.1181, 0.6181 -0.6417 0.1181, 0.6181 0.6378 0.2756, 0.6181 -0.6417 0.2756, 0.3819 0.7087 0.2756, 0.3819 -0.7126 0.2756, 0.3819 0.6378 0.1181, 0.3819 -0.6417 0.1181, 0.3839 -0.7126 0.2756, 0.3839 -0.6417 0.2756, 0.4213 -0.3307 0.2756, 0.3839 0.6378 0.2756, 0.4213 -0.1732 0.2756, 0.4213 0.1693 0.2756, 0.5787 -0.1732 0.2756, 0.5787 0.1693 0.2756, 0.5787 -0.3307 0.2756, 0.3839 0.7087 0.2756, 0.5787 0.3268 0.2756, 0.4213 0.3268 0.2756, -1.1181 0.6378 0.1181, -1.1181 0.6378 0.2756, -1.1181 -0.6417 0.1181, -1.1181 -0.6417 0.2756, -0.8819 0.6378 0.2756, -0.8819 0.6378 0.1181, -0.8819 -0.6417 0.2756, -0.8819 -0.6417 0.1181, -0.9213 -0.3307 0.2756, -1.0787 -0.3307 0.2756, -1.0787 -0.1732 0.2756, -1.0787 0.1693 0.2756, -0.9213 -0.1732 0.2756, -0.9213 0.1693 0.2756, -0.9213 0.3268 0.2756, -1.0787 0.3268 0.2756
            ]
        }
        coordIndex [
            0,1,2,-1,2,1,3,-1,4,5,6,-1,6,5,7,-1,5,8,9,-1,10,11,7,-1,7,11,12,-1,12,11,13,-1,12,13,14,-1,7,5,10,-1,10,5,9,-1,10,9,14,-1,14,9,15,-1,14,15,12,-1,12,15,16,-1,17,2,18,-1,18,2,3,-1,8,5,16,-1,16,5,18,-1,16,18,12,-1,12,18,3,-1,12,3,19,-1,20,21,22,-1,22,21,23,-1,24,25,26,-1,26,25,27,-1,28,27,29,-1,29,27,21,-1,29,21,30,-1,21,20,30,-1,30,20,31,-1,30,31,32,-1,32,31,33,-1,28,32,27,-1,27,32,33,-1,27,33,26,-1,26,33,34,-1,26,34,20,-1,20,34,35,-1,20,35,31,-1,36,37,38,-1,38,37,39,-1,40,41,42,-1,42,41,43,-1,44,41,45,-1,45,41,40,-1,46,47,48,-1,48,47,49,-1,48,49,50,-1,50,49,51,-1,52,39,46,-1,46,39,45,-1,46,45,47,-1,47,45,40,-1,47,40,53,-1,52,50,39,-1,39,50,51,-1,39,51,38,-1,38,51,54,-1,38,54,47,-1,47,54,55,-1,47,55,49,-1,56,57,58,-1,58,57,59,-1,60,61,62,-1,62,61,63,-1,64,62,65,-1,65,62,59,-1,65,59,66,-1,59,57,66,-1,66,57,67,-1,66,67,68,-1,68,67,69,-1,64,68,62,-1,62,68,69,-1,62,69,60,-1,60,69,70,-1,60,70,57,-1,57,70,71,-1,57,71,67,-1,
        ]
    }
}
Shape{
    appearance Appearance {
        material  Material 	{
            diffuseColor 1.0 1.0 0.5019607843137255
            specularColor 0.5019607843137255 0.5019607843137255 0.25098039215686274
            ambientIntensity 0.9432
            transparency 0.0
            shininess 0.5
        }
    }
    geometry IndexedFaceSet {
        ccw TRUE
        solid FALSE
        coord DEF co Coordinate {
            point [
                0.456 -0.296 -0.9449, 0.456 -0.2079 -0.9449, 0.544 -0.296 -0.9449, 0.544 -0.2079 -0.9449, 0.4213 -0.1732 -0.748, 0.4213 -0.1732 0.2756, 0.5787 -0.1732 -0.748, 0.5787 -0.1732 0.2756, 0.5787 -0.3307 -0.748, 0.5787 -0.3307 0.2756, 0.4213 -0.3307 -0.748, 0.4213 -0.3307 0.2756, -0.044 -0.296 -0.9449, -0.044 -0.2079 -0.9449, 0.044 -0.296 -0.9449, 0.044 -0.2079 -0.9449, -0.0787 -0.1732 -0.748, -0.0787 -0.1732 0.2756, 0.0787 -0.1732 -0.748, 0.0787 -0.1732 0.2756, 0.0787 -0.3307 -0.748, 0.0787 -0.3307 0.2756, -0.0787 -0.3307 -0.748, -0.0787 -0.3307 0.2756, -0.544 -0.296 -0.9449, -0.544 -0.2079 -0.9449, -0.456 -0.296 -0.9449, -0.456 -0.2079 -0.9449, -0.5787 -0.1732 -0.748, -0.5787 -0.1732 0.2756, -0.4213 -0.1732 -0.748, -0.4213 -0.1732 0.2756, -0.4213 -0.3307 -0.748, -0.4213 -0.3307 0.2756, -0.5787 -0.3307 -0.748, -0.5787 -0.3307 0.2756, -1.044 -0.296 -0.9449, -1.044 -0.2079 -0.9449, -0.956 -0.296 -0.9449, -0.956 -0.2079 -0.9449, -1.0787 -0.1732 -0.748, -1.0787 -0.1732 0.2756, -0.9213 -0.1732 -0.748, -0.9213 -0.1732 0.2756, -0.9213 -0.3307 -0.748, -0.9213 -0.3307 0.2756, -1.0787 -0.3307 -0.748, -1.0787 -0.3307 0.2756, 0.4213 0.3268 -0.748, 0.4213 0.3268 0.2756, 0.5787 0.3268 -0.748, 0.5787 0.3268 0.2756, 0.5787 0.1693 -0.748, 0.5787 0.1693 0.2756, 0.4213 0.1693 -0.748, 0.4213 0.1693 0.2756, 0.456 0.204 -0.9449, 0.456 0.2921 -0.9449, 0.544 0.204 -0.9449, 0.544 0.2921 -0.9449, -0.0787 0.3268 -0.748, -0.0787 0.3268 0.2756, 0.0787 0.3268 -0.748, 0.0787 0.3268 0.2756, 0.0787 0.1693 -0.748, 0.0787 0.1693 0.2756, -0.0787 0.1693 -0.748, -0.0787 0.1693 0.2756, -0.044 0.204 -0.9449, -0.044 0.2921 -0.9449, 0.044 0.204 -0.9449, 0.044 0.2921 -0.9449, -0.5787 0.3268 -0.748, -0.5787 0.3268 0.2756, -0.4213 0.3268 -0.748, -0.4213 0.3268 0.2756, -0.4213 0.1693 -0.748, -0.4213 0.1693 0.2756, -0.5787 0.1693 -0.748, -0.5787 0.1693 0.2756, -0.544 0.204 -0.9449, -0.544 0.2921 -0.9449, -0.456 0.204 -0.9449, -0.456 0.2921 -0.9449, -1.0787 0.3268 -0.748, -1.0787 0.3268 0.2756, -0.9213 0.3268 -0.748, -0.9213 0.3268 0.2756, -0.9213 0.1693 -0.748, -0.9213 0.1693 0.2756, -1.0787 0.1693 -0.748, -1.0787 0.1693 0.2756, -1.044 0.204 -0.9449, -1.044 0.2921 -0.9449, -0.956 0.204 -0.9449, -0.956 0.2921 -0.9449
            ]
        }
        coordIndex [
            0,1,2,-1,2,1,3,-1,4,5,6,-1,6,5,7,-1,8,9,10,-1,10,9,11,-1,6,7,8,-1,8,7,9,-1,10,11,4,-1,4,11,5,-1,6,3,4,-1,4,3,1,-1,8,2,6,-1,6,2,3,-1,0,10,1,-1,1,10,4,-1,10,0,8,-1,8,0,2,-1,12,13,14,-1,14,13,15,-1,16,17,18,-1,18,17,19,-1,20,21,22,-1,22,21,23,-1,18,19,20,-1,20,19,21,-1,22,23,16,-1,16,23,17,-1,18,15,16,-1,16,15,13,-1,20,14,18,-1,18,14,15,-1,12,22,13,-1,13,22,16,-1,22,12,20,-1,20,12,14,-1,24,25,26,-1,26,25,27,-1,28,29,30,-1,30,29,31,-1,32,33,34,-1,34,33,35,-1,30,31,32,-1,32,31,33,-1,34,35,28,-1,28,35,29,-1,30,27,28,-1,28,27,25,-1,32,26,30,-1,30,26,27,-1,24,34,25,-1,25,34,28,-1,34,24,32,-1,32,24,26,-1,36,37,38,-1,38,37,39,-1,40,41,42,-1,42,41,43,-1,44,45,46,-1,46,45,47,-1,42,43,44,-1,44,43,45,-1,46,47,40,-1,40,47,41,-1,42,39,40,-1,40,39,37,-1,44,38,42,-1,42,38,39,-1,36,46,37,-1,37,46,40,-1,46,36,44,-1,44,36,38,-1,48,49,50,-1,50,49,51,-1,52,53,54,-1,54,53,55,-1,56,57,58,-1,58,57,59,-1,50,51,52,-1,52,51,53,-1,54,55,48,-1,48,55,49,-1,60,61,62,-1,62,61,63,-1,64,65,66,-1,66,65,67,-1,68,69,70,-1,70,69,71,-1,62,63,64,-1,64,63,65,-1,66,67,60,-1,60,67,61,-1,72,73,74,-1,74,73,75,-1,76,77,78,-1,78,77,79,-1,80,81,82,-1,82,81,83,-1,74,75,76,-1,76,75,77,-1,78,79,72,-1,72,79,73,-1,84,85,86,-1,86,85,87,-1,88,89,90,-1,90,89,91,-1,92,93,94,-1,94,93,95,-1,86,87,88,-1,88,87,89,-1,90,91,84,-1,84,91,85,-1,50,59,48,-1,48,59,57,-1,52,58,50,-1,50,58,59,-1,56,54,57,-1,57,54,48,-1,54,56,52,-1,52,56,58,-1,62,71,60,-1,60,71,69,-1,64,70,62,-1,62,70,71,-1,68,66,69,-1,69,66,60,-1,66,68,64,-1,64,68,70,-1,74,83,72,-1,72,83,81,-1,76,82,74,-1,74,82,83,-1,80,78,81,-1,81,78,72,-1,78,80,76,-1,76,80,82,-1,86,95,84,-1,84,95,93,-1,88,94,86,-1,86,94,95,-1,92,90,93,-1,93,90,84,-1,90,92,88,-1,88,92,94,-1,
        ]
    }
}
Shape{
    appearance Appearance {
        material  Material 	{
            diffuseColor 0.25098039215686274 0.25098039215686274 0.25098039215686274
            specularColor 0.12549019607843137 0.12549019607843137 0.12549019607843137
            ambientIntensity 0.251
            transparency 0.0
            shininess 0.5
        }
    }
    geometry IndexedFaceSet {
        ccw TRUE
        solid FALSE
        coord DEF co Coordinate {
            point [
                -1.3681 -0.7894 0.748, -1.3878 -0.7894 0.748, -1.3681 -0.7894 1.1417, -1.3878 -0.7894 2.2047, -0.3839 -0.7894 1.1417, -0.3839 -0.7894 2.2047
            ]
        }
        coordIndex [
            0,1,2,-1,2,1,3,-1,2,3,4,-1,4,3,5,-1,
        ]
    }
}
Shape{
    appearance Appearance {
        material  Material 	{
            diffuseColor 1.0 1.0 1.0
            specularColor 0.5019607843137255 0.5019607843137255 0.5019607843137255
            ambientIntensity 1.0
            transparency 0.0
            shininess 0.5
        }
    }
    geometry IndexedFaceSet {
        ccw TRUE
        solid FALSE
        coord DEF co Coordinate {
            point [
                0.985 1.1142 1.8996, 0.985 1.1142 1.8874, 0.985 1.1102 1.8996, 0.985 1.1102 1.8874, 1.0276 1.1142 1.8996, 1.0276 1.1102 1.8996, 1.0276 1.1142 1.9942, 1.0276 1.1102 1.9942, 1.0413 1.1142 1.9942, 1.0413 1.1102 1.9942, 1.0413 1.1142 1.8874, 1.0413 1.1102 1.8874, 0.9303 1.1142 1.8856, 0.9303 1.1102 1.8856, 0.914 1.1102 1.8871, 0.9053 1.1102 1.89, 0.9026 1.1142 1.8909, 0.914 1.1142 1.8871, 0.9026 1.1102 1.8909, 0.9007 1.1102 1.8918, 0.9007 1.1142 1.8918, 0.9007 1.1142 1.905, 0.9007 1.1102 1.905, 0.9053 1.1102 1.903, 0.9112 1.1142 1.9003, 0.9112 1.1102 1.9003, 0.9233 1.1102 1.8981, 0.9233 1.1142 1.8981, 0.9283 1.1102 1.8979, 0.9283 1.1142 1.8979, 0.939 1.1102 1.8992, 0.939 1.1142 1.8992, 0.9466 1.1102 1.9021, 0.9466 1.1142 1.9021, 0.9536 1.1102 1.907, 0.9536 1.1142 1.907, 0.9557 1.1102 1.9091, 0.9557 1.1142 1.9091, 0.9602 1.1102 1.9151, 0.9602 1.1142 1.9151, 0.964 1.1102 1.9235, 0.964 1.1142 1.9235, 0.966 1.1102 1.9338, 0.966 1.1142 1.9338, 0.9662 1.1102 1.9396, 0.9662 1.1142 1.9396, 0.9644 1.1102 1.9543, 0.9644 1.1142 1.9543, 0.9608 1.1102 1.9635, 0.9608 1.1142 1.9635, 0.955 1.1102 1.9717, 0.955 1.1142 1.9717, 0.9477 1.1102 1.9777, 0.9477 1.1142 1.9777, 0.9393 1.1102 1.9816, 0.9393 1.1142 1.9816, 0.9301 1.1102 1.9833, 0.9301 1.1142 1.9833, 0.9259 1.1102 1.9835, 0.9259 1.1142 1.9835, 0.9128 1.1102 1.9819, 0.9053 1.1102 1.9791, 0.9019 1.1142 1.9778, 0.9128 1.1142 1.9819, 0.9019 1.1102 1.9778, 0.9007 1.1102 1.9772, 0.9007 1.1142 1.9772, 0.9007 1.1142 1.9916, 0.9007 1.1102 1.9916, 0.926 1.1102 1.996, 0.926 1.1142 1.996, 0.926 1.1142 1.996, 0.9053 1.1102 1.9929, 0.912 1.1142 1.9948, 0.912 1.1102 1.9948, 0.9146 1.1102 1.9951, 0.926 1.1102 1.996, 0.9334 1.1102 1.9951, 0.9415 1.1142 1.9941, 0.9415 1.1102 1.9941, 0.9527 1.1102 1.9897, 0.9527 1.1142 1.9897, 0.9627 1.1102 1.9827, 0.9627 1.1142 1.9827, 0.9653 1.1102 1.9802, 0.9653 1.1142 1.9802, 0.973 1.1102 1.9701, 0.9759 1.1102 1.9633, 0.9781 1.1142 1.9583, 0.973 1.1142 1.9701, 0.9781 1.1102 1.9583, 0.9805 1.1102 1.9443, 0.9805 1.1142 1.9443, 0.9807 1.1102 1.9388, 0.9807 1.1142 1.9388, 0.9785 1.1102 1.9213, 0.9759 1.1102 1.9145, 0.9742 1.1142 1.9102, 0.9785 1.1142 1.9213, 0.9742 1.1102 1.9102, 0.967 1.1102 1.9002, 0.967 1.1142 1.9002, 0.9584 1.1102 1.893, 0.9584 1.1142 1.893, 0.9483 1.1102 1.8883, 0.9483 1.1142 1.8883, 0.9367 1.1102 1.8859, 0.9367 1.1142 1.8859, 0.822 1.1142 1.8996, 0.822 1.1142 1.8874, 0.822 1.1102 1.8996, 0.822 1.1102 1.8874, 0.8656 1.1102 1.8996, 0.8656 1.1142 1.8996, 0.8368 1.1102 1.8996, 0.8656 1.1142 1.9355, 0.8656 1.1102 1.9355, 0.8274 1.1142 1.9355, 0.8368 1.1102 1.9355, 0.8274 1.1102 1.9355, 0.8274 1.1142 1.9477, 0.8274 1.1102 1.9477, 0.8656 1.1102 1.9477, 0.8656 1.1142 1.9477, 0.8368 1.1102 1.9477, 0.8656 1.1142 1.9819, 0.8656 1.1102 1.9819, 0.8244 1.1102 1.9819, 0.8244 1.1142 1.9819, 0.8368 1.1102 1.9819, 0.8244 1.1142 1.9942, 0.8244 1.1102 1.9942, 0.8794 1.1102 1.9942, 0.8794 1.1142 1.9942, 0.8368 1.1102 1.9942, 0.8794 1.1142 1.8874, 0.8794 1.1102 1.8874, 0.8368 1.1102 1.8874, 0.7361 1.1142 1.9163, 0.7408 1.1142 1.9107, 0.731 1.1142 1.9023, 0.7419 1.1142 1.9096, 0.7421 1.1142 1.8944, 0.7488 1.1142 1.9048, 0.7542 1.1142 1.8896, 0.7576 1.1142 1.9014, 0.7724 1.1142 1.8874, 0.7725 1.1142 1.8996, 0.8018 1.1142 1.8874, 0.788 1.1142 1.8996, 0.8018 1.1142 1.9942, 0.788 1.1142 1.9819, 0.7713 1.1142 1.9942, 0.7719 1.1142 1.9819, 0.755 1.1142 1.9924, 0.7582 1.1142 1.9804, 0.7422 1.1142 1.9876, 0.7489 1.1142 1.977, 0.731 1.1142 1.98, 0.7411 1.1142 1.9718, 0.7273 1.1142 1.9764, 0.7381 1.1142 1.969, 0.7206 1.1142 1.9671, 0.734 1.1142 1.963, 0.7167 1.1142 1.9569, 0.731 1.1142 1.9552, 0.7149 1.1142 1.9421, 0.7294 1.1142 1.9418, 0.7152 1.1142 1.9353, 0.7299 1.1142 1.9335, 0.7178 1.1142 1.9228, 0.7322 1.1142 1.9241, 0.723 1.1142 1.9118, 0.7724 1.1102 1.8874, 0.8018 1.1102 1.8874, 0.7542 1.1102 1.8896, 0.7421 1.1102 1.8944, 0.731 1.1102 1.9023, 0.723 1.1102 1.9118, 0.7178 1.1102 1.9228, 0.7152 1.1102 1.9353, 0.7149 1.1102 1.9421, 0.7167 1.1102 1.9569, 0.7206 1.1102 1.9671, 0.7273 1.1102 1.9764, 0.731 1.1102 1.98, 0.7422 1.1102 1.9876, 0.755 1.1102 1.9924, 0.7713 1.1102 1.9942, 0.8018 1.1102 1.9942, 0.7719 1.1102 1.9819, 0.788 1.1102 1.9819, 0.788 1.1102 1.8996, 0.7725 1.1102 1.8996, 0.7408 1.1102 1.9107, 0.7419 1.1102 1.9096, 0.7488 1.1102 1.9048, 0.7576 1.1102 1.9014, 0.7294 1.1102 1.9418, 0.7299 1.1102 1.9335, 0.7322 1.1102 1.9241, 0.7361 1.1102 1.9163, 0.7411 1.1102 1.9718, 0.7381 1.1102 1.969, 0.734 1.1102 1.963, 0.731 1.1102 1.9552, 0.7582 1.1102 1.9804, 0.7489 1.1102 1.977
            ]
        }
        coordIndex [
            0,1,2,-1,2,1,3,-1,4,0,5,-1,5,0,2,-1,6,4,7,-1,7,4,5,-1,8,6,9,-1,9,6,7,-1,10,8,11,-1,11,8,9,-1,1,10,3,-1,3,10,11,-1,6,8,4,-1,4,8,10,-1,4,10,0,-1,0,10,1,-1,12,13,14,-1,15,16,14,-1,14,16,17,-1,14,17,12,-1,15,18,16,-1,16,18,19,-1,16,19,20,-1,21,20,22,-1,22,20,19,-1,21,22,23,-1,21,23,24,-1,23,25,24,-1,24,25,26,-1,24,26,27,-1,27,26,28,-1,27,28,29,-1,29,28,30,-1,29,30,31,-1,31,30,32,-1,31,32,33,-1,33,32,34,-1,33,34,35,-1,35,34,36,-1,35,36,37,-1,37,36,38,-1,37,38,39,-1,39,38,40,-1,39,40,41,-1,41,40,42,-1,41,42,43,-1,43,42,44,-1,43,44,45,-1,45,44,46,-1,45,46,47,-1,47,46,48,-1,47,48,49,-1,49,48,50,-1,49,50,51,-1,51,50,52,-1,51,52,53,-1,53,52,54,-1,53,54,55,-1,55,54,56,-1,55,56,57,-1,57,56,58,-1,57,58,59,-1,59,58,60,-1,61,62,60,-1,60,62,63,-1,60,63,59,-1,61,64,62,-1,62,64,65,-1,62,65,66,-1,67,66,68,-1,68,66,65,-1,69,70,71,-1,67,68,72,-1,67,72,73,-1,72,74,73,-1,73,74,75,-1,73,75,71,-1,71,75,76,-1,71,76,69,-1,70,69,77,-1,70,77,78,-1,77,79,78,-1,78,79,80,-1,78,80,81,-1,81,80,82,-1,81,82,83,-1,83,82,84,-1,83,84,85,-1,85,84,86,-1,87,88,86,-1,86,88,89,-1,86,89,85,-1,87,90,88,-1,88,90,91,-1,88,91,92,-1,92,91,93,-1,92,93,94,-1,94,93,95,-1,96,97,95,-1,95,97,98,-1,95,98,94,-1,96,99,97,-1,97,99,100,-1,97,100,101,-1,101,100,102,-1,101,102,103,-1,103,102,104,-1,103,104,105,-1,105,104,106,-1,105,106,107,-1,107,106,13,-1,107,13,12,-1,62,66,67,-1,53,83,51,-1,51,83,85,-1,51,85,49,-1,49,85,89,-1,49,89,47,-1,94,45,92,-1,92,45,47,-1,92,47,88,-1,88,47,89,-1,62,67,63,-1,63,67,73,-1,63,73,59,-1,59,73,71,-1,59,71,57,-1,57,71,70,-1,57,70,55,-1,55,70,78,-1,55,78,53,-1,53,78,81,-1,53,81,83,-1,20,21,16,-1,16,21,24,-1,16,24,17,-1,17,24,27,-1,17,27,12,-1,12,27,29,-1,12,29,107,-1,107,29,31,-1,107,31,105,-1,105,31,33,-1,105,33,103,-1,103,33,35,-1,103,35,101,-1,101,35,37,-1,101,37,97,-1,97,37,39,-1,97,39,98,-1,98,39,41,-1,98,41,94,-1,94,41,43,-1,94,43,45,-1,108,109,110,-1,110,109,111,-1,112,113,114,-1,114,113,108,-1,114,108,110,-1,115,113,116,-1,116,113,112,-1,115,116,117,-1,117,116,118,-1,117,118,119,-1,120,117,121,-1,121,117,119,-1,122,123,124,-1,124,123,120,-1,124,120,121,-1,125,123,126,-1,126,123,122,-1,127,128,129,-1,129,128,125,-1,129,125,126,-1,130,128,131,-1,131,128,127,-1,132,133,134,-1,134,133,130,-1,134,130,131,-1,135,133,136,-1,136,133,132,-1,111,109,137,-1,137,109,135,-1,137,135,136,-1,109,108,135,-1,135,108,113,-1,117,120,115,-1,115,120,123,-1,128,130,125,-1,125,130,133,-1,125,133,123,-1,123,133,135,-1,123,135,115,-1,115,135,113,-1,138,139,140,-1,140,139,141,-1,140,141,142,-1,142,141,143,-1,142,143,144,-1,144,143,145,-1,144,145,146,-1,146,145,147,-1,146,147,148,-1,148,147,149,-1,148,149,150,-1,150,149,151,-1,150,151,152,-1,152,151,153,-1,152,153,154,-1,154,153,155,-1,154,155,156,-1,156,155,157,-1,156,157,158,-1,158,157,159,-1,158,159,160,-1,160,159,161,-1,160,161,162,-1,162,161,163,-1,162,163,164,-1,164,163,165,-1,164,165,166,-1,166,165,167,-1,166,167,168,-1,168,167,169,-1,168,169,170,-1,170,169,171,-1,170,171,172,-1,172,171,138,-1,172,138,140,-1,146,148,173,-1,173,148,174,-1,146,173,175,-1,146,175,144,-1,144,175,176,-1,144,176,142,-1,142,176,177,-1,142,177,140,-1,140,177,178,-1,140,178,172,-1,172,178,179,-1,172,179,170,-1,170,179,180,-1,170,180,168,-1,168,180,181,-1,168,181,166,-1,166,181,182,-1,166,182,164,-1,164,182,183,-1,164,183,162,-1,162,183,184,-1,162,184,160,-1,160,184,185,-1,160,185,158,-1,158,185,186,-1,158,186,156,-1,156,186,187,-1,156,187,154,-1,154,187,188,-1,154,188,152,-1,150,152,189,-1,189,152,188,-1,148,150,174,-1,174,150,189,-1,153,151,190,-1,190,151,191,-1,151,149,191,-1,191,149,192,-1,149,147,192,-1,192,147,193,-1,139,194,195,-1,139,195,141,-1,141,195,196,-1,141,196,143,-1,143,196,197,-1,143,197,145,-1,145,197,193,-1,145,193,147,-1,167,198,199,-1,167,199,169,-1,169,199,200,-1,169,200,171,-1,171,200,201,-1,171,201,138,-1,138,201,194,-1,138,194,139,-1,159,202,203,-1,159,203,161,-1,161,203,204,-1,161,204,163,-1,163,204,205,-1,163,205,165,-1,165,205,198,-1,165,198,167,-1,153,190,206,-1,153,206,155,-1,155,206,207,-1,155,207,157,-1,157,207,202,-1,157,202,159,-1,
        ]
    }
}
Shape{
    appearance Appearance {
        material  Material 	{
            diffuseColor 0.25098039215686274 0.25098039215686274 0.25098039215686274
            specularColor 0.12549019607843137 0.12549019607843137 0.12549019607843137
            ambientIntensity 0.251
            transparency 0.0
            shininess 0.5
        }
    }
    geometry IndexedFaceSet {
        ccw TRUE
        solid FALSE
        coord DEF co Coordinate {
            point [
                0.7419 1.1102 1.9096, 0.7408 1.1102 1.9107, 0.7719 1.1102 1.9819, 0.788 1.1102 1.9819, 0.788 1.1102 1.8996, 0.7725 1.1102 1.8996, 0.7576 1.1102 1.9014, 0.7488 1.1102 1.9048, 0.7361 1.1102 1.9163, 0.7322 1.1102 1.9241, 0.7299 1.1102 1.9335, 0.7294 1.1102 1.9418, 0.731 1.1102 1.9552, 0.734 1.1102 1.963, 0.7381 1.1102 1.969, 0.7411 1.1102 1.9718, 0.7582 1.1102 1.9804, 0.7489 1.1102 1.977
            ]
        }
        coordIndex [
            0,1,2,-1,3,4,2,-1,2,4,5,-1,5,6,2,-1,2,6,7,-1,2,7,0,-1,1,8,2,-1,2,8,9,-1,2,9,10,-1,10,11,2,-1,2,11,12,-1,2,12,13,-1,13,14,2,-1,2,14,15,-1,2,15,16,-1,16,15,17,-1,
        ]
    }
}
Shape{
    appearance Appearance {
        material  Material 	{
            diffuseColor 1.0 1.0 1.0
            specularColor 0.5019607843137255 0.5019607843137255 0.5019607843137255
            ambientIntensity 1.0
            transparency 0.0
            shininess 0.5
        }
    }
    geometry IndexedFaceSet {
        ccw TRUE
        solid FALSE
        coord DEF co Coordinate {
            point [
                0.6791 1.1142 1.9287, 0.6631 1.1142 1.973, 0.6683 1.1142 1.9942, 0.7089 1.1142 1.8874, 0.6937 1.1142 1.8874, 0.6835 1.1142 1.9166, 0.6622 1.1142 1.9762, 0.6614 1.1142 1.9805, 0.6536 1.1142 1.9942, 0.6611 1.1142 1.9805, 0.6602 1.1142 1.976, 0.6594 1.1142 1.973, 0.6433 1.1142 1.9287, 0.6129 1.1142 1.8874, 0.6281 1.1142 1.8874, 0.639 1.1142 1.9166, 0.6536 1.1102 1.9942, 0.6129 1.1102 1.8874, 0.6683 1.1102 1.9942, 0.7089 1.1102 1.8874, 0.6782 1.1102 1.9682, 0.6937 1.1102 1.8874, 0.6835 1.1102 1.9166, 0.639 1.1102 1.9166, 0.6782 1.1102 1.9166, 0.6281 1.1102 1.8874, 0.6791 1.1102 1.9287, 0.6433 1.1102 1.9287, 0.6594 1.1102 1.973, 0.6611 1.1102 1.9805, 0.6602 1.1102 1.976, 0.6614 1.1102 1.9805, 0.6631 1.1102 1.973, 0.6622 1.1102 1.9762
            ]
        }
        coordIndex [
            0,1,2,-1,3,4,5,-1,1,6,2,-1,2,6,7,-1,2,7,8,-1,8,7,9,-1,8,9,10,-1,10,11,8,-1,8,11,12,-1,8,12,13,-1,14,13,15,-1,15,13,12,-1,15,12,5,-1,5,12,0,-1,5,0,3,-1,3,0,2,-1,8,13,16,-1,16,13,17,-1,2,8,18,-1,18,8,16,-1,19,3,20,-1,20,3,2,-1,20,2,18,-1,4,3,21,-1,21,3,19,-1,5,4,22,-1,22,4,21,-1,23,15,24,-1,24,15,5,-1,24,5,22,-1,14,15,25,-1,25,15,23,-1,13,14,17,-1,17,14,25,-1,0,12,26,-1,26,12,27,-1,12,11,27,-1,27,11,28,-1,9,29,30,-1,9,30,10,-1,10,30,28,-1,10,28,11,-1,9,7,29,-1,29,7,31,-1,1,32,33,-1,1,33,6,-1,6,33,31,-1,6,31,7,-1,1,0,32,-1,32,0,26,-1,
        ]
    }
}
Shape{
    appearance Appearance {
        material  Material 	{
            diffuseColor 0.25098039215686274 0.25098039215686274 0.25098039215686274
            specularColor 0.12549019607843137 0.12549019607843137 0.12549019607843137
            ambientIntensity 0.251
            transparency 0.0
            shininess 0.5
        }
    }
    geometry IndexedFaceSet {
        ccw TRUE
        solid FALSE
        coord DEF co Coordinate {
            point [
                0.6611 1.1102 1.9805, 0.6614 1.1102 1.9805, 0.6602 1.1102 1.976, 0.6622 1.1102 1.9762, 0.6594 1.1102 1.973, 0.6631 1.1102 1.973, 0.6433 1.1102 1.9287, 0.6791 1.1102 1.9287
            ]
        }
        coordIndex [
            0,1,2,-1,2,1,3,-1,2,3,4,-1,4,3,5,-1,4,5,6,-1,6,5,7,-1,
        ]
    }
}
Shape{
    appearance Appearance {
        material  Material 	{
            diffuseColor 1.0 1.0 1.0
            specularColor 0.5019607843137255 0.5019607843137255 0.5019607843137255
            ambientIntensity 1.0
            transparency 0.0
            shininess 0.5
        }
    }
    geometry IndexedFaceSet {
        ccw TRUE
        solid FALSE
        coord DEF co Coordinate {
            point [
                0.9839 1.1142 1.7302, 0.9839 1.1142 1.718, 0.9839 1.1102 1.7302, 0.9839 1.1102 1.718, 1.0276 1.1142 1.7302, 1.0276 1.1102 1.7302, 1.0276 1.1142 1.7661, 1.0276 1.1102 1.7661, 0.9894 1.1142 1.7661, 0.9894 1.1102 1.7661, 0.9894 1.1142 1.7783, 0.9894 1.1102 1.7783, 1.0276 1.1142 1.7783, 1.0276 1.1102 1.7783, 1.0276 1.1142 1.8125, 1.0276 1.1102 1.8125, 0.9864 1.1142 1.8125, 0.9864 1.1102 1.8125, 0.9864 1.1142 1.8248, 0.9864 1.1102 1.8248, 1.0413 1.1142 1.8248, 1.0413 1.1102 1.8248, 1.0413 1.1142 1.718, 1.0413 1.1102 1.718, 0.9232 1.1142 1.718, 0.9099 1.1142 1.718, 0.9232 1.1142 1.7298, 0.9099 1.1142 1.7671, 0.9236 1.1142 1.7298, 0.9306 1.1142 1.7318, 0.9258 1.1142 1.7264, 0.9344 1.1142 1.7292, 0.9495 1.1142 1.7519, 0.9411 1.1142 1.7539, 0.9232 1.1142 1.7563, 0.9232 1.1142 1.749, 0.9232 1.1142 1.7481, 0.9241 1.1142 1.7421, 0.9261 1.1142 1.7374, 0.929 1.1142 1.7334, 0.9281 1.1142 1.795, 0.931 1.1142 1.7836, 0.9228 1.1142 1.7931, 0.9287 1.1142 1.7821, 0.9525 1.1142 1.7504, 0.9232 1.1142 1.7665, 0.9237 1.1142 1.7724, 0.9112 1.1142 1.7784, 0.9251 1.1142 1.7771, 0.9134 1.1142 1.7841, 0.9266 1.1142 1.7799, 0.9162 1.1142 1.7882, 0.9185 1.1142 1.7905, 0.9637 1.1142 1.7889, 0.9637 1.1142 1.7759, 0.961 1.1142 1.7905, 0.9544 1.1142 1.7817, 0.951 1.1142 1.7944, 0.9461 1.1142 1.7845, 0.9374 1.1142 1.796, 0.9387 1.1142 1.7852, 0.9341 1.1142 1.7847, 0.9548 1.1142 1.7318, 0.9646 1.1142 1.7222, 0.9537 1.1142 1.7306, 0.9601 1.1142 1.7191, 0.951 1.1142 1.7288, 0.9549 1.1142 1.7172, 0.948 1.1142 1.7277, 0.9469 1.1142 1.7162, 0.9435 1.1142 1.7272, 0.94 1.1142 1.717, 0.9385 1.1142 1.7278, 0.9346 1.1142 1.719, 0.9301 1.1142 1.7219, 0.9458 1.1142 1.7633, 0.9569 1.1142 1.7604, 0.954 1.1142 1.7492, 0.9623 1.1142 1.7575, 0.9556 1.1142 1.7472, 0.9662 1.1142 1.7539, 0.9568 1.1142 1.7447, 0.9689 1.1142 1.7495, 0.9574 1.1142 1.7417, 0.9705 1.1142 1.7446, 0.9576 1.1142 1.7395, 0.9711 1.1142 1.7384, 0.9572 1.1142 1.7365, 0.9703 1.1142 1.7319, 0.9563 1.1142 1.734, 0.9686 1.1142 1.7275, 0.9658 1.1142 1.7235, 0.9374 1.1102 1.796, 0.951 1.1102 1.7944, 0.961 1.1102 1.7905, 0.9637 1.1102 1.7889, 0.9637 1.1102 1.7759, 0.9544 1.1102 1.7817, 0.9461 1.1102 1.7845, 0.9387 1.1102 1.7852, 0.9341 1.1102 1.7847, 0.931 1.1102 1.7836, 0.9287 1.1102 1.7821, 0.9266 1.1102 1.7799, 0.9251 1.1102 1.7771, 0.9237 1.1102 1.7724, 0.9232 1.1102 1.7665, 0.9458 1.1102 1.7633, 0.9569 1.1102 1.7604, 0.9623 1.1102 1.7575, 0.9662 1.1102 1.7539, 0.9689 1.1102 1.7495, 0.9705 1.1102 1.7446, 0.9711 1.1102 1.7384, 0.9703 1.1102 1.7319, 0.9686 1.1102 1.7275, 0.9658 1.1102 1.7235, 0.9646 1.1102 1.7222, 0.9469 1.1102 1.7162, 0.9547 1.1102 1.7171, 0.9549 1.1102 1.7172, 0.9601 1.1102 1.7191, 0.94 1.1102 1.717, 0.9396 1.1102 1.7171, 0.9346 1.1102 1.719, 0.9301 1.1102 1.7219, 0.9258 1.1102 1.7264, 0.9236 1.1102 1.7298, 0.9232 1.1102 1.7298, 0.9232 1.1102 1.718, 0.9099 1.1102 1.718, 0.9099 1.1102 1.7671, 0.9112 1.1102 1.7784, 0.9134 1.1102 1.7841, 0.9162 1.1102 1.7882, 0.9185 1.1102 1.7905, 0.9228 1.1102 1.7931, 0.9281 1.1102 1.795, 0.954 1.1102 1.7492, 0.9525 1.1102 1.7504, 0.9495 1.1102 1.7519, 0.9411 1.1102 1.7539, 0.9576 1.1102 1.7395, 0.9574 1.1102 1.7417, 0.9568 1.1102 1.7447, 0.9556 1.1102 1.7472, 0.9537 1.1102 1.7306, 0.9548 1.1102 1.7318, 0.9563 1.1102 1.734, 0.9572 1.1102 1.7365, 0.9435 1.1102 1.7272, 0.948 1.1102 1.7277, 0.951 1.1102 1.7288, 0.929 1.1102 1.7334, 0.9306 1.1102 1.7318, 0.9344 1.1102 1.7292, 0.9385 1.1102 1.7278, 0.9232 1.1102 1.749, 0.9232 1.1102 1.7481, 0.9241 1.1102 1.7421, 0.9261 1.1102 1.7374, 0.9232 1.1102 1.7563
            ]
        }
        coordIndex [
            0,1,2,-1,2,1,3,-1,4,0,5,-1,5,0,2,-1,6,4,7,-1,7,4,5,-1,8,6,9,-1,9,6,7,-1,10,8,11,-1,11,8,9,-1,12,10,13,-1,13,10,11,-1,14,12,15,-1,15,12,13,-1,16,14,17,-1,17,14,15,-1,18,16,19,-1,19,16,17,-1,20,18,21,-1,21,18,19,-1,22,20,23,-1,23,20,21,-1,1,22,3,-1,3,22,23,-1,22,1,0,-1,0,4,22,-1,22,4,6,-1,22,6,20,-1,16,18,14,-1,14,18,20,-1,14,20,12,-1,12,20,6,-1,12,6,10,-1,10,6,8,-1,24,25,26,-1,26,25,27,-1,28,29,30,-1,30,29,31,-1,32,33,27,-1,27,33,34,-1,27,34,35,-1,35,36,27,-1,27,36,37,-1,27,37,26,-1,26,37,38,-1,26,38,28,-1,28,38,39,-1,28,39,29,-1,40,41,42,-1,42,41,43,-1,44,32,45,-1,45,32,27,-1,45,27,46,-1,46,27,47,-1,46,47,48,-1,48,47,49,-1,48,49,50,-1,50,49,51,-1,50,51,43,-1,43,51,52,-1,43,52,42,-1,53,54,55,-1,55,54,56,-1,55,56,57,-1,57,56,58,-1,57,58,59,-1,59,58,60,-1,59,60,40,-1,40,60,61,-1,40,61,41,-1,62,63,64,-1,64,63,65,-1,64,65,66,-1,66,65,67,-1,66,67,68,-1,68,67,69,-1,68,69,70,-1,70,69,71,-1,70,71,72,-1,72,71,73,-1,72,73,31,-1,31,73,74,-1,31,74,30,-1,45,75,44,-1,44,75,76,-1,44,76,77,-1,77,76,78,-1,77,78,79,-1,79,78,80,-1,79,80,81,-1,81,80,82,-1,81,82,83,-1,83,82,84,-1,83,84,85,-1,85,84,86,-1,85,86,87,-1,87,86,88,-1,87,88,89,-1,89,88,90,-1,89,90,62,-1,62,90,91,-1,62,91,63,-1,59,92,93,-1,59,93,57,-1,57,93,94,-1,57,94,55,-1,55,94,95,-1,55,95,53,-1,54,53,96,-1,96,53,95,-1,54,96,97,-1,54,97,56,-1,56,97,98,-1,56,98,58,-1,58,98,99,-1,58,99,60,-1,60,99,100,-1,60,100,61,-1,61,100,101,-1,61,101,41,-1,41,101,102,-1,41,102,43,-1,43,102,103,-1,43,103,50,-1,50,103,104,-1,50,104,48,-1,48,104,105,-1,48,105,46,-1,46,105,106,-1,46,106,45,-1,75,45,107,-1,107,45,106,-1,75,107,108,-1,75,108,76,-1,76,108,109,-1,76,109,78,-1,78,109,110,-1,78,110,80,-1,80,110,111,-1,80,111,82,-1,82,111,112,-1,82,112,84,-1,84,112,113,-1,84,113,86,-1,86,113,114,-1,86,114,88,-1,88,114,115,-1,88,115,90,-1,90,115,116,-1,90,116,91,-1,91,116,117,-1,91,117,63,-1,118,69,119,-1,119,69,67,-1,119,67,120,-1,120,67,65,-1,120,65,121,-1,121,65,63,-1,121,63,117,-1,69,118,122,-1,69,122,71,-1,71,122,123,-1,71,123,73,-1,123,124,73,-1,73,124,125,-1,73,125,74,-1,74,125,126,-1,74,126,30,-1,30,126,127,-1,30,127,28,-1,26,28,128,-1,128,28,127,-1,24,26,129,-1,129,26,128,-1,25,24,130,-1,130,24,129,-1,27,25,131,-1,131,25,130,-1,27,131,132,-1,27,132,47,-1,47,132,133,-1,47,133,49,-1,49,133,134,-1,49,134,51,-1,51,134,135,-1,51,135,52,-1,52,135,136,-1,52,136,42,-1,42,136,137,-1,42,137,40,-1,40,137,92,-1,40,92,59,-1,77,138,139,-1,77,139,44,-1,44,139,140,-1,44,140,32,-1,32,140,141,-1,32,141,33,-1,85,142,143,-1,85,143,83,-1,83,143,144,-1,83,144,81,-1,81,144,145,-1,81,145,79,-1,79,145,138,-1,79,138,77,-1,64,146,147,-1,64,147,62,-1,62,147,148,-1,62,148,89,-1,89,148,149,-1,89,149,87,-1,87,149,142,-1,87,142,85,-1,70,150,151,-1,70,151,68,-1,68,151,152,-1,68,152,66,-1,66,152,146,-1,66,146,64,-1,39,153,154,-1,39,154,29,-1,29,154,155,-1,29,155,31,-1,31,155,156,-1,31,156,72,-1,72,156,150,-1,72,150,70,-1,35,157,158,-1,35,158,36,-1,36,158,159,-1,36,159,37,-1,37,159,160,-1,37,160,38,-1,38,160,153,-1,38,153,39,-1,35,34,157,-1,157,34,161,-1,34,33,161,-1,161,33,141,-1,
        ]
    }
}
Shape{
    appearance Appearance {
        material  Material 	{
            diffuseColor 0.25098039215686274 0.25098039215686274 0.25098039215686274
            specularColor 0.12549019607843137 0.12549019607843137 0.12549019607843137
            ambientIntensity 0.251
            transparency 0.0
            shininess 0.5
        }
    }
    geometry IndexedFaceSet {
        ccw TRUE
        solid FALSE
        coord DEF co Coordinate {
            point [
                0.9232 1.1102 1.7481, 0.9232 1.1102 1.749, 0.954 1.1102 1.7492, 0.9232 1.1102 1.7563, 0.9411 1.1102 1.7539, 0.9495 1.1102 1.7519, 0.9525 1.1102 1.7504, 0.9241 1.1102 1.7421, 0.9556 1.1102 1.7472, 0.9261 1.1102 1.7374, 0.9548 1.1102 1.7318, 0.9537 1.1102 1.7306, 0.9306 1.1102 1.7318, 0.9563 1.1102 1.734, 0.9344 1.1102 1.7292, 0.9385 1.1102 1.7278, 0.9435 1.1102 1.7272, 0.9568 1.1102 1.7447, 0.9574 1.1102 1.7417, 0.929 1.1102 1.7334, 0.9576 1.1102 1.7395, 0.9572 1.1102 1.7365, 0.951 1.1102 1.7288, 0.948 1.1102 1.7277
            ]
        }
        coordIndex [
            0,1,2,-1,1,3,4,-1,4,5,1,-1,1,5,6,-1,1,6,2,-1,0,2,7,-1,7,2,8,-1,7,8,9,-1,10,11,12,-1,10,12,13,-1,14,12,15,-1,15,12,16,-1,8,17,9,-1,9,17,18,-1,9,18,19,-1,19,18,20,-1,19,20,12,-1,12,20,21,-1,12,21,13,-1,11,22,12,-1,12,22,23,-1,12,23,16,-1,
        ]
    }
}
Shape{
    appearance Appearance {
        material  Material 	{
            diffuseColor 1.0 1.0 1.0
            specularColor 0.5019607843137255 0.5019607843137255 0.5019607843137255
            ambientIntensity 1.0
            transparency 0.0
            shininess 0.5
        }
    }
    geometry IndexedFaceSet {
        ccw TRUE
        solid FALSE
        coord DEF co Coordinate {
            point [
                0.8917 1.1102 1.7345, 0.8917 1.1142 1.7345, 0.8857 1.1142 1.7309, 0.8697 1.1142 1.7271, 0.8697 1.1102 1.7271, 0.8773 1.1102 1.7279, 0.8773 1.1142 1.7279, 0.8856 1.1102 1.7308, 0.8857 1.1102 1.7309, 0.8917 1.1142 1.7207, 0.8917 1.1102 1.7207, 0.8823 1.1142 1.7174, 0.8856 1.1102 1.7185, 0.8711 1.1102 1.7162, 0.8711 1.1142 1.7162, 0.8797 1.1102 1.7171, 0.8823 1.1102 1.7174, 0.859 1.1142 1.7177, 0.8635 1.1102 1.7171, 0.859 1.1102 1.7177, 0.8519 1.1102 1.7204, 0.8519 1.1142 1.7204, 0.8488 1.1102 1.7223, 0.8488 1.1142 1.7223, 0.845 1.1102 1.7256, 0.845 1.1142 1.7256, 0.8425 1.1102 1.7292, 0.8425 1.1142 1.7292, 0.8409 1.1102 1.7334, 0.8409 1.1142 1.7334, 0.8402 1.1102 1.7388, 0.8402 1.1142 1.7388, 0.8408 1.1102 1.7438, 0.8408 1.1142 1.7438, 0.8422 1.1102 1.7477, 0.8422 1.1142 1.7477, 0.8447 1.1102 1.7514, 0.8447 1.1142 1.7514, 0.8479 1.1102 1.7542, 0.8479 1.1142 1.7542, 0.8568 1.1102 1.7592, 0.8568 1.1142 1.7592, 0.862 1.1102 1.7613, 0.862 1.1142 1.7613, 0.8702 1.1102 1.7649, 0.8702 1.1142 1.7649, 0.875 1.1102 1.7678, 0.875 1.1142 1.7678, 0.8763 1.1102 1.7692, 0.8763 1.1142 1.7692, 0.8772 1.1102 1.771, 0.8772 1.1142 1.771, 0.8778 1.1102 1.7731, 0.8778 1.1142 1.7731, 0.8779 1.1102 1.7749, 0.8779 1.1142 1.7749, 0.8776 1.1102 1.777, 0.8776 1.1142 1.777, 0.877 1.1102 1.7788, 0.877 1.1142 1.7788, 0.8758 1.1102 1.7805, 0.8758 1.1142 1.7805, 0.8738 1.1102 1.7823, 0.8738 1.1142 1.7823, 0.8708 1.1102 1.7839, 0.8708 1.1142 1.7839, 0.8672 1.1102 1.7849, 0.8672 1.1142 1.7849, 0.8633 1.1102 1.7852, 0.8633 1.1142 1.7852, 0.8539 1.1102 1.784, 0.8539 1.1142 1.784, 0.8464 1.1102 1.7811, 0.8464 1.1142 1.7811, 0.8439 1.1102 1.7796, 0.8439 1.1142 1.7796, 0.8439 1.1142 1.7926, 0.8439 1.1102 1.7926, 0.8526 1.1102 1.7952, 0.8526 1.1142 1.7952, 0.862 1.1102 1.796, 0.862 1.1142 1.796, 0.8726 1.1102 1.7947, 0.8726 1.1142 1.7947, 0.8798 1.1102 1.792, 0.8798 1.1142 1.792, 0.8831 1.1102 1.79, 0.8831 1.1142 1.79, 0.8856 1.1102 1.7877, 0.8871 1.1142 1.7864, 0.8871 1.1102 1.7864, 0.8896 1.1102 1.7828, 0.8896 1.1142 1.7828, 0.8911 1.1102 1.7785, 0.8911 1.1142 1.7785, 0.8917 1.1102 1.7737, 0.8917 1.1142 1.7737, 0.8911 1.1102 1.7685, 0.8911 1.1142 1.7685, 0.8896 1.1102 1.7644, 0.8896 1.1142 1.7644, 0.8879 1.1102 1.7616, 0.8879 1.1142 1.7616, 0.8714 1.1102 1.7515, 0.8714 1.1142 1.7515, 0.8794 1.1142 1.7552, 0.8857 1.1102 1.7593, 0.8857 1.1142 1.7593, 0.8856 1.1102 1.7593, 0.8794 1.1102 1.7552, 0.8626 1.1102 1.7479, 0.8626 1.1142 1.7479, 0.8574 1.1102 1.7447, 0.8574 1.1142 1.7447, 0.8557 1.1102 1.743, 0.8557 1.1142 1.743, 0.8547 1.1102 1.7412, 0.8547 1.1142 1.7412, 0.8541 1.1102 1.7391, 0.8541 1.1142 1.7391, 0.854 1.1102 1.7375, 0.854 1.1142 1.7375, 0.8542 1.1102 1.7349, 0.8542 1.1142 1.7349, 0.8549 1.1102 1.733, 0.8549 1.1142 1.733, 0.8561 1.1102 1.7313, 0.8561 1.1142 1.7313, 0.8576 1.1102 1.7299, 0.8576 1.1142 1.7299, 0.8588 1.1102 1.7292, 0.8588 1.1142 1.7292, 0.8623 1.1102 1.7279, 0.8623 1.1142 1.7279, 0.8692 1.1102 1.7271, 0.8692 1.1142 1.7271, 0.774 1.1142 1.7943, 0.7601 1.1142 1.7943, 0.774 1.1102 1.7943, 0.7601 1.1102 1.7943, 0.7948 1.1142 1.7369, 0.7948 1.1102 1.7369, 0.7958 1.1102 1.7333, 0.7958 1.1142 1.7333, 0.7964 1.1102 1.7307, 0.7964 1.1142 1.7307, 0.7968 1.1142 1.7307, 0.7968 1.1102 1.7307, 0.7984 1.1142 1.737, 0.7984 1.1102 1.737, 0.8183 1.1102 1.7943, 0.8183 1.1142 1.7943, 0.8119 1.1102 1.7757, 0.8333 1.1142 1.7943, 0.8333 1.1102 1.7943, 0.8034 1.1102 1.7182, 0.8034 1.1142 1.7182, 0.8119 1.1102 1.7398, 0.8092 1.1102 1.7043, 0.8092 1.1142 1.7043, 0.8038 1.1102 1.7171, 0.8119 1.1102 1.6995, 0.8119 1.1142 1.6994, 0.8119 1.1102 1.6994, 0.8144 1.1102 1.6967, 0.8144 1.1142 1.6967, 0.8165 1.1102 1.6952, 0.8165 1.1142 1.6952, 0.8194 1.1102 1.694, 0.8194 1.1142 1.694, 0.8229 1.1102 1.6936, 0.8229 1.1142 1.6936, 0.8278 1.1102 1.6942, 0.8278 1.1142 1.6942, 0.8305 1.1102 1.6951, 0.8305 1.1142 1.6951, 0.8305 1.1142 1.6832, 0.8305 1.1102 1.6832, 0.8249 1.1102 1.6822, 0.8249 1.1142 1.6822, 0.8219 1.1102 1.6821, 0.8219 1.1142 1.6821, 0.8165 1.1102 1.6827, 0.8165 1.1142 1.6827, 0.8119 1.1102 1.6845, 0.8112 1.1142 1.6847, 0.8112 1.1102 1.6847, 0.8066 1.1102 1.688, 0.8066 1.1142 1.688, 0.8056 1.1102 1.6888, 0.8056 1.1142 1.6888, 0.8008 1.1102 1.6947, 0.8008 1.1142 1.6947, 0.7947 1.1102 1.7065, 0.7947 1.1142 1.7065, 0.7905 1.1102 1.7171, 0.6883 1.1142 1.7302, 0.6883 1.1142 1.718, 0.6883 1.1102 1.7302, 0.6883 1.1102 1.718, 0.7319 1.1102 1.7302, 0.7319 1.1142 1.7302, 0.7119 1.1102 1.7302, 0.7319 1.1142 1.7661, 0.7319 1.1102 1.7661, 0.6937 1.1102 1.7661, 0.6937 1.1142 1.7661, 0.7119 1.1102 1.7661, 0.6937 1.1142 1.7783, 0.6937 1.1102 1.7783, 0.7319 1.1102 1.7783, 0.7319 1.1142 1.7783, 0.7119 1.1102 1.7783, 0.7319 1.1142 1.8125, 0.7319 1.1102 1.8125, 0.6907 1.1102 1.8125, 0.6907 1.1142 1.8125, 0.7119 1.1102 1.8125, 0.6907 1.1142 1.8248, 0.6907 1.1102 1.8248, 0.7457 1.1102 1.8248, 0.7457 1.1142 1.8248, 0.7119 1.1102 1.8248, 0.7457 1.1142 1.718, 0.7457 1.1102 1.718, 0.7119 1.1102 1.718, 0.6024 1.1142 1.747, 0.6071 1.1142 1.7413, 0.5973 1.1142 1.733, 0.6083 1.1142 1.7402, 0.6084 1.1142 1.725, 0.6151 1.1142 1.7354, 0.6205 1.1142 1.7203, 0.6239 1.1142 1.732, 0.6387 1.1142 1.718, 0.6388 1.1142 1.7302, 0.6681 1.1142 1.718, 0.6543 1.1142 1.7302, 0.6681 1.1142 1.8248, 0.6543 1.1142 1.8125, 0.6376 1.1142 1.8248, 0.6382 1.1142 1.8125, 0.6213 1.1142 1.823, 0.6245 1.1142 1.811, 0.6085 1.1142 1.8183, 0.6152 1.1142 1.8077, 0.5973 1.1142 1.8107, 0.6074 1.1142 1.8025, 0.5936 1.1142 1.807, 0.6045 1.1142 1.7996, 0.5869 1.1142 1.7977, 0.6003 1.1142 1.7936, 0.583 1.1142 1.7876, 0.5973 1.1142 1.7859, 0.5812 1.1142 1.7728, 0.5957 1.1142 1.7724, 0.5815 1.1142 1.766, 0.5962 1.1142 1.7642, 0.5841 1.1142 1.7535, 0.5985 1.1142 1.7547, 0.5893 1.1142 1.7424, 0.6387 1.1102 1.718, 0.6681 1.1102 1.718, 0.6205 1.1102 1.7203, 0.6084 1.1102 1.725, 0.5973 1.1102 1.733, 0.5893 1.1102 1.7424, 0.5841 1.1102 1.7535, 0.5815 1.1102 1.766, 0.5812 1.1102 1.7728, 0.583 1.1102 1.7876, 0.5869 1.1102 1.7977, 0.5936 1.1102 1.807, 0.5973 1.1102 1.8107, 0.6085 1.1102 1.8183, 0.6213 1.1102 1.823, 0.6376 1.1102 1.8248, 0.6681 1.1102 1.8248, 0.6382 1.1102 1.8125, 0.6543 1.1102 1.8125, 0.6543 1.1102 1.7302, 0.6388 1.1102 1.7302, 0.6071 1.1102 1.7413, 0.6083 1.1102 1.7402, 0.6151 1.1102 1.7354, 0.6239 1.1102 1.732, 0.5957 1.1102 1.7724, 0.5962 1.1102 1.7642, 0.5985 1.1102 1.7547, 0.6024 1.1102 1.747, 0.6074 1.1102 1.8025, 0.6045 1.1102 1.7996, 0.6003 1.1102 1.7936, 0.5973 1.1102 1.7859, 0.6245 1.1102 1.811, 0.6152 1.1102 1.8077
            ]
        }
        coordIndex [
            0,1,2,-1,3,4,5,-1,3,5,6,-1,6,5,7,-1,6,7,2,-1,2,7,8,-1,2,8,0,-1,9,1,10,-1,10,1,0,-1,9,10,11,-1,11,10,12,-1,13,14,15,-1,15,14,11,-1,15,11,16,-1,16,11,12,-1,14,13,17,-1,17,13,18,-1,18,19,17,-1,17,19,20,-1,17,20,21,-1,21,20,22,-1,21,22,23,-1,23,22,24,-1,23,24,25,-1,25,24,26,-1,25,26,27,-1,27,26,28,-1,27,28,29,-1,29,28,30,-1,29,30,31,-1,31,30,32,-1,31,32,33,-1,33,32,34,-1,33,34,35,-1,35,34,36,-1,35,36,37,-1,37,36,38,-1,37,38,39,-1,39,38,40,-1,39,40,41,-1,41,40,42,-1,41,42,43,-1,43,42,44,-1,43,44,45,-1,45,44,46,-1,45,46,47,-1,47,46,48,-1,47,48,49,-1,49,48,50,-1,49,50,51,-1,51,50,52,-1,51,52,53,-1,53,52,54,-1,53,54,55,-1,55,54,56,-1,55,56,57,-1,57,56,58,-1,57,58,59,-1,59,58,60,-1,59,60,61,-1,61,60,62,-1,61,62,63,-1,63,62,64,-1,63,64,65,-1,65,64,66,-1,65,66,67,-1,67,66,68,-1,67,68,69,-1,69,68,70,-1,69,70,71,-1,71,70,72,-1,71,72,73,-1,73,72,74,-1,73,74,75,-1,76,75,77,-1,77,75,74,-1,76,77,78,-1,76,78,79,-1,79,78,80,-1,79,80,81,-1,81,80,82,-1,81,82,83,-1,83,82,84,-1,83,84,85,-1,85,84,86,-1,85,86,87,-1,86,88,87,-1,87,88,89,-1,88,90,89,-1,89,90,91,-1,89,91,92,-1,92,91,93,-1,92,93,94,-1,94,93,95,-1,94,95,96,-1,96,95,97,-1,96,97,98,-1,98,97,99,-1,98,99,100,-1,100,99,101,-1,100,101,102,-1,103,104,105,-1,102,101,106,-1,102,106,107,-1,107,106,108,-1,107,108,105,-1,105,108,109,-1,105,109,103,-1,104,103,110,-1,104,110,111,-1,111,110,112,-1,111,112,113,-1,113,112,114,-1,113,114,115,-1,115,114,116,-1,115,116,117,-1,117,116,118,-1,117,118,119,-1,119,118,120,-1,119,120,121,-1,121,120,122,-1,121,122,123,-1,123,122,124,-1,123,124,125,-1,125,124,126,-1,125,126,127,-1,127,126,128,-1,127,128,129,-1,129,128,130,-1,129,130,131,-1,131,130,132,-1,131,132,133,-1,133,132,134,-1,133,134,135,-1,135,134,4,-1,135,4,3,-1,61,63,85,-1,85,63,83,-1,111,43,104,-1,104,43,45,-1,21,23,127,-1,127,23,25,-1,127,25,125,-1,125,25,27,-1,125,27,123,-1,123,27,29,-1,123,29,121,-1,121,29,31,-1,121,31,119,-1,119,31,33,-1,119,33,117,-1,117,33,35,-1,117,35,115,-1,115,35,37,-1,115,37,113,-1,113,37,39,-1,113,39,111,-1,111,39,41,-1,111,41,43,-1,14,3,11,-1,11,3,6,-1,11,6,9,-1,9,6,2,-1,9,2,1,-1,63,65,83,-1,83,65,67,-1,83,67,81,-1,81,67,69,-1,81,69,79,-1,79,69,71,-1,79,71,76,-1,76,71,73,-1,76,73,75,-1,127,129,21,-1,21,129,131,-1,21,131,17,-1,17,131,133,-1,17,133,14,-1,14,133,135,-1,14,135,3,-1,85,87,61,-1,61,87,89,-1,61,89,59,-1,59,89,92,-1,59,92,57,-1,57,92,94,-1,57,94,55,-1,55,94,96,-1,55,96,53,-1,53,96,98,-1,53,98,51,-1,51,98,100,-1,51,100,49,-1,49,100,102,-1,49,102,47,-1,47,102,107,-1,47,107,45,-1,45,107,105,-1,45,105,104,-1,136,137,138,-1,138,137,139,-1,140,136,141,-1,141,136,138,-1,140,141,142,-1,140,142,143,-1,143,142,144,-1,143,144,145,-1,146,145,147,-1,147,145,144,-1,148,146,149,-1,149,146,147,-1,150,151,152,-1,152,151,148,-1,152,148,149,-1,153,151,154,-1,154,151,150,-1,155,156,157,-1,157,156,153,-1,157,153,154,-1,158,159,160,-1,160,159,156,-1,160,156,155,-1,158,161,159,-1,159,161,162,-1,161,163,162,-1,162,163,164,-1,162,164,165,-1,165,164,166,-1,165,166,167,-1,167,166,168,-1,167,168,169,-1,169,168,170,-1,169,170,171,-1,171,170,172,-1,171,172,173,-1,173,172,174,-1,173,174,175,-1,176,175,177,-1,177,175,174,-1,176,177,178,-1,176,178,179,-1,179,178,180,-1,179,180,181,-1,181,180,182,-1,181,182,183,-1,183,182,184,-1,183,184,185,-1,184,186,185,-1,185,186,187,-1,185,187,188,-1,188,187,189,-1,188,189,190,-1,190,189,191,-1,190,191,192,-1,192,191,193,-1,192,193,194,-1,139,137,195,-1,195,137,194,-1,195,194,193,-1,143,145,194,-1,137,136,194,-1,194,136,140,-1,194,140,143,-1,151,153,148,-1,148,153,156,-1,148,156,146,-1,175,176,173,-1,173,176,179,-1,173,179,171,-1,171,179,181,-1,171,181,169,-1,169,181,183,-1,169,183,167,-1,167,183,185,-1,167,185,165,-1,145,146,194,-1,194,146,156,-1,194,156,192,-1,156,159,192,-1,192,159,162,-1,192,162,190,-1,190,162,165,-1,190,165,188,-1,188,165,185,-1,196,197,198,-1,198,197,199,-1,200,201,202,-1,202,201,196,-1,202,196,198,-1,203,201,204,-1,204,201,200,-1,205,206,207,-1,207,206,203,-1,207,203,204,-1,208,206,209,-1,209,206,205,-1,210,211,212,-1,212,211,208,-1,212,208,209,-1,213,211,214,-1,214,211,210,-1,215,216,217,-1,217,216,213,-1,217,213,214,-1,218,216,219,-1,219,216,215,-1,220,221,222,-1,222,221,218,-1,222,218,219,-1,223,221,224,-1,224,221,220,-1,199,197,225,-1,225,197,223,-1,225,223,224,-1,223,197,196,-1,196,201,223,-1,223,201,203,-1,223,203,221,-1,216,218,213,-1,213,218,221,-1,213,221,211,-1,211,221,203,-1,211,203,208,-1,208,203,206,-1,226,227,228,-1,228,227,229,-1,228,229,230,-1,230,229,231,-1,230,231,232,-1,232,231,233,-1,232,233,234,-1,234,233,235,-1,234,235,236,-1,236,235,237,-1,236,237,238,-1,238,237,239,-1,238,239,240,-1,240,239,241,-1,240,241,242,-1,242,241,243,-1,242,243,244,-1,244,243,245,-1,244,245,246,-1,246,245,247,-1,246,247,248,-1,248,247,249,-1,248,249,250,-1,250,249,251,-1,250,251,252,-1,252,251,253,-1,252,253,254,-1,254,253,255,-1,254,255,256,-1,256,255,257,-1,256,257,258,-1,258,257,259,-1,258,259,260,-1,260,259,226,-1,260,226,228,-1,234,236,261,-1,261,236,262,-1,234,261,263,-1,234,263,232,-1,232,263,264,-1,232,264,230,-1,230,264,265,-1,230,265,228,-1,228,265,266,-1,228,266,260,-1,260,266,267,-1,260,267,258,-1,258,267,268,-1,258,268,256,-1,256,268,269,-1,256,269,254,-1,254,269,270,-1,254,270,252,-1,252,270,271,-1,252,271,250,-1,250,271,272,-1,250,272,248,-1,248,272,273,-1,248,273,246,-1,246,273,274,-1,246,274,244,-1,244,274,275,-1,244,275,242,-1,242,275,276,-1,242,276,240,-1,238,240,277,-1,277,240,276,-1,236,238,262,-1,262,238,277,-1,241,239,278,-1,278,239,279,-1,239,237,279,-1,279,237,280,-1,237,235,280,-1,280,235,281,-1,227,282,283,-1,227,283,229,-1,229,283,284,-1,229,284,231,-1,231,284,285,-1,231,285,233,-1,233,285,281,-1,233,281,235,-1,255,286,287,-1,255,287,257,-1,257,287,288,-1,257,288,259,-1,259,288,289,-1,259,289,226,-1,226,289,282,-1,226,282,227,-1,247,290,291,-1,247,291,249,-1,249,291,292,-1,249,292,251,-1,251,292,293,-1,251,293,253,-1,253,293,286,-1,253,286,255,-1,241,278,294,-1,241,294,243,-1,243,294,295,-1,243,295,245,-1,245,295,290,-1,245,290,247,-1,
        ]
    }
}
Shape{
    appearance Appearance {
        material  Material 	{
            diffuseColor 0.25098039215686274 0.25098039215686274 0.25098039215686274
            specularColor 0.12549019607843137 0.12549019607843137 0.12549019607843137
            ambientIntensity 0.251
            transparency 0.0
            shininess 0.5
        }
    }
    geometry IndexedFaceSet {
        ccw TRUE
        solid FALSE
        coord DEF co Coordinate {
            point [
                0.6083 1.1102 1.7402, 0.6071 1.1102 1.7413, 0.6382 1.1102 1.8125, 0.6543 1.1102 1.8125, 0.6543 1.1102 1.7302, 0.6388 1.1102 1.7302, 0.6239 1.1102 1.732, 0.6151 1.1102 1.7354, 0.6024 1.1102 1.747, 0.5985 1.1102 1.7547, 0.5962 1.1102 1.7642, 0.5957 1.1102 1.7724, 0.5973 1.1102 1.7859, 0.6003 1.1102 1.7936, 0.6045 1.1102 1.7996, 0.6074 1.1102 1.8025, 0.6245 1.1102 1.811, 0.6152 1.1102 1.8077
            ]
        }
        coordIndex [
            0,1,2,-1,3,4,2,-1,2,4,5,-1,5,6,2,-1,2,6,7,-1,2,7,0,-1,1,8,2,-1,2,8,9,-1,2,9,10,-1,10,11,2,-1,2,11,12,-1,2,12,13,-1,13,14,2,-1,2,14,15,-1,2,15,16,-1,16,15,17,-1,
        ]
    }
}
Shape{
    appearance Appearance {
        material  Material 	{
            diffuseColor 1.0 1.0 1.0
            specularColor 0.5019607843137255 0.5019607843137255 0.5019607843137255
            ambientIntensity 1.0
            transparency 0.0
            shininess 0.5
        }
    }
    geometry IndexedFaceSet {
        ccw TRUE
        solid FALSE
        coord DEF co Coordinate {
            point [
                0.5454 1.1142 1.7593, 0.5294 1.1142 1.8037, 0.5346 1.1142 1.8248, 0.5753 1.1142 1.718, 0.56 1.1142 1.718, 0.5498 1.1142 1.7472, 0.5285 1.1142 1.8069, 0.5277 1.1142 1.8111, 0.5199 1.1142 1.8248, 0.5274 1.1142 1.8111, 0.5265 1.1142 1.8066, 0.5257 1.1142 1.8037, 0.5096 1.1142 1.7593, 0.4792 1.1142 1.718, 0.4944 1.1142 1.718, 0.5053 1.1142 1.7472, 0.5199 1.1102 1.8248, 0.4792 1.1102 1.718, 0.5346 1.1102 1.8248, 0.5753 1.1102 1.718, 0.56 1.1102 1.718, 0.5498 1.1102 1.7472, 0.5053 1.1102 1.7472, 0.4944 1.1102 1.718, 0.5454 1.1102 1.7593, 0.5096 1.1102 1.7593, 0.5257 1.1102 1.8037, 0.5274 1.1102 1.8111, 0.5265 1.1102 1.8066, 0.5277 1.1102 1.8111, 0.5294 1.1102 1.8037, 0.5285 1.1102 1.8069
            ]
        }
        coordIndex [
            0,1,2,-1,3,4,5,-1,1,6,2,-1,2,6,7,-1,2,7,8,-1,8,7,9,-1,8,9,10,-1,10,11,8,-1,8,11,12,-1,8,12,13,-1,14,13,15,-1,15,13,12,-1,15,12,5,-1,5,12,0,-1,5,0,3,-1,3,0,2,-1,8,13,16,-1,16,13,17,-1,2,8,18,-1,18,8,16,-1,3,2,19,-1,19,2,18,-1,4,3,20,-1,20,3,19,-1,5,4,21,-1,21,4,20,-1,15,5,22,-1,22,5,21,-1,14,15,23,-1,23,15,22,-1,13,14,17,-1,17,14,23,-1,0,12,24,-1,24,12,25,-1,12,11,25,-1,25,11,26,-1,9,27,28,-1,9,28,10,-1,10,28,26,-1,10,26,11,-1,9,7,27,-1,27,7,29,-1,1,30,31,-1,1,31,6,-1,6,31,29,-1,6,29,7,-1,1,0,30,-1,30,0,24,-1,
        ]
    }
}
Shape{
    appearance Appearance {
        material  Material 	{
            diffuseColor 0.25098039215686274 0.25098039215686274 0.25098039215686274
            specularColor 0.12549019607843137 0.12549019607843137 0.12549019607843137
            ambientIntensity 0.251
            transparency 0.0
            shininess 0.5
        }
    }
    geometry IndexedFaceSet {
        ccw TRUE
        solid FALSE
        coord DEF co Coordinate {
            point [
                0.5274 1.1102 1.8111, 0.5277 1.1102 1.8111, 0.5265 1.1102 1.8066, 0.5285 1.1102 1.8069, 0.5257 1.1102 1.8037, 0.5294 1.1102 1.8037, 0.5096 1.1102 1.7593, 0.5454 1.1102 1.7593
            ]
        }
        coordIndex [
            0,1,2,-1,2,1,3,-1,2,3,4,-1,4,3,5,-1,4,5,6,-1,6,5,7,-1,
        ]
    }
}
Shape{
    appearance Appearance {
        material  Material 	{
            diffuseColor 1.0 1.0 1.0
            specularColor 0.5019607843137255 0.5019607843137255 0.5019607843137255
            ambientIntensity 1.0
            transparency 0.0
            shininess 0.5
        }
    }
    geometry IndexedFaceSet {
        ccw TRUE
        solid FALSE
        coord DEF co Coordinate {
            point [
                1.5128 1.1142 1.7029, 1.5016 1.1142 1.689, 1.5197 1.1142 1.77, 1.2662 1.1142 1.8072, 1.2897 1.1142 1.8475, 1.3914 1.1142 1.7943, 1.4426 1.1142 1.7716, 1.4356 1.1142 1.769, 1.5328 1.1142 1.902, 1.5159 1.1142 1.9109, 1.5179 1.1142 1.9581, 1.4901 1.1142 1.9613, 1.4295 1.1142 1.7648, 1.4246 1.1142 1.7594, 1.3724 1.1142 1.7511, 1.3997 1.1142 1.9638, 1.4208 1.1142 2.0046, 1.4392 1.1142 1.9932, 1.5362 1.1142 1.7802, 1.5324 1.1142 1.7229, 1.5204 1.1142 1.7192, 1.4214 1.1142 1.7531, 1.4197 1.1142 1.7461, 1.3724 1.1142 1.7435, 1.4197 1.1142 1.7395, 1.2411 1.1142 1.8824, 1.235 1.1142 1.8824, 1.2039 1.1142 1.9234, 1.2206 1.1142 1.8806, 1.2001 1.1142 1.9221, 1.2074 1.1142 1.8755, 1.1776 1.1142 1.9109, 1.157 1.1142 1.8934, 1.4208 1.1142 1.9484, 1.4571 1.1142 1.9779, 1.4377 1.1142 1.928, 1.4726 1.1142 1.9598, 1.4491 1.1142 1.9044, 1.4971 1.1142 1.9154, 1.4893 1.1142 1.9158, 1.4814 1.1142 1.9608, 1.4716 1.1142 1.9136, 1.4546 1.1142 1.9074, 1.468 1.1142 1.7199, 1.4618 1.1142 1.716, 1.4867 1.1142 1.6778, 1.4546 1.1142 1.7136, 1.4557 1.1142 1.7716, 1.4664 1.1142 1.8179, 1.4624 1.1142 1.7691, 1.4832 1.1142 1.8115, 1.4684 1.1142 1.7651, 1.4987 1.1142 1.8007, 1.4734 1.1142 1.7597, 1.5113 1.1142 1.7864, 1.4769 1.1142 1.753, 1.4785 1.1142 1.7457, 1.1569 1.1142 1.7518, 1.1923 1.1142 1.7819, 1.1775 1.1142 1.7343, 1.2035 1.1142 1.7727, 1.2007 1.1142 1.723, 1.2169 1.1142 1.7666, 1.2259 1.1142 1.7177, 1.2305 1.1142 1.764, 1.2707 1.1142 1.7177, 1.2646 1.1142 1.764, 1.275 1.1142 1.7183, 1.563 1.1142 1.8582, 1.6127 1.1142 1.8476, 1.5652 1.1142 1.8399, 1.6131 1.1142 1.8383, 1.5643 1.1142 1.8283, 1.6099 1.1142 1.8107, 1.5589 1.1142 1.8097, 1.5995 1.1142 1.7823, 1.5498 1.1142 1.7942, 1.5812 1.1142 1.7556, 1.5596 1.1142 1.7368, 1.4208 1.1142 1.815, 1.4391 1.1142 1.8196, 1.4483 1.1142 1.8201, 1.1956 1.1142 1.8673, 1.1868 1.1142 1.8574, 1.1415 1.1142 1.8718, 1.1797 1.1142 1.8443, 1.1322 1.1142 1.8487, 1.1762 1.1142 1.8297, 1.1288 1.1142 1.8239, 1.1758 1.1142 1.8232, 1.1323 1.1142 1.7968, 1.1777 1.1142 1.8084, 1.1418 1.1142 1.7728, 1.1829 1.1142 1.7949, 1.1912 1.1142 1.783, 1.2449 1.1142 1.9833, 1.2741 1.1142 1.948, 1.2202 1.1142 1.9548, 1.2571 1.1142 1.9274, 1.2456 1.1142 1.9029, 1.5462 1.1142 1.9477, 1.5715 1.1142 1.9304, 1.546 1.1142 1.8903, 1.5774 1.1142 1.9249, 1.5565 1.1142 1.8751, 1.5946 1.1142 1.9031, 1.6071 1.1142 1.8761, 1.473 1.1142 1.7253, 1.4765 1.1142 1.7314, 1.4784 1.1142 1.7383, 1.3858 1.1142 2.0181, 1.3749 1.1142 1.9738, 1.3481 1.1142 2.0228, 1.3474 1.1142 1.9773, 1.3169 1.1142 2.0195, 1.3218 1.1142 1.9741, 1.2788 1.1142 2.0061, 1.298 1.1142 1.9651, 1.2767 1.1142 1.9503, 1.4491 1.1142 1.7723, 1.4047 1.1142 1.8064, 1.2685 1.1142 1.7647, 1.2867 1.1142 1.7256, 1.2849 1.1142 1.7238, 1.2662 1.1142 1.7642, 1.28 1.1142 1.7203, 1.4692 1.1142 1.6704, 1.4513 1.1142 1.6676, 1.4491 1.1142 1.7131, 1.4483 1.1142 1.6676, 1.4424 1.1142 1.7139, 1.43 1.1142 1.6698, 1.4358 1.1142 1.7163, 1.4131 1.1142 1.6763, 1.4299 1.1142 1.7202, 1.3979 1.1142 1.6868, 1.4249 1.1142 1.7256, 1.3862 1.1142 1.7, 1.4214 1.1142 1.7322, 1.3773 1.1142 1.7169, 1.3728 1.1142 1.7357, 1.2927 1.1142 1.7412, 1.292 1.1142 1.7355, 1.29 1.1142 1.7304, 1.275 1.1142 1.764, 1.2802 1.1142 1.7619, 1.2926 1.1142 1.7439, 1.2849 1.1142 1.7587, 1.2882 1.1142 1.7549, 1.2911 1.1142 1.7497, 1.2692 1.1142 1.7647, 1.1288 1.1102 1.8239, 1.1322 1.1102 1.8487, 1.1348 1.1102 1.8552, 1.1415 1.1102 1.8718, 1.157 1.1102 1.8934, 1.1776 1.1102 1.9109, 1.2001 1.1102 1.9221, 1.2039 1.1102 1.9234, 1.2202 1.1102 1.9548, 1.2449 1.1102 1.9833, 1.2624 1.1102 1.9951, 1.2788 1.1102 2.0061, 1.3169 1.1102 2.0195, 1.3481 1.1102 2.0228, 1.3858 1.1102 2.0181, 1.4208 1.1102 2.0046, 1.4362 1.1102 1.9951, 1.4392 1.1102 1.9932, 1.4571 1.1102 1.9779, 1.4726 1.1102 1.9598, 1.4814 1.1102 1.9608, 1.4901 1.1102 1.9613, 1.5179 1.1102 1.9581, 1.5462 1.1102 1.9477, 1.5715 1.1102 1.9304, 1.5774 1.1102 1.9249, 1.6071 1.1102 1.8761, 1.5946 1.1102 1.9031, 1.6112 1.1102 1.8552, 1.6127 1.1102 1.8476, 1.6131 1.1102 1.8383, 1.6099 1.1102 1.8107, 1.5995 1.1102 1.7823, 1.5812 1.1102 1.7556, 1.5596 1.1102 1.7368, 1.5324 1.1102 1.7229, 1.5204 1.1102 1.7192, 1.5195 1.1102 1.7171, 1.5128 1.1102 1.7029, 1.5016 1.1102 1.689, 1.4867 1.1102 1.6778, 1.4797 1.1102 1.6748, 1.4692 1.1102 1.6704, 1.4513 1.1102 1.6676, 1.4483 1.1102 1.6676, 1.3724 1.1102 1.7435, 1.43 1.1102 1.6698, 1.4169 1.1102 1.6748, 1.4131 1.1102 1.6763, 1.3979 1.1102 1.6868, 1.3862 1.1102 1.7, 1.3773 1.1102 1.7169, 1.3772 1.1102 1.7171, 1.3728 1.1102 1.7357, 1.3724 1.1102 1.7511, 1.2662 1.1102 1.8072, 1.2897 1.1102 1.8475, 1.3914 1.1102 1.7943, 1.4047 1.1102 1.8064, 1.4208 1.1102 1.815, 1.4391 1.1102 1.8196, 1.4483 1.1102 1.8201, 1.4664 1.1102 1.8179, 1.4832 1.1102 1.8115, 1.4987 1.1102 1.8007, 1.5113 1.1102 1.7864, 1.5197 1.1102 1.77, 1.5362 1.1102 1.7802, 1.5498 1.1102 1.7942, 1.5589 1.1102 1.8097, 1.5643 1.1102 1.8283, 1.5652 1.1102 1.8399, 1.5633 1.1102 1.8552, 1.563 1.1102 1.8582, 1.5565 1.1102 1.8751, 1.546 1.1102 1.8903, 1.5328 1.1102 1.902, 1.5159 1.1102 1.9109, 1.4971 1.1102 1.9154, 1.4893 1.1102 1.9158, 1.4716 1.1102 1.9136, 1.4546 1.1102 1.9074, 1.4491 1.1102 1.9044, 1.4377 1.1102 1.928, 1.4208 1.1102 1.9484, 1.3997 1.1102 1.9638, 1.3749 1.1102 1.9738, 1.3474 1.1102 1.9773, 1.3218 1.1102 1.9741, 1.298 1.1102 1.9651, 1.2767 1.1102 1.9503, 1.2741 1.1102 1.948, 1.2571 1.1102 1.9274, 1.2456 1.1102 1.9029, 1.2411 1.1102 1.8824, 1.235 1.1102 1.8824, 1.2206 1.1102 1.8806, 1.2074 1.1102 1.8755, 1.1956 1.1102 1.8673, 1.1868 1.1102 1.8574, 1.1856 1.1102 1.8552, 1.1797 1.1102 1.8443, 1.1762 1.1102 1.8297, 1.1758 1.1102 1.8232, 1.1777 1.1102 1.8084, 1.1829 1.1102 1.7949, 1.1912 1.1102 1.783, 1.1923 1.1102 1.7819, 1.2035 1.1102 1.7727, 1.2169 1.1102 1.7666, 1.2305 1.1102 1.764, 1.2646 1.1102 1.764, 1.2662 1.1102 1.7642, 1.2685 1.1102 1.7647, 1.2692 1.1102 1.7647, 1.275 1.1102 1.764, 1.2802 1.1102 1.7619, 1.2849 1.1102 1.7587, 1.2882 1.1102 1.7549, 1.2911 1.1102 1.7497, 1.2926 1.1102 1.7439, 1.2927 1.1102 1.7412, 1.292 1.1102 1.7355, 1.29 1.1102 1.7304, 1.2867 1.1102 1.7256, 1.2849 1.1102 1.7238, 1.28 1.1102 1.7203, 1.275 1.1102 1.7183, 1.2707 1.1102 1.7177, 1.2259 1.1102 1.7177, 1.2007 1.1102 1.723, 1.1775 1.1102 1.7343, 1.1569 1.1102 1.7518, 1.1418 1.1102 1.7728, 1.1323 1.1102 1.7968, 1.4491 1.1102 1.7723, 1.4426 1.1102 1.7716, 1.4356 1.1102 1.769, 1.4295 1.1102 1.7648, 1.4246 1.1102 1.7594, 1.4214 1.1102 1.7531, 1.4197 1.1102 1.7461, 1.4197 1.1102 1.7395, 1.4214 1.1102 1.7322, 1.4249 1.1102 1.7256, 1.4299 1.1102 1.7202, 1.4358 1.1102 1.7163, 1.4424 1.1102 1.7139, 1.4491 1.1102 1.7131, 1.4546 1.1102 1.7136, 1.4618 1.1102 1.716, 1.468 1.1102 1.7199, 1.473 1.1102 1.7253, 1.4765 1.1102 1.7314, 1.4784 1.1102 1.7383, 1.4785 1.1102 1.7457, 1.4769 1.1102 1.753, 1.4734 1.1102 1.7597, 1.4684 1.1102 1.7651, 1.4624 1.1102 1.7691, 1.4557 1.1102 1.7716
            ]
        }
        coordIndex [
            0,1,2,-1,3,4,5,-1,6,7,3,-1,8,9,10,-1,10,9,11,-1,7,12,3,-1,3,12,13,-1,3,13,14,-1,15,16,17,-1,18,19,2,-1,2,19,20,-1,2,20,0,-1,13,21,14,-1,14,21,22,-1,14,22,23,-1,23,22,24,-1,25,26,27,-1,27,26,28,-1,27,28,29,-1,29,28,30,-1,29,30,31,-1,31,30,32,-1,15,17,33,-1,33,17,34,-1,33,34,35,-1,35,34,36,-1,35,36,37,-1,9,38,11,-1,11,38,39,-1,11,39,40,-1,40,39,41,-1,40,41,36,-1,36,41,42,-1,36,42,37,-1,43,1,44,-1,44,1,45,-1,44,45,46,-1,47,48,49,-1,49,48,50,-1,49,50,51,-1,51,50,52,-1,51,52,53,-1,53,52,54,-1,53,54,55,-1,55,54,2,-1,55,2,56,-1,57,58,59,-1,59,58,60,-1,59,60,61,-1,61,60,62,-1,61,62,63,-1,63,62,64,-1,63,64,65,-1,65,64,66,-1,65,66,67,-1,68,69,70,-1,70,69,71,-1,70,71,72,-1,72,71,73,-1,72,73,74,-1,74,73,75,-1,74,75,76,-1,76,75,77,-1,76,77,18,-1,18,77,78,-1,18,78,19,-1,79,80,47,-1,47,80,81,-1,47,81,48,-1,30,82,32,-1,32,82,83,-1,32,83,84,-1,84,83,85,-1,84,85,86,-1,86,85,87,-1,86,87,88,-1,88,87,89,-1,88,89,90,-1,90,89,91,-1,90,91,92,-1,92,91,93,-1,92,93,57,-1,57,93,94,-1,57,94,58,-1,95,96,97,-1,97,96,98,-1,97,98,27,-1,27,98,99,-1,27,99,25,-1,10,100,8,-1,8,100,101,-1,8,101,102,-1,102,101,103,-1,102,103,104,-1,104,103,105,-1,104,105,68,-1,68,105,106,-1,68,106,69,-1,43,107,1,-1,1,107,108,-1,1,108,2,-1,2,108,109,-1,2,109,56,-1,16,15,110,-1,110,15,111,-1,110,111,112,-1,112,111,113,-1,112,113,114,-1,114,113,115,-1,114,115,116,-1,116,115,117,-1,116,117,95,-1,95,117,118,-1,95,118,96,-1,6,3,119,-1,119,3,5,-1,119,5,47,-1,47,5,120,-1,47,120,79,-1,121,122,123,-1,66,124,67,-1,67,124,121,-1,67,121,125,-1,125,121,123,-1,45,126,46,-1,46,126,127,-1,46,127,128,-1,128,127,129,-1,128,129,130,-1,130,129,131,-1,130,131,132,-1,132,131,133,-1,132,133,134,-1,134,133,135,-1,134,135,136,-1,136,135,137,-1,136,137,138,-1,138,137,139,-1,138,139,24,-1,24,139,140,-1,24,140,23,-1,141,142,121,-1,121,142,143,-1,121,143,122,-1,144,145,146,-1,145,147,146,-1,146,147,148,-1,146,148,149,-1,141,121,146,-1,146,121,150,-1,146,150,144,-1,88,151,152,-1,88,152,86,-1,86,152,153,-1,86,153,84,-1,153,154,84,-1,84,154,155,-1,84,155,32,-1,32,155,156,-1,32,156,31,-1,31,156,157,-1,31,157,29,-1,29,157,158,-1,29,158,27,-1,27,158,159,-1,27,159,97,-1,97,159,160,-1,97,160,95,-1,116,95,161,-1,161,95,160,-1,161,162,116,-1,116,162,163,-1,116,163,114,-1,114,163,164,-1,114,164,112,-1,112,164,165,-1,112,165,110,-1,110,165,166,-1,110,166,16,-1,16,166,17,-1,17,166,167,-1,17,167,168,-1,17,168,169,-1,17,169,34,-1,34,169,170,-1,34,170,36,-1,36,170,171,-1,36,171,40,-1,40,171,172,-1,40,172,11,-1,11,172,173,-1,11,173,10,-1,10,173,174,-1,10,174,100,-1,100,174,175,-1,100,175,101,-1,101,175,176,-1,101,176,103,-1,177,105,178,-1,178,105,103,-1,178,103,176,-1,179,69,177,-1,177,69,106,-1,177,106,105,-1,179,180,69,-1,69,180,181,-1,69,181,71,-1,71,181,182,-1,71,182,73,-1,73,182,183,-1,73,183,75,-1,75,183,184,-1,75,184,77,-1,77,184,185,-1,77,185,78,-1,78,185,186,-1,78,186,19,-1,19,186,187,-1,19,187,20,-1,20,187,188,-1,20,188,0,-1,188,189,0,-1,0,189,190,-1,0,190,1,-1,1,190,191,-1,1,191,45,-1,45,191,192,-1,45,192,126,-1,192,193,126,-1,126,193,194,-1,126,194,127,-1,127,194,195,-1,127,195,129,-1,196,23,140,-1,129,195,197,-1,198,133,197,-1,197,133,131,-1,197,131,129,-1,198,199,133,-1,133,199,200,-1,133,200,135,-1,135,200,201,-1,135,201,137,-1,137,201,202,-1,137,202,139,-1,139,202,203,-1,139,203,140,-1,140,203,204,-1,140,204,196,-1,14,23,205,-1,205,23,196,-1,3,14,206,-1,206,14,205,-1,4,3,207,-1,207,3,206,-1,5,4,208,-1,208,4,207,-1,5,208,209,-1,5,209,120,-1,120,209,210,-1,120,210,79,-1,79,210,211,-1,79,211,80,-1,80,211,212,-1,80,212,81,-1,81,212,213,-1,81,213,48,-1,48,213,214,-1,48,214,50,-1,50,214,215,-1,50,215,52,-1,52,215,216,-1,52,216,54,-1,54,216,217,-1,54,217,2,-1,2,217,218,-1,2,218,18,-1,18,218,219,-1,18,219,76,-1,76,219,220,-1,76,220,74,-1,74,220,221,-1,74,221,72,-1,72,221,222,-1,72,222,70,-1,70,222,68,-1,68,222,223,-1,223,224,68,-1,68,224,225,-1,68,225,104,-1,104,225,226,-1,104,226,102,-1,102,226,227,-1,102,227,8,-1,8,227,228,-1,8,228,9,-1,9,228,229,-1,9,229,38,-1,38,229,230,-1,38,230,39,-1,39,230,231,-1,39,231,41,-1,41,231,232,-1,41,232,42,-1,42,232,233,-1,42,233,37,-1,37,233,234,-1,37,234,35,-1,35,234,235,-1,35,235,33,-1,33,235,236,-1,33,236,15,-1,15,236,237,-1,15,237,111,-1,111,237,238,-1,111,238,113,-1,113,238,239,-1,113,239,115,-1,115,239,240,-1,115,240,117,-1,117,240,241,-1,117,241,118,-1,118,241,242,-1,118,242,96,-1,96,242,243,-1,96,243,98,-1,98,243,244,-1,98,244,99,-1,99,244,245,-1,99,245,25,-1,26,25,246,-1,246,25,245,-1,26,246,247,-1,26,247,28,-1,28,247,248,-1,28,248,30,-1,30,248,249,-1,30,249,82,-1,82,249,250,-1,82,250,83,-1,83,250,251,-1,83,251,85,-1,251,252,85,-1,85,252,253,-1,85,253,87,-1,87,253,254,-1,87,254,89,-1,89,254,255,-1,89,255,91,-1,91,255,256,-1,91,256,93,-1,93,256,257,-1,93,257,94,-1,94,257,258,-1,94,258,58,-1,58,258,259,-1,58,259,60,-1,60,259,260,-1,60,260,62,-1,62,260,261,-1,62,261,64,-1,66,64,262,-1,262,64,261,-1,66,262,263,-1,66,263,124,-1,124,263,264,-1,124,264,121,-1,121,264,265,-1,121,265,150,-1,150,265,266,-1,150,266,144,-1,144,266,267,-1,144,267,145,-1,145,267,268,-1,145,268,147,-1,147,268,269,-1,147,269,148,-1,148,269,270,-1,148,270,149,-1,149,270,271,-1,149,271,146,-1,146,271,272,-1,146,272,141,-1,141,272,273,-1,141,273,142,-1,142,273,274,-1,142,274,143,-1,143,274,275,-1,143,275,122,-1,122,275,276,-1,122,276,123,-1,123,276,277,-1,123,277,125,-1,125,277,278,-1,125,278,67,-1,67,278,279,-1,67,279,65,-1,63,65,280,-1,280,65,279,-1,63,280,281,-1,63,281,61,-1,61,281,282,-1,61,282,59,-1,59,282,283,-1,59,283,57,-1,57,283,284,-1,57,284,92,-1,92,284,285,-1,92,285,90,-1,90,285,151,-1,90,151,88,-1,119,286,287,-1,119,287,6,-1,6,287,288,-1,6,288,7,-1,7,288,289,-1,7,289,12,-1,12,289,290,-1,12,290,13,-1,13,290,291,-1,13,291,21,-1,21,291,292,-1,21,292,22,-1,22,292,293,-1,22,293,24,-1,24,293,294,-1,24,294,138,-1,138,294,295,-1,138,295,136,-1,136,295,296,-1,136,296,134,-1,134,296,297,-1,134,297,132,-1,132,297,298,-1,132,298,130,-1,130,298,299,-1,130,299,128,-1,128,299,300,-1,128,300,46,-1,46,300,301,-1,46,301,44,-1,44,301,302,-1,44,302,43,-1,43,302,303,-1,43,303,107,-1,107,303,304,-1,107,304,108,-1,108,304,305,-1,108,305,109,-1,109,305,306,-1,109,306,56,-1,56,306,307,-1,56,307,55,-1,55,307,308,-1,55,308,53,-1,53,308,309,-1,53,309,51,-1,51,309,310,-1,51,310,49,-1,49,310,311,-1,49,311,47,-1,47,311,286,-1,47,286,119,-1,
        ]
    }
}
Shape{
    appearance Appearance {
        material  Material 	{
            diffuseColor 0.25098039215686274 0.25098039215686274 0.25098039215686274
            specularColor 0.12549019607843137 0.12549019607843137 0.12549019607843137
            ambientIntensity 0.251
            transparency 0.0
            shininess 0.5
        }
    }
    geometry IndexedFaceSet {
        ccw TRUE
        solid FALSE
        coord DEF co Coordinate {
            point [
                1.4546 1.1102 1.7136, 1.4491 1.1102 1.7131, 1.4491 1.1102 1.7723, 1.4358 1.1102 1.7163, 1.4197 1.1102 1.7395, 1.4424 1.1102 1.7139, 1.4197 1.1102 1.7461, 1.4214 1.1102 1.7531, 1.4246 1.1102 1.7594, 1.4295 1.1102 1.7648, 1.4624 1.1102 1.7691, 1.473 1.1102 1.7253, 1.468 1.1102 1.7199, 1.4356 1.1102 1.769, 1.4426 1.1102 1.7716, 1.4765 1.1102 1.7314, 1.4684 1.1102 1.7651, 1.4784 1.1102 1.7383, 1.4557 1.1102 1.7716, 1.4618 1.1102 1.716, 1.4299 1.1102 1.7202, 1.4249 1.1102 1.7256, 1.4214 1.1102 1.7322, 1.4785 1.1102 1.7457, 1.4734 1.1102 1.7597, 1.4769 1.1102 1.753
            ]
        }
        coordIndex [
            0,1,2,-1,3,4,5,-1,5,4,6,-1,5,6,1,-1,6,7,1,-1,1,7,8,-1,1,8,9,-1,10,11,12,-1,9,13,1,-1,1,13,14,-1,1,14,2,-1,11,10,15,-1,15,10,16,-1,15,16,17,-1,2,18,0,-1,0,18,10,-1,0,10,19,-1,19,10,12,-1,3,20,4,-1,4,20,21,-1,4,21,22,-1,17,16,23,-1,23,16,24,-1,23,24,25,-1,
        ]
    }
}