#VRML V2.0 utf8
# 3D model generated by easyeda2kicad.py (https://github.com/uPesy/easyeda2kicad.py)

Shape{
    appearance Appearance {
        material  Material 	{
            diffuseColor 0.9686274509803922 0.8784313725490196 0.6
            specularColor 0.6784313725490196 0.615686274509804 0.4196078431372549
            ambientIntensity 0.8737
            transparency 0.0
            shininess 0.5
        }
    }
    geometry IndexedFaceSet {
        ccw TRUE
        solid FALSE
        coord DEF co Coordinate {
            point [
                3.3738 -0.0709 -0.8872, 3.3738 -0.0709 0.1969, 3.3738 0.0866 -0.8872, 3.3738 0.0866 0.1969, 3.3711 0.0866 0.2172, 3.3711 -0.0709 0.2172, 3.3633 0.0866 0.2362, 3.3633 -0.0709 0.2362, 3.3508 0.0866 0.2525, 3.3508 -0.0709 0.2525, 3.3344 0.0866 0.265, 3.3344 -0.0709 0.265, 3.3155 0.0866 0.2729, 3.3155 -0.0709 0.2729, 3.2951 0.0866 0.2756, 3.2951 -0.0709 0.2756, 3.1848 0.0866 0.2756, 3.1848 -0.0709 0.2756, 3.1673 -0.0709 0.2776, 3.1673 0.0866 0.2776, 3.1507 -0.0709 0.2834, 3.1507 0.0866 0.2834, 3.1357 -0.0709 0.2928, 3.1357 0.0866 0.2928, 3.1233 -0.0709 0.3052, 3.1233 0.0866 0.3052, 3.1139 -0.0709 0.3202, 3.1139 0.0866 0.3202, 3.1081 -0.0709 0.3368, 3.1081 0.0866 0.3368, 3.1061 -0.0709 0.3543, 3.1061 0.0866 0.3543, 3.1061 0.0866 0.9449, 3.1061 -0.0709 0.9449, 3.1102 -0.0709 1.0253, 3.1102 0.0866 1.0253, 3.1225 -0.0709 1.1049, 3.1225 0.0866 1.1049, 3.1335 0.0866 1.1722, 3.1335 -0.0709 1.1722, 3.1386 0.0866 1.2402, 3.1386 -0.0709 1.2402, 3.185 0.0866 2.719, 3.185 -0.0709 2.719, 3.2244 0.0866 2.719, 3.2244 -0.0709 2.719, 3.2397 -0.0709 2.717, 3.2397 0.0866 2.717, 3.2539 -0.0709 2.7112, 3.2539 0.0866 2.7112, 3.2661 -0.0709 2.7018, 3.2661 0.0866 2.7018, 3.2755 -0.0709 2.6897, 3.2755 0.0866 2.6897, 3.3734 0.0866 2.5214, 3.3734 -0.0709 2.5214, 3.4006 -0.0709 2.4591, 3.4006 0.0866 2.4591, 3.4129 -0.0709 2.3921, 3.4129 0.0866 2.3921, 3.4095 -0.0709 2.3242, 3.4095 0.0866 2.3242, 3.3906 -0.0709 2.2589, 3.3906 0.0866 2.2589, 3.3779 0.0866 2.2187, 3.3779 -0.0709 2.2187, 3.3725 0.0866 2.1769, 3.3725 -0.0709 2.1769, 3.3228 0.0866 0.9054, 3.3228 -0.0709 0.9054, 3.3265 0.0866 0.8618, 3.3265 -0.0709 0.8618, 3.3408 0.0866 0.8205, 3.3408 -0.0709 0.8205, 3.3648 0.0866 0.7838, 3.3648 -0.0709 0.7838, 3.397 0.0866 0.7542, 3.397 -0.0709 0.7542, 3.4355 0.0866 0.7334, 3.4355 -0.0709 0.7334, 3.4779 0.0866 0.7227, 3.4779 -0.0709 0.7227, 3.5217 0.0866 0.7227, 3.5217 -0.0709 0.7227, 3.5641 0.0866 0.7334, 3.5641 -0.0709 0.7334, 3.6026 0.0866 0.7542, 3.6026 -0.0709 0.7542, 3.6349 0.0866 0.7838, 3.6349 -0.0709 0.7838, 3.6588 0.0866 0.8205, 3.6588 -0.0709 0.8205, 3.6731 0.0866 0.8618, 3.6731 -0.0709 0.8618, 3.6768 0.0866 0.9054, 3.6768 -0.0709 0.9054, 3.6271 0.0866 2.1769, 3.6271 -0.0709 2.1769, 3.6217 0.0866 2.2187, 3.6217 -0.0709 2.2187, 3.609 0.0866 2.2589, 3.609 -0.0709 2.2589, 3.5902 -0.0709 2.3242, 3.5902 0.0866 2.3242, 3.5867 -0.0709 2.3921, 3.5867 0.0866 2.3921, 3.599 -0.0709 2.4591, 3.599 0.0866 2.4591, 3.6262 -0.0709 2.5214, 3.6262 0.0866 2.5214, 3.7242 0.0866 2.6897, 3.7242 -0.0709 2.6897, 3.7335 -0.0709 2.7018, 3.7335 0.0866 2.7018, 3.7458 -0.0709 2.7112, 3.7458 0.0866 2.7112, 3.76 -0.0709 2.717, 3.76 0.0866 2.717, 3.7752 -0.0709 2.719, 3.7752 0.0866 2.719, 3.8146 0.0866 2.719, 3.8146 -0.0709 2.719, 3.861 0.0866 1.2402, 3.861 -0.0709 1.2402, 3.8661 0.0866 1.1722, 3.8661 -0.0709 1.1722, 3.8771 0.0866 1.1049, 3.8771 -0.0709 1.1049, 3.8894 -0.0709 1.0253, 3.8894 0.0866 1.0253, 3.8935 -0.0709 0.9449, 3.8935 0.0866 0.9449, 3.8935 0.0866 0.3543, 3.8935 -0.0709 0.3543, 3.8915 -0.0709 0.3368, 3.8915 0.0866 0.3368, 3.8857 -0.0709 0.3202, 3.8857 0.0866 0.3202, 3.8763 -0.0709 0.3052, 3.8763 0.0866 0.3052, 3.8639 -0.0709 0.2928, 3.8639 0.0866 0.2928, 3.8489 -0.0709 0.2834, 3.8489 0.0866 0.2834, 3.8323 -0.0709 0.2776, 3.8323 0.0866 0.2776, 3.8148 -0.0709 0.2756, 3.8148 0.0866 0.2756, 3.7045 0.0866 0.2756, 3.7045 -0.0709 0.2756, 3.6841 0.0866 0.2729, 3.6841 -0.0709 0.2729, 3.6652 0.0866 0.265, 3.6652 -0.0709 0.265, 3.6488 0.0866 0.2525, 3.6488 -0.0709 0.2525, 3.6363 0.0866 0.2362, 3.6363 -0.0709 0.2362, 3.6285 0.0866 0.2172, 3.6285 -0.0709 0.2172, 3.6258 0.0866 0.1969, 3.6258 -0.0709 0.1969, 3.6258 0.0866 -0.8872, 3.6258 -0.0709 -0.8872, 3.547 0.0866 -1.1811, 3.4526 0.0866 -1.1811, 3.4526 -0.0709 -1.1811, 3.547 -0.0709 -1.1811, -2.6262 -0.0709 -0.8872, -2.6262 -0.0709 0.1969, -2.6262 0.0866 -0.8872, -2.6262 0.0866 0.1969, -2.6289 0.0866 0.2172, -2.6289 -0.0709 0.2172, -2.6367 0.0866 0.2362, -2.6367 -0.0709 0.2362, -2.6492 0.0866 0.2525, -2.6492 -0.0709 0.2525, -2.6656 0.0866 0.265, -2.6656 -0.0709 0.265, -2.6845 0.0866 0.2729, -2.6845 -0.0709 0.2729, -2.7049 0.0866 0.2756, -2.7049 -0.0709 0.2756, -2.8152 0.0866 0.2756, -2.8152 -0.0709 0.2756, -2.8327 -0.0709 0.2776, -2.8327 0.0866 0.2776, -2.8493 -0.0709 0.2834, -2.8493 0.0866 0.2834, -2.8643 -0.0709 0.2928, -2.8643 0.0866 0.2928, -2.8767 -0.0709 0.3052, -2.8767 0.0866 0.3052, -2.8861 -0.0709 0.3202, -2.8861 0.0866 0.3202, -2.8919 -0.0709 0.3368, -2.8919 0.0866 0.3368, -2.8939 -0.0709 0.3543, -2.8939 0.0866 0.3543, -2.8939 0.0866 0.9449, -2.8939 -0.0709 0.9449, -2.8898 -0.0709 1.0253, -2.8898 0.0866 1.0253, -2.8775 -0.0709 1.1049, -2.8775 0.0866 1.1049, -2.8665 0.0866 1.1722, -2.8665 -0.0709 1.1722, -2.8614 0.0866 1.2402, -2.8614 -0.0709 1.2402, -2.815 0.0866 2.719, -2.815 -0.0709 2.719, -2.7756 0.0866 2.719, -2.7756 -0.0709 2.719, -2.7603 -0.0709 2.717, -2.7603 0.0866 2.717, -2.7461 -0.0709 2.7112, -2.7461 0.0866 2.7112, -2.7339 -0.0709 2.7018, -2.7339 0.0866 2.7018, -2.7245 -0.0709 2.6897, -2.7245 0.0866 2.6897, -2.6266 0.0866 2.5214, -2.6266 -0.0709 2.5214, -2.5994 -0.0709 2.4591, -2.5994 0.0866 2.4591, -2.5871 -0.0709 2.3921, -2.5871 0.0866 2.3921, -2.5905 -0.0709 2.3242, -2.5905 0.0866 2.3242, -2.6094 -0.0709 2.2589, -2.6094 0.0866 2.2589, -2.6221 0.0866 2.2187, -2.6221 -0.0709 2.2187, -2.6275 0.0866 2.1769, -2.6275 -0.0709 2.1769, -2.6772 0.0866 0.9054, -2.6772 -0.0709 0.9054, -2.6735 0.0866 0.8618, -2.6735 -0.0709 0.8618, -2.6592 0.0866 0.8205, -2.6592 -0.0709 0.8205, -2.6352 0.0866 0.7838, -2.6352 -0.0709 0.7838, -2.603 0.0866 0.7542, -2.603 -0.0709 0.7542, -2.5645 0.0866 0.7334, -2.5645 -0.0709 0.7334, -2.5221 0.0866 0.7227, -2.5221 -0.0709 0.7227, -2.4783 0.0866 0.7227, -2.4783 -0.0709 0.7227, -2.4359 0.0866 0.7334, -2.4359 -0.0709 0.7334, -2.3974 0.0866 0.7542, -2.3974 -0.0709 0.7542, -2.3651 0.0866 0.7838, -2.3651 -0.0709 0.7838, -2.3412 0.0866 0.8205, -2.3412 -0.0709 0.8205, -2.3269 0.0866 0.8618, -2.3269 -0.0709 0.8618, -2.3232 0.0866 0.9054, -2.3232 -0.0709 0.9054, -2.3729 0.0866 2.1769, -2.3729 -0.0709 2.1769, -2.3783 0.0866 2.2187, -2.3783 -0.0709 2.2187, -2.391 0.0866 2.2589, -2.391 -0.0709 2.2589, -2.4098 -0.0709 2.3242, -2.4098 0.0866 2.3242, -2.4133 -0.0709 2.3921, -2.4133 0.0866 2.3921, -2.401 -0.0709 2.4591, -2.401 0.0866 2.4591, -2.3738 -0.0709 2.5214, -2.3738 0.0866 2.5214, -2.2758 0.0866 2.6897, -2.2758 -0.0709 2.6897, -2.2665 -0.0709 2.7018, -2.2665 0.0866 2.7018, -2.2542 -0.0709 2.7112, -2.2542 0.0866 2.7112, -2.24 -0.0709 2.717, -2.24 0.0866 2.717, -2.2248 -0.0709 2.719, -2.2248 0.0866 2.719, -2.1854 0.0866 2.719, -2.1854 -0.0709 2.719, -2.139 0.0866 1.2402, -2.139 -0.0709 1.2402, -2.1339 0.0866 1.1722, -2.1339 -0.0709 1.1722, -2.1229 0.0866 1.1049, -2.1229 -0.0709 1.1049, -2.1106 -0.0709 1.0253, -2.1106 0.0866 1.0253, -2.1065 -0.0709 0.9449, -2.1065 0.0866 0.9449, -2.1065 0.0866 0.3543, -2.1065 -0.0709 0.3543, -2.1085 -0.0709 0.3368, -2.1085 0.0866 0.3368, -2.1143 -0.0709 0.3202, -2.1143 0.0866 0.3202, -2.1237 -0.0709 0.3052, -2.1237 0.0866 0.3052, -2.1361 -0.0709 0.2928, -2.1361 0.0866 0.2928, -2.1511 -0.0709 0.2834, -2.1511 0.0866 0.2834, -2.1677 -0.0709 0.2776, -2.1677 0.0866 0.2776, -2.1852 -0.0709 0.2756, -2.1852 0.0866 0.2756, -2.2955 0.0866 0.2756, -2.2955 -0.0709 0.2756, -2.3159 0.0866 0.2729, -2.3159 -0.0709 0.2729, -2.3348 0.0866 0.265, -2.3348 -0.0709 0.265, -2.3512 0.0866 0.2525, -2.3512 -0.0709 0.2525, -2.3637 0.0866 0.2362, -2.3637 -0.0709 0.2362, -2.3715 0.0866 0.2172, -2.3715 -0.0709 0.2172, -2.3742 0.0866 0.1969, -2.3742 -0.0709 0.1969, -2.3742 0.0866 -0.8872, -2.3742 -0.0709 -0.8872, -2.453 0.0866 -1.1811, -2.5474 0.0866 -1.1811, -2.5474 -0.0709 -1.1811, -2.453 -0.0709 -1.1811, 2.3738 -0.0709 -0.8872, 2.3738 -0.0709 0.1969, 2.3738 0.0866 -0.8872, 2.3738 0.0866 0.1969, 2.3711 0.0866 0.2172, 2.3711 -0.0709 0.2172, 2.3633 0.0866 0.2362, 2.3633 -0.0709 0.2362, 2.3508 0.0866 0.2525, 2.3508 -0.0709 0.2525, 2.3344 0.0866 0.265, 2.3344 -0.0709 0.265, 2.3155 0.0866 0.2729, 2.3155 -0.0709 0.2729, 2.2951 0.0866 0.2756, 2.2951 -0.0709 0.2756, 2.1848 0.0866 0.2756, 2.1848 -0.0709 0.2756, 2.1673 -0.0709 0.2776, 2.1673 0.0866 0.2776, 2.1507 -0.0709 0.2834, 2.1507 0.0866 0.2834, 2.1357 -0.0709 0.2928, 2.1357 0.0866 0.2928, 2.1233 -0.0709 0.3052, 2.1233 0.0866 0.3052, 2.1139 -0.0709 0.3202, 2.1139 0.0866 0.3202, 2.1081 -0.0709 0.3368, 2.1081 0.0866 0.3368, 2.1061 -0.0709 0.3543, 2.1061 0.0866 0.3543, 2.1061 0.0866 0.9449, 2.1061 -0.0709 0.9449, 2.1102 -0.0709 1.0253, 2.1102 0.0866 1.0253, 2.1225 -0.0709 1.1049, 2.1225 0.0866 1.1049, 2.1335 0.0866 1.1722, 2.1335 -0.0709 1.1722, 2.1386 0.0866 1.2402, 2.1386 -0.0709 1.2402, 2.185 0.0866 2.719, 2.185 -0.0709 2.719, 2.2244 0.0866 2.719, 2.2244 -0.0709 2.719, 2.2397 -0.0709 2.717, 2.2397 0.0866 2.717, 2.2539 -0.0709 2.7112, 2.2539 0.0866 2.7112, 2.2661 -0.0709 2.7018, 2.2661 0.0866 2.7018, 2.2755 -0.0709 2.6897, 2.2755 0.0866 2.6897, 2.3734 0.0866 2.5214, 2.3734 -0.0709 2.5214, 2.4006 -0.0709 2.4591, 2.4006 0.0866 2.4591, 2.4129 -0.0709 2.3921, 2.4129 0.0866 2.3921, 2.4095 -0.0709 2.3242, 2.4095 0.0866 2.3242, 2.3906 -0.0709 2.2589, 2.3906 0.0866 2.2589, 2.3779 0.0866 2.2187, 2.3779 -0.0709 2.2187, 2.3725 0.0866 2.1769, 2.3725 -0.0709 2.1769, 2.3228 0.0866 0.9054, 2.3228 -0.0709 0.9054, 2.3265 0.0866 0.8618, 2.3265 -0.0709 0.8618, 2.3408 0.0866 0.8205, 2.3408 -0.0709 0.8205, 2.3648 0.0866 0.7838, 2.3648 -0.0709 0.7838, 2.397 0.0866 0.7542, 2.397 -0.0709 0.7542, 2.4355 0.0866 0.7334, 2.4355 -0.0709 0.7334, 2.4779 0.0866 0.7227, 2.4779 -0.0709 0.7227, 2.5217 0.0866 0.7227, 2.5217 -0.0709 0.7227, 2.5641 0.0866 0.7334, 2.5641 -0.0709 0.7334, 2.6026 0.0866 0.7542, 2.6026 -0.0709 0.7542, 2.6349 0.0866 0.7838, 2.6349 -0.0709 0.7838, 2.6588 0.0866 0.8205, 2.6588 -0.0709 0.8205, 2.6731 0.0866 0.8618, 2.6731 -0.0709 0.8618, 2.6768 0.0866 0.9054, 2.6768 -0.0709 0.9054, 2.6271 0.0866 2.1769, 2.6271 -0.0709 2.1769, 2.6217 0.0866 2.2187, 2.6217 -0.0709 2.2187, 2.609 0.0866 2.2589, 2.609 -0.0709 2.2589, 2.5902 -0.0709 2.3242, 2.5902 0.0866 2.3242, 2.5867 -0.0709 2.3921, 2.5867 0.0866 2.3921, 2.599 -0.0709 2.4591, 2.599 0.0866 2.4591, 2.6262 -0.0709 2.5214, 2.6262 0.0866 2.5214, 2.7242 0.0866 2.6897, 2.7242 -0.0709 2.6897, 2.7335 -0.0709 2.7018, 2.7335 0.0866 2.7018, 2.7458 -0.0709 2.7112, 2.7458 0.0866 2.7112, 2.76 -0.0709 2.717, 2.76 0.0866 2.717, 2.7752 -0.0709 2.719, 2.7752 0.0866 2.719, 2.8146 0.0866 2.719, 2.8146 -0.0709 2.719, 2.861 0.0866 1.2402, 2.861 -0.0709 1.2402, 2.8661 0.0866 1.1722, 2.8661 -0.0709 1.1722, 2.8771 0.0866 1.1049, 2.8771 -0.0709 1.1049, 2.8894 -0.0709 1.0253, 2.8894 0.0866 1.0253, 2.8935 -0.0709 0.9449, 2.8935 0.0866 0.9449, 2.8935 0.0866 0.3543, 2.8935 -0.0709 0.3543, 2.8915 -0.0709 0.3368, 2.8915 0.0866 0.3368, 2.8857 -0.0709 0.3202, 2.8857 0.0866 0.3202, 2.8763 -0.0709 0.3052, 2.8763 0.0866 0.3052, 2.8639 -0.0709 0.2928, 2.8639 0.0866 0.2928, 2.8489 -0.0709 0.2834, 2.8489 0.0866 0.2834, 2.8323 -0.0709 0.2776, 2.8323 0.0866 0.2776, 2.8148 -0.0709 0.2756, 2.8148 0.0866 0.2756, 2.7045 0.0866 0.2756, 2.7045 -0.0709 0.2756, 2.6841 0.0866 0.2729, 2.6841 -0.0709 0.2729, 2.6652 0.0866 0.265, 2.6652 -0.0709 0.265, 2.6488 0.0866 0.2525, 2.6488 -0.0709 0.2525, 2.6363 0.0866 0.2362, 2.6363 -0.0709 0.2362, 2.6285 0.0866 0.2172, 2.6285 -0.0709 0.2172, 2.6258 0.0866 0.1969, 2.6258 -0.0709 0.1969, 2.6258 0.0866 -0.8872, 2.6258 -0.0709 -0.8872, 2.547 0.0866 -1.1811, 2.4526 0.0866 -1.1811, 2.4526 -0.0709 -1.1811, 2.547 -0.0709 -1.1811, -3.6262 -0.0709 -0.8872, -3.6262 -0.0709 0.1969, -3.6262 0.0866 -0.8872, -3.6262 0.0866 0.1969, -3.6289 0.0866 0.2172, -3.6289 -0.0709 0.2172, -3.6367 0.0866 0.2362, -3.6367 -0.0709 0.2362, -3.6492 0.0866 0.2525, -3.6492 -0.0709 0.2525, -3.6656 0.0866 0.265, -3.6656 -0.0709 0.265, -3.6845 0.0866 0.2729, -3.6845 -0.0709 0.2729, -3.7049 0.0866 0.2756, -3.7049 -0.0709 0.2756, -3.8152 0.0866 0.2756, -3.8152 -0.0709 0.2756, -3.8327 -0.0709 0.2776, -3.8327 0.0866 0.2776, -3.8493 -0.0709 0.2834, -3.8493 0.0866 0.2834, -3.8643 -0.0709 0.2928, -3.8643 0.0866 0.2928, -3.8767 -0.0709 0.3052, -3.8767 0.0866 0.3052, -3.8861 -0.0709 0.3202, -3.8861 0.0866 0.3202, -3.8919 -0.0709 0.3368, -3.8919 0.0866 0.3368, -3.8939 -0.0709 0.3543, -3.8939 0.0866 0.3543, -3.8939 0.0866 0.9449, -3.8939 -0.0709 0.9449, -3.8898 -0.0709 1.0253, -3.8898 0.0866 1.0253, -3.8775 -0.0709 1.1049, -3.8775 0.0866 1.1049, -3.8665 0.0866 1.1722, -3.8665 -0.0709 1.1722, -3.8614 0.0866 1.2402, -3.8614 -0.0709 1.2402, -3.815 0.0866 2.719, -3.815 -0.0709 2.719, -3.7756 0.0866 2.719, -3.7756 -0.0709 2.719, -3.7603 -0.0709 2.717, -3.7603 0.0866 2.717, -3.7461 -0.0709 2.7112, -3.7461 0.0866 2.7112, -3.7339 -0.0709 2.7018, -3.7339 0.0866 2.7018, -3.7245 -0.0709 2.6897, -3.7245 0.0866 2.6897, -3.6266 0.0866 2.5214, -3.6266 -0.0709 2.5214, -3.5994 -0.0709 2.4591, -3.5994 0.0866 2.4591, -3.5871 -0.0709 2.3921, -3.5871 0.0866 2.3921, -3.5905 -0.0709 2.3242, -3.5905 0.0866 2.3242, -3.6094 -0.0709 2.2589, -3.6094 0.0866 2.2589, -3.6221 0.0866 2.2187, -3.6221 -0.0709 2.2187, -3.6275 0.0866 2.1769, -3.6275 -0.0709 2.1769, -3.6772 0.0866 0.9054, -3.6772 -0.0709 0.9054, -3.6735 0.0866 0.8618, -3.6735 -0.0709 0.8618, -3.6592 0.0866 0.8205, -3.6592 -0.0709 0.8205, -3.6352 0.0866 0.7838, -3.6352 -0.0709 0.7838, -3.603 0.0866 0.7542, -3.603 -0.0709 0.7542, -3.5645 0.0866 0.7334, -3.5645 -0.0709 0.7334, -3.5221 0.0866 0.7227, -3.5221 -0.0709 0.7227, -3.4783 0.0866 0.7227, -3.4783 -0.0709 0.7227, -3.4359 0.0866 0.7334, -3.4359 -0.0709 0.7334, -3.3974 0.0866 0.7542, -3.3974 -0.0709 0.7542, -3.3651 0.0866 0.7838, -3.3651 -0.0709 0.7838, -3.3412 0.0866 0.8205, -3.3412 -0.0709 0.8205, -3.3269 0.0866 0.8618, -3.3269 -0.0709 0.8618, -3.3232 0.0866 0.9054, -3.3232 -0.0709 0.9054, -3.3729 0.0866 2.1769, -3.3729 -0.0709 2.1769, -3.3783 0.0866 2.2187, -3.3783 -0.0709 2.2187, -3.391 0.0866 2.2589, -3.391 -0.0709 2.2589, -3.4098 -0.0709 2.3242, -3.4098 0.0866 2.3242, -3.4133 -0.0709 2.3921, -3.4133 0.0866 2.3921, -3.401 -0.0709 2.4591, -3.401 0.0866 2.4591, -3.3738 -0.0709 2.5214, -3.3738 0.0866 2.5214, -3.2758 0.0866 2.6897, -3.2758 -0.0709 2.6897, -3.2665 -0.0709 2.7018, -3.2665 0.0866 2.7018, -3.2542 -0.0709 2.7112, -3.2542 0.0866 2.7112, -3.24 -0.0709 2.717, -3.24 0.0866 2.717, -3.2248 -0.0709 2.719, -3.2248 0.0866 2.719, -3.1854 0.0866 2.719, -3.1854 -0.0709 2.719, -3.139 0.0866 1.2402, -3.139 -0.0709 1.2402, -3.1339 0.0866 1.1722, -3.1339 -0.0709 1.1722, -3.1229 0.0866 1.1049, -3.1229 -0.0709 1.1049, -3.1106 -0.0709 1.0253, -3.1106 0.0866 1.0253, -3.1065 -0.0709 0.9449, -3.1065 0.0866 0.9449, -3.1065 0.0866 0.3543, -3.1065 -0.0709 0.3543, -3.1085 -0.0709 0.3368, -3.1085 0.0866 0.3368, -3.1143 -0.0709 0.3202, -3.1143 0.0866 0.3202, -3.1237 -0.0709 0.3052, -3.1237 0.0866 0.3052, -3.1361 -0.0709 0.2928, -3.1361 0.0866 0.2928, -3.1511 -0.0709 0.2834, -3.1511 0.0866 0.2834, -3.1677 -0.0709 0.2776, -3.1677 0.0866 0.2776, -3.1852 -0.0709 0.2756, -3.1852 0.0866 0.2756, -3.2955 0.0866 0.2756, -3.2955 -0.0709 0.2756, -3.3159 0.0866 0.2729, -3.3159 -0.0709 0.2729, -3.3348 0.0866 0.265, -3.3348 -0.0709 0.265, -3.3512 0.0866 0.2525, -3.3512 -0.0709 0.2525, -3.3637 0.0866 0.2362, -3.3637 -0.0709 0.2362, -3.3715 0.0866 0.2172, -3.3715 -0.0709 0.2172, -3.3742 0.0866 0.1969, -3.3742 -0.0709 0.1969, -3.3742 0.0866 -0.8872, -3.3742 -0.0709 -0.8872, -3.453 0.0866 -1.1811, -3.5474 0.0866 -1.1811, -3.5474 -0.0709 -1.1811, -3.453 -0.0709 -1.1811, 1.3738 -0.0709 -0.8872, 1.3738 -0.0709 0.1969, 1.3738 0.0866 -0.8872, 1.3738 0.0866 0.1969, 1.3711 0.0866 0.2172, 1.3711 -0.0709 0.2172, 1.3633 0.0866 0.2362, 1.3633 -0.0709 0.2362, 1.3508 0.0866 0.2525, 1.3508 -0.0709 0.2525, 1.3344 0.0866 0.265, 1.3344 -0.0709 0.265, 1.3155 0.0866 0.2729, 1.3155 -0.0709 0.2729, 1.2951 0.0866 0.2756, 1.2951 -0.0709 0.2756, 1.1848 0.0866 0.2756, 1.1848 -0.0709 0.2756, 1.1673 -0.0709 0.2776, 1.1673 0.0866 0.2776, 1.1507 -0.0709 0.2834, 1.1507 0.0866 0.2834, 1.1357 -0.0709 0.2928, 1.1357 0.0866 0.2928, 1.1233 -0.0709 0.3052, 1.1233 0.0866 0.3052, 1.1139 -0.0709 0.3202, 1.1139 0.0866 0.3202, 1.1081 -0.0709 0.3368, 1.1081 0.0866 0.3368, 1.1061 -0.0709 0.3543, 1.1061 0.0866 0.3543, 1.1061 0.0866 0.9449, 1.1061 -0.0709 0.9449, 1.1102 -0.0709 1.0253, 1.1102 0.0866 1.0253, 1.1225 -0.0709 1.1049, 1.1225 0.0866 1.1049, 1.1335 0.0866 1.1722, 1.1335 -0.0709 1.1722, 1.1386 0.0866 1.2402, 1.1386 -0.0709 1.2402, 1.185 0.0866 2.719, 1.185 -0.0709 2.719, 1.2244 0.0866 2.719, 1.2244 -0.0709 2.719, 1.2397 -0.0709 2.717, 1.2397 0.0866 2.717, 1.2539 -0.0709 2.7112, 1.2539 0.0866 2.7112, 1.2661 -0.0709 2.7018, 1.2661 0.0866 2.7018, 1.2755 -0.0709 2.6897, 1.2755 0.0866 2.6897, 1.3734 0.0866 2.5214, 1.3734 -0.0709 2.5214, 1.4006 -0.0709 2.4591, 1.4006 0.0866 2.4591, 1.4129 -0.0709 2.3921, 1.4129 0.0866 2.3921, 1.4095 -0.0709 2.3242, 1.4095 0.0866 2.3242, 1.3906 -0.0709 2.2589, 1.3906 0.0866 2.2589, 1.3779 0.0866 2.2187, 1.3779 -0.0709 2.2187, 1.3725 0.0866 2.1769, 1.3725 -0.0709 2.1769, 1.3228 0.0866 0.9054, 1.3228 -0.0709 0.9054, 1.3265 0.0866 0.8618, 1.3265 -0.0709 0.8618, 1.3408 0.0866 0.8205, 1.3408 -0.0709 0.8205, 1.3648 0.0866 0.7838, 1.3648 -0.0709 0.7838, 1.397 0.0866 0.7542, 1.397 -0.0709 0.7542, 1.4355 0.0866 0.7334, 1.4355 -0.0709 0.7334, 1.4779 0.0866 0.7227, 1.4779 -0.0709 0.7227, 1.5217 0.0866 0.7227, 1.5217 -0.0709 0.7227, 1.5641 0.0866 0.7334, 1.5641 -0.0709 0.7334, 1.6026 0.0866 0.7542, 1.6026 -0.0709 0.7542, 1.6349 0.0866 0.7838, 1.6349 -0.0709 0.7838, 1.6588 0.0866 0.8205, 1.6588 -0.0709 0.8205, 1.6731 0.0866 0.8618, 1.6731 -0.0709 0.8618, 1.6768 0.0866 0.9054, 1.6768 -0.0709 0.9054, 1.6271 0.0866 2.1769, 1.6271 -0.0709 2.1769, 1.6217 0.0866 2.2187, 1.6217 -0.0709 2.2187, 1.609 0.0866 2.2589, 1.609 -0.0709 2.2589, 1.5902 -0.0709 2.3242, 1.5902 0.0866 2.3242, 1.5867 -0.0709 2.3921, 1.5867 0.0866 2.3921, 1.599 -0.0709 2.4591, 1.599 0.0866 2.4591, 1.6262 -0.0709 2.5214, 1.6262 0.0866 2.5214, 1.7242 0.0866 2.6897, 1.7242 -0.0709 2.6897, 1.7335 -0.0709 2.7018, 1.7335 0.0866 2.7018, 1.7458 -0.0709 2.7112, 1.7458 0.0866 2.7112, 1.76 -0.0709 2.717, 1.76 0.0866 2.717, 1.7752 -0.0709 2.719, 1.7752 0.0866 2.719, 1.8146 0.0866 2.719, 1.8146 -0.0709 2.719, 1.861 0.0866 1.2402, 1.861 -0.0709 1.2402, 1.8661 0.0866 1.1722, 1.8661 -0.0709 1.1722, 1.8771 0.0866 1.1049, 1.8771 -0.0709 1.1049, 1.8894 -0.0709 1.0253, 1.8894 0.0866 1.0253, 1.8935 -0.0709 0.9449, 1.8935 0.0866 0.9449, 1.8935 0.0866 0.3543, 1.8935 -0.0709 0.3543, 1.8915 -0.0709 0.3368, 1.8915 0.0866 0.3368, 1.8857 -0.0709 0.3202, 1.8857 0.0866 0.3202, 1.8763 -0.0709 0.3052, 1.8763 0.0866 0.3052, 1.8639 -0.0709 0.2928, 1.8639 0.0866 0.2928, 1.8489 -0.0709 0.2834, 1.8489 0.0866 0.2834, 1.8323 -0.0709 0.2776, 1.8323 0.0866 0.2776, 1.8148 -0.0709 0.2756, 1.8148 0.0866 0.2756, 1.7045 0.0866 0.2756, 1.7045 -0.0709 0.2756, 1.6841 0.0866 0.2729, 1.6841 -0.0709 0.2729, 1.6652 0.0866 0.265, 1.6652 -0.0709 0.265, 1.6488 0.0866 0.2525, 1.6488 -0.0709 0.2525, 1.6363 0.0866 0.2362, 1.6363 -0.0709 0.2362, 1.6285 0.0866 0.2172, 1.6285 -0.0709 0.2172, 1.6258 0.0866 0.1969, 1.6258 -0.0709 0.1969, 1.6258 0.0866 -0.8872, 1.6258 -0.0709 -0.8872, 1.547 0.0866 -1.1811, 1.4526 0.0866 -1.1811, 1.4526 -0.0709 -1.1811, 1.547 -0.0709 -1.1811, 0.3738 -0.0709 -0.8872, 0.3738 -0.0709 0.1969, 0.3738 0.0866 -0.8872, 0.3738 0.0866 0.1969, 0.3711 0.0866 0.2172, 0.3711 -0.0709 0.2172, 0.3633 0.0866 0.2362, 0.3633 -0.0709 0.2362, 0.3508 0.0866 0.2525, 0.3508 -0.0709 0.2525, 0.3344 0.0866 0.265, 0.3344 -0.0709 0.265, 0.3155 0.0866 0.2729, 0.3155 -0.0709 0.2729, 0.2951 0.0866 0.2756, 0.2951 -0.0709 0.2756, 0.1848 0.0866 0.2756, 0.1848 -0.0709 0.2756, 0.1673 -0.0709 0.2776, 0.1673 0.0866 0.2776, 0.1507 -0.0709 0.2834, 0.1507 0.0866 0.2834, 0.1357 -0.0709 0.2928, 0.1357 0.0866 0.2928, 0.1233 -0.0709 0.3052, 0.1233 0.0866 0.3052, 0.1139 -0.0709 0.3202, 0.1139 0.0866 0.3202, 0.1081 -0.0709 0.3368, 0.1081 0.0866 0.3368, 0.1061 -0.0709 0.3543, 0.1061 0.0866 0.3543, 0.1061 0.0866 0.9449, 0.1061 -0.0709 0.9449, 0.1102 -0.0709 1.0253, 0.1102 0.0866 1.0253, 0.1225 -0.0709 1.1049, 0.1225 0.0866 1.1049, 0.1335 0.0866 1.1722, 0.1335 -0.0709 1.1722, 0.1386 0.0866 1.2402, 0.1386 -0.0709 1.2402, 0.185 0.0866 2.719, 0.185 -0.0709 2.719, 0.2244 0.0866 2.719, 0.2244 -0.0709 2.719, 0.2397 -0.0709 2.717, 0.2397 0.0866 2.717, 0.2539 -0.0709 2.7112, 0.2539 0.0866 2.7112, 0.2661 -0.0709 2.7018, 0.2661 0.0866 2.7018, 0.2755 -0.0709 2.6897, 0.2755 0.0866 2.6897, 0.3734 0.0866 2.5214, 0.3734 -0.0709 2.5214, 0.4006 -0.0709 2.4591, 0.4006 0.0866 2.4591, 0.4129 -0.0709 2.3921, 0.4129 0.0866 2.3921, 0.4095 -0.0709 2.3242, 0.4095 0.0866 2.3242, 0.3906 -0.0709 2.2589, 0.3906 0.0866 2.2589, 0.3779 0.0866 2.2187, 0.3779 -0.0709 2.2187, 0.3725 0.0866 2.1769, 0.3725 -0.0709 2.1769, 0.3228 0.0866 0.9054, 0.3228 -0.0709 0.9054, 0.3265 0.0866 0.8618, 0.3265 -0.0709 0.8618, 0.3408 0.0866 0.8205, 0.3408 -0.0709 0.8205, 0.3648 0.0866 0.7838, 0.3648 -0.0709 0.7838, 0.397 0.0866 0.7542, 0.397 -0.0709 0.7542, 0.4355 0.0866 0.7334, 0.4355 -0.0709 0.7334, 0.4779 0.0866 0.7227, 0.4779 -0.0709 0.7227, 0.5217 0.0866 0.7227, 0.5217 -0.0709 0.7227, 0.5641 0.0866 0.7334, 0.5641 -0.0709 0.7334, 0.6026 0.0866 0.7542, 0.6026 -0.0709 0.7542, 0.6349 0.0866 0.7838, 0.6349 -0.0709 0.7838, 0.6588 0.0866 0.8205, 0.6588 -0.0709 0.8205, 0.6731 0.0866 0.8618, 0.6731 -0.0709 0.8618, 0.6768 0.0866 0.9054, 0.6768 -0.0709 0.9054, 0.6271 0.0866 2.1769, 0.6271 -0.0709 2.1769, 0.6217 0.0866 2.2187, 0.6217 -0.0709 2.2187, 0.609 0.0866 2.2589, 0.609 -0.0709 2.2589, 0.5902 -0.0709 2.3242, 0.5902 0.0866 2.3242, 0.5867 -0.0709 2.3921, 0.5867 0.0866 2.3921, 0.599 -0.0709 2.4591, 0.599 0.0866 2.4591, 0.6262 -0.0709 2.5214, 0.6262 0.0866 2.5214, 0.7242 0.0866 2.6897, 0.7242 -0.0709 2.6897, 0.7335 -0.0709 2.7018, 0.7335 0.0866 2.7018, 0.7458 -0.0709 2.7112, 0.7458 0.0866 2.7112, 0.76 -0.0709 2.717, 0.76 0.0866 2.717, 0.7752 -0.0709 2.719, 0.7752 0.0866 2.719, 0.8146 0.0866 2.719, 0.8146 -0.0709 2.719, 0.861 0.0866 1.2402, 0.861 -0.0709 1.2402, 0.8661 0.0866 1.1722, 0.8661 -0.0709 1.1722, 0.8771 0.0866 1.1049, 0.8771 -0.0709 1.1049, 0.8894 -0.0709 1.0253, 0.8894 0.0866 1.0253, 0.8935 -0.0709 0.9449, 0.8935 0.0866 0.9449, 0.8935 0.0866 0.3543, 0.8935 -0.0709 0.3543, 0.8915 -0.0709 0.3368, 0.8915 0.0866 0.3368, 0.8857 -0.0709 0.3202, 0.8857 0.0866 0.3202, 0.8763 -0.0709 0.3052, 0.8763 0.0866 0.3052, 0.8639 -0.0709 0.2928, 0.8639 0.0866 0.2928, 0.8489 -0.0709 0.2834, 0.8489 0.0866 0.2834, 0.8323 -0.0709 0.2776, 0.8323 0.0866 0.2776, 0.8148 -0.0709 0.2756, 0.8148 0.0866 0.2756, 0.7045 0.0866 0.2756, 0.7045 -0.0709 0.2756, 0.6841 0.0866 0.2729, 0.6841 -0.0709 0.2729, 0.6652 0.0866 0.265, 0.6652 -0.0709 0.265, 0.6489 0.0866 0.2525, 0.6489 -0.0709 0.2525, 0.6363 0.0866 0.2362, 0.6363 -0.0709 0.2362, 0.6285 0.0866 0.2172, 0.6285 -0.0709 0.2172, 0.6258 0.0866 0.1969, 0.6258 -0.0709 0.1969, 0.6258 0.0866 -0.8872, 0.6258 -0.0709 -0.8872, 0.547 0.0866 -1.1811, 0.4526 0.0866 -1.1811, 0.4526 -0.0709 -1.1811, 0.547 -0.0709 -1.1811, -0.6262 -0.0709 -0.8872, -0.6262 -0.0709 0.1969, -0.6262 0.0866 -0.8872, -0.6262 0.0866 0.1969, -0.6289 0.0866 0.2172, -0.6289 -0.0709 0.2172, -0.6367 0.0866 0.2362, -0.6367 -0.0709 0.2362, -0.6492 0.0866 0.2525, -0.6492 -0.0709 0.2525, -0.6656 0.0866 0.265, -0.6656 -0.0709 0.265, -0.6845 0.0866 0.2729, -0.6845 -0.0709 0.2729, -0.7049 0.0866 0.2756, -0.7049 -0.0709 0.2756, -0.8152 0.0866 0.2756, -0.8152 -0.0709 0.2756, -0.8327 -0.0709 0.2776, -0.8327 0.0866 0.2776, -0.8493 -0.0709 0.2834, -0.8493 0.0866 0.2834, -0.8643 -0.0709 0.2928, -0.8643 0.0866 0.2928, -0.8767 -0.0709 0.3052, -0.8767 0.0866 0.3052, -0.8861 -0.0709 0.3202, -0.8861 0.0866 0.3202, -0.8919 -0.0709 0.3368, -0.8919 0.0866 0.3368, -0.8939 -0.0709 0.3543, -0.8939 0.0866 0.3543, -0.8939 0.0866 0.9449, -0.8939 -0.0709 0.9449, -0.8898 -0.0709 1.0253, -0.8898 0.0866 1.0253, -0.8775 -0.0709 1.1049, -0.8775 0.0866 1.1049, -0.8665 0.0866 1.1722, -0.8665 -0.0709 1.1722, -0.8614 0.0866 1.2402, -0.8614 -0.0709 1.2402, -0.815 0.0866 2.719, -0.815 -0.0709 2.719, -0.7756 0.0866 2.719, -0.7756 -0.0709 2.719, -0.7603 -0.0709 2.717, -0.7603 0.0866 2.717, -0.7461 -0.0709 2.7112, -0.7461 0.0866 2.7112, -0.7339 -0.0709 2.7018, -0.7339 0.0866 2.7018, -0.7245 -0.0709 2.6897, -0.7245 0.0866 2.6897, -0.6266 0.0866 2.5214, -0.6266 -0.0709 2.5214, -0.5994 -0.0709 2.4591, -0.5994 0.0866 2.4591, -0.5871 -0.0709 2.3921, -0.5871 0.0866 2.3921, -0.5905 -0.0709 2.3242, -0.5905 0.0866 2.3242, -0.6094 -0.0709 2.2589, -0.6094 0.0866 2.2589, -0.6221 0.0866 2.2187, -0.6221 -0.0709 2.2187, -0.6275 0.0866 2.1769, -0.6275 -0.0709 2.1769, -0.6772 0.0866 0.9054, -0.6772 -0.0709 0.9054, -0.6735 0.0866 0.8618, -0.6735 -0.0709 0.8618, -0.6592 0.0866 0.8205, -0.6592 -0.0709 0.8205, -0.6352 0.0866 0.7838, -0.6352 -0.0709 0.7838, -0.603 0.0866 0.7542, -0.603 -0.0709 0.7542, -0.5645 0.0866 0.7334, -0.5645 -0.0709 0.7334, -0.5221 0.0866 0.7227, -0.5221 -0.0709 0.7227, -0.4783 0.0866 0.7227, -0.4783 -0.0709 0.7227, -0.4359 0.0866 0.7334, -0.4359 -0.0709 0.7334, -0.3974 0.0866 0.7542, -0.3974 -0.0709 0.7542, -0.3651 0.0866 0.7838, -0.3651 -0.0709 0.7838, -0.3412 0.0866 0.8205, -0.3412 -0.0709 0.8205, -0.3269 0.0866 0.8618, -0.3269 -0.0709 0.8618, -0.3232 0.0866 0.9054, -0.3232 -0.0709 0.9054, -0.3729 0.0866 2.1769, -0.3729 -0.0709 2.1769, -0.3783 0.0866 2.2187, -0.3783 -0.0709 2.2187, -0.391 0.0866 2.2589, -0.391 -0.0709 2.2589, -0.4098 -0.0709 2.3242, -0.4098 0.0866 2.3242, -0.4133 -0.0709 2.3921, -0.4133 0.0866 2.3921, -0.401 -0.0709 2.4591, -0.401 0.0866 2.4591, -0.3738 -0.0709 2.5214, -0.3738 0.0866 2.5214, -0.2758 0.0866 2.6897, -0.2758 -0.0709 2.6897, -0.2665 -0.0709 2.7018, -0.2665 0.0866 2.7018, -0.2542 -0.0709 2.7112, -0.2542 0.0866 2.7112, -0.24 -0.0709 2.717, -0.24 0.0866 2.717, -0.2248 -0.0709 2.719, -0.2248 0.0866 2.719, -0.1854 0.0866 2.719, -0.1854 -0.0709 2.719, -0.139 0.0866 1.2402, -0.139 -0.0709 1.2402, -0.1339 0.0866 1.1722, -0.1339 -0.0709 1.1722, -0.1229 0.0866 1.1049, -0.1229 -0.0709 1.1049, -0.1106 -0.0709 1.0253, -0.1106 0.0866 1.0253, -0.1065 -0.0709 0.9449, -0.1065 0.0866 0.9449, -0.1065 0.0866 0.3543, -0.1065 -0.0709 0.3543, -0.1085 -0.0709 0.3368, -0.1085 0.0866 0.3368, -0.1143 -0.0709 0.3202, -0.1143 0.0866 0.3202, -0.1237 -0.0709 0.3052, -0.1237 0.0866 0.3052, -0.1361 -0.0709 0.2928, -0.1361 0.0866 0.2928, -0.1511 -0.0709 0.2834, -0.1511 0.0866 0.2834, -0.1677 -0.0709 0.2776, -0.1677 0.0866 0.2776, -0.1852 -0.0709 0.2756, -0.1852 0.0866 0.2756, -0.2955 0.0866 0.2756, -0.2955 -0.0709 0.2756, -0.3159 0.0866 0.2729, -0.3159 -0.0709 0.2729, -0.3348 0.0866 0.265, -0.3348 -0.0709 0.265, -0.3511 0.0866 0.2525, -0.3511 -0.0709 0.2525, -0.3637 0.0866 0.2362, -0.3637 -0.0709 0.2362, -0.3715 0.0866 0.2172, -0.3715 -0.0709 0.2172, -0.3742 0.0866 0.1969, -0.3742 -0.0709 0.1969, -0.3742 0.0866 -0.8872, -0.3742 -0.0709 -0.8872, -0.453 0.0866 -1.1811, -0.5474 0.0866 -1.1811, -0.5474 -0.0709 -1.1811, -0.453 -0.0709 -1.1811
            ]
        }
        coordIndex [
            0,1,2,-1,2,1,3,-1,3,1,4,-1,4,1,5,-1,4,5,6,-1,6,5,7,-1,6,7,8,-1,8,7,9,-1,8,9,10,-1,10,9,11,-1,10,11,12,-1,12,11,13,-1,12,13,14,-1,14,13,15,-1,16,14,17,-1,17,14,15,-1,16,17,18,-1,16,18,19,-1,19,18,20,-1,19,20,21,-1,21,20,22,-1,21,22,23,-1,23,22,24,-1,23,24,25,-1,25,24,26,-1,25,26,27,-1,27,26,28,-1,27,28,29,-1,29,28,30,-1,29,30,31,-1,32,31,33,-1,33,31,30,-1,32,33,34,-1,32,34,35,-1,35,34,36,-1,35,36,37,-1,37,36,38,-1,38,36,39,-1,38,39,40,-1,40,39,41,-1,42,40,43,-1,43,40,41,-1,44,42,45,-1,45,42,43,-1,44,45,46,-1,44,46,47,-1,47,46,48,-1,47,48,49,-1,49,48,50,-1,49,50,51,-1,51,50,52,-1,51,52,53,-1,54,53,55,-1,55,53,52,-1,54,55,56,-1,54,56,57,-1,57,56,58,-1,57,58,59,-1,59,58,60,-1,59,60,61,-1,61,60,62,-1,61,62,63,-1,63,62,64,-1,64,62,65,-1,64,65,66,-1,66,65,67,-1,68,66,69,-1,69,66,67,-1,68,69,70,-1,70,69,71,-1,70,71,72,-1,72,71,73,-1,72,73,74,-1,74,73,75,-1,74,75,76,-1,76,75,77,-1,76,77,78,-1,78,77,79,-1,78,79,80,-1,80,79,81,-1,80,81,82,-1,82,81,83,-1,82,83,84,-1,84,83,85,-1,84,85,86,-1,86,85,87,-1,86,87,88,-1,88,87,89,-1,88,89,90,-1,90,89,91,-1,90,91,92,-1,92,91,93,-1,92,93,94,-1,94,93,95,-1,96,94,97,-1,97,94,95,-1,96,97,98,-1,98,97,99,-1,98,99,100,-1,100,99,101,-1,100,101,102,-1,100,102,103,-1,103,102,104,-1,103,104,105,-1,105,104,106,-1,105,106,107,-1,107,106,108,-1,107,108,109,-1,110,109,111,-1,111,109,108,-1,110,111,112,-1,110,112,113,-1,113,112,114,-1,113,114,115,-1,115,114,116,-1,115,116,117,-1,117,116,118,-1,117,118,119,-1,120,119,121,-1,121,119,118,-1,122,120,123,-1,123,120,121,-1,122,123,124,-1,124,123,125,-1,124,125,126,-1,126,125,127,-1,126,127,128,-1,126,128,129,-1,129,128,130,-1,129,130,131,-1,132,131,133,-1,133,131,130,-1,132,133,134,-1,132,134,135,-1,135,134,136,-1,135,136,137,-1,137,136,138,-1,137,138,139,-1,139,138,140,-1,139,140,141,-1,141,140,142,-1,141,142,143,-1,143,142,144,-1,143,144,145,-1,145,144,146,-1,145,146,147,-1,148,147,149,-1,149,147,146,-1,148,149,150,-1,150,149,151,-1,150,151,152,-1,152,151,153,-1,152,153,154,-1,154,153,155,-1,154,155,156,-1,156,155,157,-1,156,157,158,-1,158,157,159,-1,158,159,160,-1,160,159,161,-1,162,160,163,-1,163,160,161,-1,132,4,6,-1,154,156,4,-1,4,156,158,-1,4,158,160,-1,132,6,131,-1,88,90,131,-1,84,86,10,-1,72,74,31,-1,31,74,76,-1,147,148,132,-1,132,148,150,-1,132,150,4,-1,4,150,152,-1,4,152,154,-1,164,165,162,-1,162,165,2,-1,162,2,160,-1,160,2,3,-1,160,3,4,-1,84,10,82,-1,86,88,10,-1,10,88,131,-1,10,131,8,-1,8,131,6,-1,96,98,120,-1,120,98,100,-1,120,100,119,-1,14,16,76,-1,76,16,19,-1,141,143,132,-1,132,143,145,-1,132,145,147,-1,14,76,12,-1,12,76,78,-1,12,78,10,-1,10,78,80,-1,10,80,82,-1,63,42,44,-1,141,132,139,-1,139,132,135,-1,139,135,137,-1,115,117,119,-1,54,57,63,-1,63,57,59,-1,63,59,61,-1,94,124,126,-1,100,103,105,-1,72,31,70,-1,70,31,32,-1,70,32,68,-1,68,32,35,-1,68,35,37,-1,63,64,42,-1,42,64,66,-1,42,66,40,-1,40,66,68,-1,40,68,38,-1,38,68,37,-1,19,21,76,-1,76,21,23,-1,76,23,25,-1,25,27,76,-1,76,27,29,-1,76,29,31,-1,96,120,94,-1,94,120,122,-1,94,122,124,-1,90,92,131,-1,131,92,94,-1,131,94,129,-1,129,94,126,-1,115,119,113,-1,54,63,53,-1,53,63,44,-1,53,44,51,-1,51,44,47,-1,51,47,49,-1,105,107,100,-1,100,107,109,-1,100,109,119,-1,119,109,110,-1,119,110,113,-1,11,9,159,-1,9,7,159,-1,159,7,5,-1,159,5,1,-1,33,30,157,-1,75,73,33,-1,87,85,151,-1,157,30,159,-1,159,30,13,-1,159,13,11,-1,166,167,0,-1,0,167,163,-1,0,163,1,-1,1,163,161,-1,1,161,159,-1,81,79,153,-1,153,79,77,-1,87,133,89,-1,89,133,91,-1,77,75,153,-1,153,75,33,-1,153,33,155,-1,155,33,157,-1,151,85,153,-1,153,85,83,-1,153,83,81,-1,151,149,87,-1,87,149,146,-1,87,146,144,-1,144,142,87,-1,87,142,140,-1,87,140,138,-1,26,18,28,-1,28,18,17,-1,28,17,30,-1,30,17,15,-1,30,15,13,-1,26,24,18,-1,18,24,22,-1,18,22,20,-1,69,39,36,-1,60,58,62,-1,62,58,56,-1,62,56,55,-1,67,65,43,-1,43,65,62,-1,43,62,45,-1,45,62,55,-1,108,101,111,-1,111,101,121,-1,111,121,118,-1,108,106,101,-1,101,106,104,-1,101,104,102,-1,138,136,87,-1,87,136,134,-1,87,134,133,-1,67,43,69,-1,69,43,41,-1,69,41,39,-1,73,71,33,-1,33,71,69,-1,33,69,34,-1,34,69,36,-1,91,133,93,-1,93,133,130,-1,93,130,95,-1,95,130,128,-1,95,128,127,-1,101,99,121,-1,121,99,97,-1,121,97,123,-1,123,97,95,-1,123,95,125,-1,125,95,127,-1,55,52,45,-1,45,52,50,-1,45,50,46,-1,46,50,48,-1,118,116,111,-1,111,116,114,-1,111,114,112,-1,165,164,166,-1,166,164,167,-1,166,0,165,-1,165,0,2,-1,163,167,162,-1,162,167,164,-1,168,169,170,-1,170,169,171,-1,171,169,172,-1,172,169,173,-1,172,173,174,-1,174,173,175,-1,174,175,176,-1,176,175,177,-1,176,177,178,-1,178,177,179,-1,178,179,180,-1,180,179,181,-1,180,181,182,-1,182,181,183,-1,184,182,185,-1,185,182,183,-1,184,185,186,-1,184,186,187,-1,187,186,188,-1,187,188,189,-1,189,188,190,-1,189,190,191,-1,191,190,192,-1,191,192,193,-1,193,192,194,-1,193,194,195,-1,195,194,196,-1,195,196,197,-1,197,196,198,-1,197,198,199,-1,200,199,201,-1,201,199,198,-1,200,201,202,-1,200,202,203,-1,203,202,204,-1,203,204,205,-1,205,204,206,-1,206,204,207,-1,206,207,208,-1,208,207,209,-1,210,208,211,-1,211,208,209,-1,212,210,213,-1,213,210,211,-1,212,213,214,-1,212,214,215,-1,215,214,216,-1,215,216,217,-1,217,216,218,-1,217,218,219,-1,219,218,220,-1,219,220,221,-1,222,221,223,-1,223,221,220,-1,222,223,224,-1,222,224,225,-1,225,224,226,-1,225,226,227,-1,227,226,228,-1,227,228,229,-1,229,228,230,-1,229,230,231,-1,231,230,232,-1,232,230,233,-1,232,233,234,-1,234,233,235,-1,236,234,237,-1,237,234,235,-1,236,237,238,-1,238,237,239,-1,238,239,240,-1,240,239,241,-1,240,241,242,-1,242,241,243,-1,242,243,244,-1,244,243,245,-1,244,245,246,-1,246,245,247,-1,246,247,248,-1,248,247,249,-1,248,249,250,-1,250,249,251,-1,250,251,252,-1,252,251,253,-1,252,253,254,-1,254,253,255,-1,254,255,256,-1,256,255,257,-1,256,257,258,-1,258,257,259,-1,258,259,260,-1,260,259,261,-1,260,261,262,-1,262,261,263,-1,264,262,265,-1,265,262,263,-1,264,265,266,-1,266,265,267,-1,266,267,268,-1,268,267,269,-1,268,269,270,-1,268,270,271,-1,271,270,272,-1,271,272,273,-1,273,272,274,-1,273,274,275,-1,275,274,276,-1,275,276,277,-1,278,277,279,-1,279,277,276,-1,278,279,280,-1,278,280,281,-1,281,280,282,-1,281,282,283,-1,283,282,284,-1,283,284,285,-1,285,284,286,-1,285,286,287,-1,288,287,289,-1,289,287,286,-1,290,288,291,-1,291,288,289,-1,290,291,292,-1,292,291,293,-1,292,293,294,-1,294,293,295,-1,294,295,296,-1,294,296,297,-1,297,296,298,-1,297,298,299,-1,300,299,301,-1,301,299,298,-1,300,301,302,-1,300,302,303,-1,303,302,304,-1,303,304,305,-1,305,304,306,-1,305,306,307,-1,307,306,308,-1,307,308,309,-1,309,308,310,-1,309,310,311,-1,311,310,312,-1,311,312,313,-1,313,312,314,-1,313,314,315,-1,316,315,317,-1,317,315,314,-1,316,317,318,-1,318,317,319,-1,318,319,320,-1,320,319,321,-1,320,321,322,-1,322,321,323,-1,322,323,324,-1,324,323,325,-1,324,325,326,-1,326,325,327,-1,326,327,328,-1,328,327,329,-1,330,328,331,-1,331,328,329,-1,300,256,258,-1,324,326,172,-1,172,326,328,-1,172,174,324,-1,324,174,176,-1,324,176,178,-1,300,258,299,-1,322,242,320,-1,320,242,244,-1,320,244,246,-1,200,238,240,-1,313,315,254,-1,254,315,316,-1,254,316,252,-1,252,316,318,-1,252,318,250,-1,250,318,320,-1,250,320,248,-1,248,320,246,-1,305,307,254,-1,264,266,288,-1,288,266,268,-1,288,268,287,-1,240,242,200,-1,200,242,322,-1,200,322,199,-1,199,322,324,-1,199,324,180,-1,180,324,178,-1,332,333,330,-1,330,333,170,-1,330,170,328,-1,328,170,171,-1,328,171,172,-1,195,184,187,-1,180,182,199,-1,199,182,184,-1,199,184,197,-1,197,184,195,-1,256,300,254,-1,254,300,303,-1,254,303,305,-1,231,210,212,-1,222,225,227,-1,307,309,254,-1,254,309,311,-1,254,311,313,-1,187,189,195,-1,195,189,191,-1,195,191,193,-1,262,292,294,-1,238,200,236,-1,236,200,203,-1,236,203,205,-1,231,232,210,-1,210,232,234,-1,210,234,208,-1,208,234,236,-1,208,236,206,-1,206,236,205,-1,264,288,262,-1,262,288,290,-1,262,290,292,-1,258,260,299,-1,299,260,262,-1,299,262,297,-1,297,262,294,-1,278,281,283,-1,227,229,222,-1,222,229,231,-1,222,231,221,-1,221,231,212,-1,221,212,219,-1,219,212,215,-1,219,215,217,-1,283,285,278,-1,278,285,287,-1,278,287,277,-1,277,287,268,-1,277,268,275,-1,275,268,271,-1,275,271,273,-1,201,198,325,-1,247,245,321,-1,257,255,301,-1,186,185,194,-1,198,183,181,-1,198,181,325,-1,325,181,179,-1,325,179,177,-1,177,175,325,-1,325,175,173,-1,325,173,327,-1,327,173,169,-1,257,301,259,-1,255,253,319,-1,243,241,201,-1,247,321,249,-1,183,198,185,-1,185,198,196,-1,185,196,194,-1,235,233,211,-1,211,233,230,-1,319,253,321,-1,321,253,251,-1,321,251,249,-1,282,280,279,-1,334,335,168,-1,168,335,331,-1,168,331,169,-1,169,331,329,-1,169,329,327,-1,245,243,321,-1,321,243,201,-1,321,201,323,-1,323,201,325,-1,226,224,223,-1,279,276,269,-1,269,276,274,-1,269,274,270,-1,270,274,272,-1,192,190,194,-1,194,190,188,-1,194,188,186,-1,226,223,228,-1,282,279,284,-1,259,301,261,-1,261,301,298,-1,261,298,263,-1,263,298,296,-1,263,296,295,-1,269,267,289,-1,289,267,265,-1,289,265,291,-1,291,265,263,-1,291,263,293,-1,293,263,295,-1,319,317,255,-1,255,317,314,-1,255,314,312,-1,312,310,255,-1,255,310,308,-1,255,308,306,-1,306,304,255,-1,255,304,302,-1,255,302,301,-1,237,207,204,-1,269,289,279,-1,279,289,286,-1,279,286,284,-1,235,211,237,-1,237,211,209,-1,237,209,207,-1,241,239,201,-1,201,239,237,-1,201,237,202,-1,202,237,204,-1,216,214,218,-1,218,214,213,-1,218,213,220,-1,220,213,211,-1,220,211,223,-1,223,211,230,-1,223,230,228,-1,333,332,334,-1,334,332,335,-1,334,168,333,-1,333,168,170,-1,331,335,330,-1,330,335,332,-1,336,337,338,-1,338,337,339,-1,339,337,340,-1,340,337,341,-1,340,341,342,-1,342,341,343,-1,342,343,344,-1,344,343,345,-1,344,345,346,-1,346,345,347,-1,346,347,348,-1,348,347,349,-1,348,349,350,-1,350,349,351,-1,352,350,353,-1,353,350,351,-1,352,353,354,-1,352,354,355,-1,355,354,356,-1,355,356,357,-1,357,356,358,-1,357,358,359,-1,359,358,360,-1,359,360,361,-1,361,360,362,-1,361,362,363,-1,363,362,364,-1,363,364,365,-1,365,364,366,-1,365,366,367,-1,368,367,369,-1,369,367,366,-1,368,369,370,-1,368,370,371,-1,371,370,372,-1,371,372,373,-1,373,372,374,-1,374,372,375,-1,374,375,376,-1,376,375,377,-1,378,376,379,-1,379,376,377,-1,380,378,381,-1,381,378,379,-1,380,381,382,-1,380,382,383,-1,383,382,384,-1,383,384,385,-1,385,384,386,-1,385,386,387,-1,387,386,388,-1,387,388,389,-1,390,389,391,-1,391,389,388,-1,390,391,392,-1,390,392,393,-1,393,392,394,-1,393,394,395,-1,395,394,396,-1,395,396,397,-1,397,396,398,-1,397,398,399,-1,399,398,400,-1,400,398,401,-1,400,401,402,-1,402,401,403,-1,404,402,405,-1,405,402,403,-1,404,405,406,-1,406,405,407,-1,406,407,408,-1,408,407,409,-1,408,409,410,-1,410,409,411,-1,410,411,412,-1,412,411,413,-1,412,413,414,-1,414,413,415,-1,414,415,416,-1,416,415,417,-1,416,417,418,-1,418,417,419,-1,418,419,420,-1,420,419,421,-1,420,421,422,-1,422,421,423,-1,422,423,424,-1,424,423,425,-1,424,425,426,-1,426,425,427,-1,426,427,428,-1,428,427,429,-1,428,429,430,-1,430,429,431,-1,432,430,433,-1,433,430,431,-1,432,433,434,-1,434,433,435,-1,434,435,436,-1,436,435,437,-1,436,437,438,-1,436,438,439,-1,439,438,440,-1,439,440,441,-1,441,440,442,-1,441,442,443,-1,443,442,444,-1,443,444,445,-1,446,445,447,-1,447,445,444,-1,446,447,448,-1,446,448,449,-1,449,448,450,-1,449,450,451,-1,451,450,452,-1,451,452,453,-1,453,452,454,-1,453,454,455,-1,456,455,457,-1,457,455,454,-1,458,456,459,-1,459,456,457,-1,458,459,460,-1,460,459,461,-1,460,461,462,-1,462,461,463,-1,462,463,464,-1,462,464,465,-1,465,464,466,-1,465,466,467,-1,468,467,469,-1,469,467,466,-1,468,469,470,-1,468,470,471,-1,471,470,472,-1,471,472,473,-1,473,472,474,-1,473,474,475,-1,475,474,476,-1,475,476,477,-1,477,476,478,-1,477,478,479,-1,479,478,480,-1,479,480,481,-1,481,480,482,-1,481,482,483,-1,484,483,485,-1,485,483,482,-1,484,485,486,-1,486,485,487,-1,486,487,488,-1,488,487,489,-1,488,489,490,-1,490,489,491,-1,490,491,492,-1,492,491,493,-1,492,493,494,-1,494,493,495,-1,494,495,496,-1,496,495,497,-1,498,496,499,-1,499,496,497,-1,468,424,426,-1,492,494,340,-1,340,494,496,-1,340,342,492,-1,492,342,344,-1,492,344,346,-1,468,426,467,-1,490,410,488,-1,488,410,412,-1,488,412,414,-1,368,406,408,-1,481,483,422,-1,422,483,484,-1,422,484,420,-1,420,484,486,-1,420,486,418,-1,418,486,488,-1,418,488,416,-1,416,488,414,-1,473,475,422,-1,432,434,456,-1,456,434,436,-1,456,436,455,-1,408,410,368,-1,368,410,490,-1,368,490,367,-1,367,490,492,-1,367,492,348,-1,348,492,346,-1,500,501,498,-1,498,501,338,-1,498,338,496,-1,496,338,339,-1,496,339,340,-1,363,352,355,-1,348,350,367,-1,367,350,352,-1,367,352,365,-1,365,352,363,-1,424,468,422,-1,422,468,471,-1,422,471,473,-1,399,378,380,-1,390,393,395,-1,475,477,422,-1,422,477,479,-1,422,479,481,-1,355,357,363,-1,363,357,359,-1,363,359,361,-1,430,460,462,-1,406,368,404,-1,404,368,371,-1,404,371,373,-1,399,400,378,-1,378,400,402,-1,378,402,376,-1,376,402,404,-1,376,404,374,-1,374,404,373,-1,432,456,430,-1,430,456,458,-1,430,458,460,-1,426,428,467,-1,467,428,430,-1,467,430,465,-1,465,430,462,-1,446,449,451,-1,395,397,390,-1,390,397,399,-1,390,399,389,-1,389,399,380,-1,389,380,387,-1,387,380,383,-1,387,383,385,-1,451,453,446,-1,446,453,455,-1,446,455,445,-1,445,455,436,-1,445,436,443,-1,443,436,439,-1,443,439,441,-1,369,366,493,-1,415,413,489,-1,425,423,469,-1,354,353,362,-1,366,351,349,-1,366,349,493,-1,493,349,347,-1,493,347,345,-1,345,343,493,-1,493,343,341,-1,493,341,495,-1,495,341,337,-1,425,469,427,-1,423,421,487,-1,411,409,369,-1,415,489,417,-1,351,366,353,-1,353,366,364,-1,353,364,362,-1,403,401,379,-1,379,401,398,-1,487,421,489,-1,489,421,419,-1,489,419,417,-1,450,448,447,-1,502,503,336,-1,336,503,499,-1,336,499,337,-1,337,499,497,-1,337,497,495,-1,413,411,489,-1,489,411,369,-1,489,369,491,-1,491,369,493,-1,394,392,391,-1,447,444,437,-1,437,444,442,-1,437,442,438,-1,438,442,440,-1,360,358,362,-1,362,358,356,-1,362,356,354,-1,394,391,396,-1,450,447,452,-1,427,469,429,-1,429,469,466,-1,429,466,431,-1,431,466,464,-1,431,464,463,-1,437,435,457,-1,457,435,433,-1,457,433,459,-1,459,433,431,-1,459,431,461,-1,461,431,463,-1,487,485,423,-1,423,485,482,-1,423,482,480,-1,480,478,423,-1,423,478,476,-1,423,476,474,-1,474,472,423,-1,423,472,470,-1,423,470,469,-1,405,375,372,-1,437,457,447,-1,447,457,454,-1,447,454,452,-1,403,379,405,-1,405,379,377,-1,405,377,375,-1,409,407,369,-1,369,407,405,-1,369,405,370,-1,370,405,372,-1,384,382,386,-1,386,382,381,-1,386,381,388,-1,388,381,379,-1,388,379,391,-1,391,379,398,-1,391,398,396,-1,501,500,502,-1,502,500,503,-1,502,336,501,-1,501,336,338,-1,499,503,498,-1,498,503,500,-1,504,505,506,-1,506,505,507,-1,507,505,508,-1,508,505,509,-1,508,509,510,-1,510,509,511,-1,510,511,512,-1,512,511,513,-1,512,513,514,-1,514,513,515,-1,514,515,516,-1,516,515,517,-1,516,517,518,-1,518,517,519,-1,520,518,521,-1,521,518,519,-1,520,521,522,-1,520,522,523,-1,523,522,524,-1,523,524,525,-1,525,524,526,-1,525,526,527,-1,527,526,528,-1,527,528,529,-1,529,528,530,-1,529,530,531,-1,531,530,532,-1,531,532,533,-1,533,532,534,-1,533,534,535,-1,536,535,537,-1,537,535,534,-1,536,537,538,-1,536,538,539,-1,539,538,540,-1,539,540,541,-1,541,540,542,-1,542,540,543,-1,542,543,544,-1,544,543,545,-1,546,544,547,-1,547,544,545,-1,548,546,549,-1,549,546,547,-1,548,549,550,-1,548,550,551,-1,551,550,552,-1,551,552,553,-1,553,552,554,-1,553,554,555,-1,555,554,556,-1,555,556,557,-1,558,557,559,-1,559,557,556,-1,558,559,560,-1,558,560,561,-1,561,560,562,-1,561,562,563,-1,563,562,564,-1,563,564,565,-1,565,564,566,-1,565,566,567,-1,567,566,568,-1,568,566,569,-1,568,569,570,-1,570,569,571,-1,572,570,573,-1,573,570,571,-1,572,573,574,-1,574,573,575,-1,574,575,576,-1,576,575,577,-1,576,577,578,-1,578,577,579,-1,578,579,580,-1,580,579,581,-1,580,581,582,-1,582,581,583,-1,582,583,584,-1,584,583,585,-1,584,585,586,-1,586,585,587,-1,586,587,588,-1,588,587,589,-1,588,589,590,-1,590,589,591,-1,590,591,592,-1,592,591,593,-1,592,593,594,-1,594,593,595,-1,594,595,596,-1,596,595,597,-1,596,597,598,-1,598,597,599,-1,600,598,601,-1,601,598,599,-1,600,601,602,-1,602,601,603,-1,602,603,604,-1,604,603,605,-1,604,605,606,-1,604,606,607,-1,607,606,608,-1,607,608,609,-1,609,608,610,-1,609,610,611,-1,611,610,612,-1,611,612,613,-1,614,613,615,-1,615,613,612,-1,614,615,616,-1,614,616,617,-1,617,616,618,-1,617,618,619,-1,619,618,620,-1,619,620,621,-1,621,620,622,-1,621,622,623,-1,624,623,625,-1,625,623,622,-1,626,624,627,-1,627,624,625,-1,626,627,628,-1,628,627,629,-1,628,629,630,-1,630,629,631,-1,630,631,632,-1,630,632,633,-1,633,632,634,-1,633,634,635,-1,636,635,637,-1,637,635,634,-1,636,637,638,-1,636,638,639,-1,639,638,640,-1,639,640,641,-1,641,640,642,-1,641,642,643,-1,643,642,644,-1,643,644,645,-1,645,644,646,-1,645,646,647,-1,647,646,648,-1,647,648,649,-1,649,648,650,-1,649,650,651,-1,652,651,653,-1,653,651,650,-1,652,653,654,-1,654,653,655,-1,654,655,656,-1,656,655,657,-1,656,657,658,-1,658,657,659,-1,658,659,660,-1,660,659,661,-1,660,661,662,-1,662,661,663,-1,662,663,664,-1,664,663,665,-1,666,664,667,-1,667,664,665,-1,636,508,510,-1,658,660,508,-1,508,660,662,-1,508,662,664,-1,636,510,635,-1,592,594,635,-1,588,590,514,-1,576,578,535,-1,535,578,580,-1,651,652,636,-1,636,652,654,-1,636,654,508,-1,508,654,656,-1,508,656,658,-1,668,669,666,-1,666,669,506,-1,666,506,664,-1,664,506,507,-1,664,507,508,-1,588,514,586,-1,590,592,514,-1,514,592,635,-1,514,635,512,-1,512,635,510,-1,600,602,624,-1,624,602,604,-1,624,604,623,-1,518,520,580,-1,580,520,523,-1,645,647,636,-1,636,647,649,-1,636,649,651,-1,518,580,516,-1,516,580,582,-1,516,582,514,-1,514,582,584,-1,514,584,586,-1,567,546,548,-1,645,636,643,-1,643,636,639,-1,643,639,641,-1,619,621,623,-1,558,561,567,-1,567,561,563,-1,567,563,565,-1,598,628,630,-1,604,607,609,-1,576,535,574,-1,574,535,536,-1,574,536,572,-1,572,536,539,-1,572,539,541,-1,567,568,546,-1,546,568,570,-1,546,570,544,-1,544,570,572,-1,544,572,542,-1,542,572,541,-1,523,525,580,-1,580,525,527,-1,580,527,529,-1,529,531,580,-1,580,531,533,-1,580,533,535,-1,600,624,598,-1,598,624,626,-1,598,626,628,-1,594,596,635,-1,635,596,598,-1,635,598,633,-1,633,598,630,-1,619,623,617,-1,558,567,557,-1,557,567,548,-1,557,548,555,-1,555,548,551,-1,555,551,553,-1,609,611,604,-1,604,611,613,-1,604,613,623,-1,623,613,614,-1,623,614,617,-1,515,513,663,-1,513,511,663,-1,663,511,509,-1,663,509,505,-1,537,534,661,-1,579,577,537,-1,591,589,655,-1,661,534,663,-1,663,534,517,-1,663,517,515,-1,670,671,504,-1,504,671,667,-1,504,667,505,-1,505,667,665,-1,505,665,663,-1,585,583,657,-1,657,583,581,-1,591,637,593,-1,593,637,595,-1,581,579,657,-1,657,579,537,-1,657,537,659,-1,659,537,661,-1,655,589,657,-1,657,589,587,-1,657,587,585,-1,655,653,591,-1,591,653,650,-1,591,650,648,-1,648,646,591,-1,591,646,644,-1,591,644,642,-1,530,522,532,-1,532,522,521,-1,532,521,534,-1,534,521,519,-1,534,519,517,-1,530,528,522,-1,522,528,526,-1,522,526,524,-1,573,543,540,-1,564,562,566,-1,566,562,560,-1,566,560,559,-1,571,569,547,-1,547,569,566,-1,547,566,549,-1,549,566,559,-1,612,605,615,-1,615,605,625,-1,615,625,622,-1,612,610,605,-1,605,610,608,-1,605,608,606,-1,642,640,591,-1,591,640,638,-1,591,638,637,-1,571,547,573,-1,573,547,545,-1,573,545,543,-1,577,575,537,-1,537,575,573,-1,537,573,538,-1,538,573,540,-1,595,637,597,-1,597,637,634,-1,597,634,599,-1,599,634,632,-1,599,632,631,-1,605,603,625,-1,625,603,601,-1,625,601,627,-1,627,601,599,-1,627,599,629,-1,629,599,631,-1,559,556,549,-1,549,556,554,-1,549,554,550,-1,550,554,552,-1,622,620,615,-1,615,620,618,-1,615,618,616,-1,669,668,670,-1,670,668,671,-1,670,504,669,-1,669,504,506,-1,667,671,666,-1,666,671,668,-1,672,673,674,-1,674,673,675,-1,675,673,676,-1,676,673,677,-1,676,677,678,-1,678,677,679,-1,678,679,680,-1,680,679,681,-1,680,681,682,-1,682,681,683,-1,682,683,684,-1,684,683,685,-1,684,685,686,-1,686,685,687,-1,688,686,689,-1,689,686,687,-1,688,689,690,-1,688,690,691,-1,691,690,692,-1,691,692,693,-1,693,692,694,-1,693,694,695,-1,695,694,696,-1,695,696,697,-1,697,696,698,-1,697,698,699,-1,699,698,700,-1,699,700,701,-1,701,700,702,-1,701,702,703,-1,704,703,705,-1,705,703,702,-1,704,705,706,-1,704,706,707,-1,707,706,708,-1,707,708,709,-1,709,708,710,-1,710,708,711,-1,710,711,712,-1,712,711,713,-1,714,712,715,-1,715,712,713,-1,716,714,717,-1,717,714,715,-1,716,717,718,-1,716,718,719,-1,719,718,720,-1,719,720,721,-1,721,720,722,-1,721,722,723,-1,723,722,724,-1,723,724,725,-1,726,725,727,-1,727,725,724,-1,726,727,728,-1,726,728,729,-1,729,728,730,-1,729,730,731,-1,731,730,732,-1,731,732,733,-1,733,732,734,-1,733,734,735,-1,735,734,736,-1,736,734,737,-1,736,737,738,-1,738,737,739,-1,740,738,741,-1,741,738,739,-1,740,741,742,-1,742,741,743,-1,742,743,744,-1,744,743,745,-1,744,745,746,-1,746,745,747,-1,746,747,748,-1,748,747,749,-1,748,749,750,-1,750,749,751,-1,750,751,752,-1,752,751,753,-1,752,753,754,-1,754,753,755,-1,754,755,756,-1,756,755,757,-1,756,757,758,-1,758,757,759,-1,758,759,760,-1,760,759,761,-1,760,761,762,-1,762,761,763,-1,762,763,764,-1,764,763,765,-1,764,765,766,-1,766,765,767,-1,768,766,769,-1,769,766,767,-1,768,769,770,-1,770,769,771,-1,770,771,772,-1,772,771,773,-1,772,773,774,-1,772,774,775,-1,775,774,776,-1,775,776,777,-1,777,776,778,-1,777,778,779,-1,779,778,780,-1,779,780,781,-1,782,781,783,-1,783,781,780,-1,782,783,784,-1,782,784,785,-1,785,784,786,-1,785,786,787,-1,787,786,788,-1,787,788,789,-1,789,788,790,-1,789,790,791,-1,792,791,793,-1,793,791,790,-1,794,792,795,-1,795,792,793,-1,794,795,796,-1,796,795,797,-1,796,797,798,-1,798,797,799,-1,798,799,800,-1,798,800,801,-1,801,800,802,-1,801,802,803,-1,804,803,805,-1,805,803,802,-1,804,805,806,-1,804,806,807,-1,807,806,808,-1,807,808,809,-1,809,808,810,-1,809,810,811,-1,811,810,812,-1,811,812,813,-1,813,812,814,-1,813,814,815,-1,815,814,816,-1,815,816,817,-1,817,816,818,-1,817,818,819,-1,820,819,821,-1,821,819,818,-1,820,821,822,-1,822,821,823,-1,822,823,824,-1,824,823,825,-1,824,825,826,-1,826,825,827,-1,826,827,828,-1,828,827,829,-1,828,829,830,-1,830,829,831,-1,830,831,832,-1,832,831,833,-1,834,832,835,-1,835,832,833,-1,748,824,746,-1,746,824,826,-1,830,678,828,-1,828,678,680,-1,828,680,682,-1,804,760,762,-1,804,762,803,-1,817,819,758,-1,758,819,820,-1,758,820,756,-1,756,820,822,-1,756,822,754,-1,754,822,824,-1,704,742,744,-1,684,686,703,-1,703,686,688,-1,748,750,824,-1,824,750,752,-1,824,752,754,-1,809,811,758,-1,768,770,792,-1,792,770,772,-1,792,772,791,-1,744,746,704,-1,704,746,826,-1,704,826,703,-1,703,826,828,-1,703,828,684,-1,684,828,682,-1,836,837,834,-1,834,837,674,-1,834,674,832,-1,832,674,675,-1,832,675,830,-1,830,675,676,-1,830,676,678,-1,760,804,758,-1,758,804,807,-1,758,807,809,-1,735,714,716,-1,688,691,703,-1,703,691,693,-1,703,693,695,-1,695,697,703,-1,703,697,699,-1,703,699,701,-1,811,813,758,-1,758,813,815,-1,758,815,817,-1,726,729,731,-1,766,796,798,-1,742,704,740,-1,740,704,707,-1,740,707,709,-1,735,736,714,-1,714,736,738,-1,714,738,712,-1,712,738,740,-1,712,740,710,-1,710,740,709,-1,768,792,766,-1,766,792,794,-1,766,794,796,-1,762,764,803,-1,803,764,766,-1,803,766,801,-1,801,766,798,-1,782,785,787,-1,731,733,726,-1,726,733,735,-1,726,735,725,-1,725,735,716,-1,725,716,723,-1,723,716,719,-1,723,719,721,-1,787,789,782,-1,782,789,791,-1,782,791,781,-1,781,791,772,-1,781,772,779,-1,779,772,775,-1,779,775,777,-1,705,702,829,-1,761,759,805,-1,683,681,829,-1,829,681,679,-1,829,679,831,-1,831,679,677,-1,831,677,673,-1,761,805,763,-1,683,829,685,-1,685,829,702,-1,685,702,687,-1,747,745,705,-1,755,825,757,-1,757,825,823,-1,757,823,759,-1,687,702,689,-1,689,702,700,-1,689,700,690,-1,755,753,825,-1,825,753,751,-1,825,751,749,-1,786,784,783,-1,698,696,694,-1,838,839,672,-1,672,839,835,-1,672,835,673,-1,673,835,833,-1,673,833,831,-1,749,747,825,-1,825,747,705,-1,825,705,827,-1,827,705,829,-1,783,780,773,-1,773,780,778,-1,773,778,774,-1,774,778,776,-1,786,783,788,-1,763,805,765,-1,765,805,802,-1,765,802,767,-1,767,802,800,-1,767,800,799,-1,773,771,793,-1,793,771,769,-1,793,769,795,-1,795,769,767,-1,795,767,797,-1,797,767,799,-1,823,821,759,-1,759,821,818,-1,759,818,816,-1,816,814,759,-1,759,814,812,-1,759,812,810,-1,810,808,759,-1,759,808,806,-1,759,806,805,-1,698,694,700,-1,700,694,692,-1,700,692,690,-1,741,711,708,-1,734,732,727,-1,727,732,730,-1,727,730,728,-1,739,737,715,-1,715,737,734,-1,715,734,717,-1,717,734,727,-1,773,793,783,-1,783,793,790,-1,783,790,788,-1,739,715,741,-1,741,715,713,-1,741,713,711,-1,745,743,705,-1,705,743,741,-1,705,741,706,-1,706,741,708,-1,727,724,717,-1,717,724,722,-1,717,722,718,-1,718,722,720,-1,837,836,838,-1,838,836,839,-1,838,672,837,-1,837,672,674,-1,835,839,834,-1,834,839,836,-1,840,841,842,-1,842,841,843,-1,843,841,844,-1,844,841,845,-1,844,845,846,-1,846,845,847,-1,846,847,848,-1,848,847,849,-1,848,849,850,-1,850,849,851,-1,850,851,852,-1,852,851,853,-1,852,853,854,-1,854,853,855,-1,856,854,857,-1,857,854,855,-1,856,857,858,-1,856,858,859,-1,859,858,860,-1,859,860,861,-1,861,860,862,-1,861,862,863,-1,863,862,864,-1,863,864,865,-1,865,864,866,-1,865,866,867,-1,867,866,868,-1,867,868,869,-1,869,868,870,-1,869,870,871,-1,872,871,873,-1,873,871,870,-1,872,873,874,-1,872,874,875,-1,875,874,876,-1,875,876,877,-1,877,876,878,-1,878,876,879,-1,878,879,880,-1,880,879,881,-1,882,880,883,-1,883,880,881,-1,884,882,885,-1,885,882,883,-1,884,885,886,-1,884,886,887,-1,887,886,888,-1,887,888,889,-1,889,888,890,-1,889,890,891,-1,891,890,892,-1,891,892,893,-1,894,893,895,-1,895,893,892,-1,894,895,896,-1,894,896,897,-1,897,896,898,-1,897,898,899,-1,899,898,900,-1,899,900,901,-1,901,900,902,-1,901,902,903,-1,903,902,904,-1,904,902,905,-1,904,905,906,-1,906,905,907,-1,908,906,909,-1,909,906,907,-1,908,909,910,-1,910,909,911,-1,910,911,912,-1,912,911,913,-1,912,913,914,-1,914,913,915,-1,914,915,916,-1,916,915,917,-1,916,917,918,-1,918,917,919,-1,918,919,920,-1,920,919,921,-1,920,921,922,-1,922,921,923,-1,922,923,924,-1,924,923,925,-1,924,925,926,-1,926,925,927,-1,926,927,928,-1,928,927,929,-1,928,929,930,-1,930,929,931,-1,930,931,932,-1,932,931,933,-1,932,933,934,-1,934,933,935,-1,936,934,937,-1,937,934,935,-1,936,937,938,-1,938,937,939,-1,938,939,940,-1,940,939,941,-1,940,941,942,-1,940,942,943,-1,943,942,944,-1,943,944,945,-1,945,944,946,-1,945,946,947,-1,947,946,948,-1,947,948,949,-1,950,949,951,-1,951,949,948,-1,950,951,952,-1,950,952,953,-1,953,952,954,-1,953,954,955,-1,955,954,956,-1,955,956,957,-1,957,956,958,-1,957,958,959,-1,960,959,961,-1,961,959,958,-1,962,960,963,-1,963,960,961,-1,962,963,964,-1,964,963,965,-1,964,965,966,-1,966,965,967,-1,966,967,968,-1,966,968,969,-1,969,968,970,-1,969,970,971,-1,972,971,973,-1,973,971,970,-1,972,973,974,-1,972,974,975,-1,975,974,976,-1,975,976,977,-1,977,976,978,-1,977,978,979,-1,979,978,980,-1,979,980,981,-1,981,980,982,-1,981,982,983,-1,983,982,984,-1,983,984,985,-1,985,984,986,-1,985,986,987,-1,988,987,989,-1,989,987,986,-1,988,989,990,-1,990,989,991,-1,990,991,992,-1,992,991,993,-1,992,993,994,-1,994,993,995,-1,994,995,996,-1,996,995,997,-1,996,997,998,-1,998,997,999,-1,998,999,1000,-1,1000,999,1001,-1,1002,1000,1003,-1,1003,1000,1001,-1,996,998,871,-1,996,871,994,-1,846,848,998,-1,928,930,972,-1,972,930,971,-1,848,850,998,-1,998,850,852,-1,998,852,871,-1,871,852,854,-1,871,854,856,-1,936,938,960,-1,960,938,940,-1,960,940,959,-1,910,912,872,-1,872,912,914,-1,1004,1005,1002,-1,1002,1005,842,-1,1002,842,1000,-1,1000,842,843,-1,1000,843,998,-1,998,843,844,-1,998,844,846,-1,985,987,926,-1,926,987,988,-1,926,988,924,-1,924,988,990,-1,924,990,922,-1,922,990,992,-1,922,992,920,-1,920,992,918,-1,871,872,994,-1,994,872,914,-1,994,914,992,-1,992,914,916,-1,992,916,918,-1,977,979,926,-1,940,943,945,-1,856,859,871,-1,871,859,861,-1,871,861,863,-1,934,964,966,-1,863,865,871,-1,871,865,867,-1,871,867,869,-1,928,972,926,-1,926,972,975,-1,926,975,977,-1,979,981,926,-1,926,981,983,-1,926,983,985,-1,936,960,934,-1,934,960,962,-1,934,962,964,-1,930,932,971,-1,971,932,934,-1,971,934,969,-1,969,934,966,-1,950,953,955,-1,903,882,884,-1,897,899,901,-1,945,947,940,-1,940,947,949,-1,940,949,959,-1,959,949,950,-1,959,950,957,-1,957,950,955,-1,910,872,908,-1,908,872,875,-1,908,875,877,-1,903,904,882,-1,882,904,906,-1,882,906,880,-1,880,906,908,-1,880,908,878,-1,878,908,877,-1,897,901,894,-1,894,901,903,-1,894,903,893,-1,893,903,884,-1,893,884,891,-1,891,884,887,-1,891,887,889,-1,853,851,997,-1,997,851,849,-1,997,849,999,-1,855,853,870,-1,870,853,997,-1,870,997,873,-1,873,997,995,-1,855,870,857,-1,857,870,868,-1,857,868,858,-1,849,847,999,-1,999,847,845,-1,999,845,841,-1,995,993,873,-1,873,993,915,-1,873,915,913,-1,921,919,993,-1,993,919,917,-1,993,917,915,-1,866,864,862,-1,907,905,883,-1,883,905,902,-1,883,902,885,-1,944,942,941,-1,989,927,991,-1,991,927,925,-1,991,925,993,-1,993,925,923,-1,993,923,921,-1,866,862,868,-1,868,862,860,-1,868,860,858,-1,1006,1007,840,-1,840,1007,1003,-1,840,1003,841,-1,841,1003,1001,-1,841,1001,999,-1,900,898,896,-1,944,941,946,-1,909,879,876,-1,900,896,902,-1,902,896,895,-1,902,895,885,-1,951,961,958,-1,961,951,941,-1,941,951,948,-1,941,948,946,-1,989,986,927,-1,927,986,984,-1,927,984,982,-1,907,883,909,-1,909,883,881,-1,909,881,879,-1,913,911,873,-1,873,911,909,-1,873,909,874,-1,874,909,876,-1,931,973,933,-1,933,973,970,-1,933,970,935,-1,935,970,968,-1,935,968,967,-1,941,939,961,-1,961,939,937,-1,961,937,963,-1,963,937,935,-1,963,935,965,-1,965,935,967,-1,982,980,927,-1,927,980,978,-1,927,978,976,-1,931,929,973,-1,973,929,927,-1,973,927,974,-1,974,927,976,-1,895,892,885,-1,885,892,890,-1,885,890,886,-1,886,890,888,-1,958,956,951,-1,951,956,954,-1,951,954,952,-1,1005,1004,1006,-1,1006,1004,1007,-1,1006,840,1005,-1,1005,840,842,-1,1003,1007,1002,-1,1002,1007,1004,-1,1008,1009,1010,-1,1010,1009,1011,-1,1011,1009,1012,-1,1012,1009,1013,-1,1012,1013,1014,-1,1014,1013,1015,-1,1014,1015,1016,-1,1016,1015,1017,-1,1016,1017,1018,-1,1018,1017,1019,-1,1018,1019,1020,-1,1020,1019,1021,-1,1020,1021,1022,-1,1022,1021,1023,-1,1024,1022,1025,-1,1025,1022,1023,-1,1024,1025,1026,-1,1024,1026,1027,-1,1027,1026,1028,-1,1027,1028,1029,-1,1029,1028,1030,-1,1029,1030,1031,-1,1031,1030,1032,-1,1031,1032,1033,-1,1033,1032,1034,-1,1033,1034,1035,-1,1035,1034,1036,-1,1035,1036,1037,-1,1037,1036,1038,-1,1037,1038,1039,-1,1040,1039,1041,-1,1041,1039,1038,-1,1040,1041,1042,-1,1040,1042,1043,-1,1043,1042,1044,-1,1043,1044,1045,-1,1045,1044,1046,-1,1046,1044,1047,-1,1046,1047,1048,-1,1048,1047,1049,-1,1050,1048,1051,-1,1051,1048,1049,-1,1052,1050,1053,-1,1053,1050,1051,-1,1052,1053,1054,-1,1052,1054,1055,-1,1055,1054,1056,-1,1055,1056,1057,-1,1057,1056,1058,-1,1057,1058,1059,-1,1059,1058,1060,-1,1059,1060,1061,-1,1062,1061,1063,-1,1063,1061,1060,-1,1062,1063,1064,-1,1062,1064,1065,-1,1065,1064,1066,-1,1065,1066,1067,-1,1067,1066,1068,-1,1067,1068,1069,-1,1069,1068,1070,-1,1069,1070,1071,-1,1071,1070,1072,-1,1072,1070,1073,-1,1072,1073,1074,-1,1074,1073,1075,-1,1076,1074,1077,-1,1077,1074,1075,-1,1076,1077,1078,-1,1078,1077,1079,-1,1078,1079,1080,-1,1080,1079,1081,-1,1080,1081,1082,-1,1082,1081,1083,-1,1082,1083,1084,-1,1084,1083,1085,-1,1084,1085,1086,-1,1086,1085,1087,-1,1086,1087,1088,-1,1088,1087,1089,-1,1088,1089,1090,-1,1090,1089,1091,-1,1090,1091,1092,-1,1092,1091,1093,-1,1092,1093,1094,-1,1094,1093,1095,-1,1094,1095,1096,-1,1096,1095,1097,-1,1096,1097,1098,-1,1098,1097,1099,-1,1098,1099,1100,-1,1100,1099,1101,-1,1100,1101,1102,-1,1102,1101,1103,-1,1104,1102,1105,-1,1105,1102,1103,-1,1104,1105,1106,-1,1106,1105,1107,-1,1106,1107,1108,-1,1108,1107,1109,-1,1108,1109,1110,-1,1108,1110,1111,-1,1111,1110,1112,-1,1111,1112,1113,-1,1113,1112,1114,-1,1113,1114,1115,-1,1115,1114,1116,-1,1115,1116,1117,-1,1118,1117,1119,-1,1119,1117,1116,-1,1118,1119,1120,-1,1118,1120,1121,-1,1121,1120,1122,-1,1121,1122,1123,-1,1123,1122,1124,-1,1123,1124,1125,-1,1125,1124,1126,-1,1125,1126,1127,-1,1128,1127,1129,-1,1129,1127,1126,-1,1130,1128,1131,-1,1131,1128,1129,-1,1130,1131,1132,-1,1132,1131,1133,-1,1132,1133,1134,-1,1134,1133,1135,-1,1134,1135,1136,-1,1134,1136,1137,-1,1137,1136,1138,-1,1137,1138,1139,-1,1140,1139,1141,-1,1141,1139,1138,-1,1140,1141,1142,-1,1140,1142,1143,-1,1143,1142,1144,-1,1143,1144,1145,-1,1145,1144,1146,-1,1145,1146,1147,-1,1147,1146,1148,-1,1147,1148,1149,-1,1149,1148,1150,-1,1149,1150,1151,-1,1151,1150,1152,-1,1151,1152,1153,-1,1153,1152,1154,-1,1153,1154,1155,-1,1156,1155,1157,-1,1157,1155,1154,-1,1156,1157,1158,-1,1158,1157,1159,-1,1158,1159,1160,-1,1160,1159,1161,-1,1160,1161,1162,-1,1162,1161,1163,-1,1162,1163,1164,-1,1164,1163,1165,-1,1164,1165,1166,-1,1166,1165,1167,-1,1166,1167,1168,-1,1168,1167,1169,-1,1170,1168,1171,-1,1171,1168,1169,-1,1164,1166,1039,-1,1164,1039,1162,-1,1014,1016,1166,-1,1096,1098,1140,-1,1140,1098,1139,-1,1016,1018,1166,-1,1166,1018,1020,-1,1166,1020,1039,-1,1039,1020,1022,-1,1039,1022,1024,-1,1172,1173,1170,-1,1170,1173,1010,-1,1170,1010,1168,-1,1168,1010,1011,-1,1168,1011,1166,-1,1166,1011,1012,-1,1166,1012,1014,-1,1145,1147,1094,-1,1104,1106,1128,-1,1128,1106,1108,-1,1128,1108,1127,-1,1153,1155,1094,-1,1094,1155,1156,-1,1094,1156,1092,-1,1092,1156,1158,-1,1092,1158,1090,-1,1090,1158,1160,-1,1090,1160,1088,-1,1088,1160,1086,-1,1078,1080,1040,-1,1040,1080,1082,-1,1039,1040,1162,-1,1162,1040,1082,-1,1162,1082,1160,-1,1160,1082,1084,-1,1160,1084,1086,-1,1024,1027,1039,-1,1039,1027,1029,-1,1039,1029,1031,-1,1031,1033,1039,-1,1039,1033,1035,-1,1039,1035,1037,-1,1096,1140,1094,-1,1094,1140,1143,-1,1094,1143,1145,-1,1147,1149,1094,-1,1094,1149,1151,-1,1094,1151,1153,-1,1108,1111,1113,-1,1071,1050,1052,-1,1065,1067,1069,-1,1102,1132,1134,-1,1104,1128,1102,-1,1102,1128,1130,-1,1102,1130,1132,-1,1098,1100,1139,-1,1139,1100,1102,-1,1139,1102,1137,-1,1137,1102,1134,-1,1118,1121,1123,-1,1078,1040,1076,-1,1076,1040,1043,-1,1076,1043,1045,-1,1071,1072,1050,-1,1050,1072,1074,-1,1050,1074,1048,-1,1048,1074,1076,-1,1048,1076,1046,-1,1046,1076,1045,-1,1113,1115,1108,-1,1108,1115,1117,-1,1108,1117,1127,-1,1127,1117,1118,-1,1127,1118,1125,-1,1125,1118,1123,-1,1065,1069,1062,-1,1062,1069,1071,-1,1062,1071,1061,-1,1061,1071,1052,-1,1061,1052,1059,-1,1059,1052,1055,-1,1059,1055,1057,-1,1163,1161,1138,-1,1161,1159,1138,-1,1138,1159,1157,-1,1138,1157,1141,-1,1075,1073,1051,-1,1051,1073,1070,-1,1051,1070,1053,-1,1015,1013,1167,-1,1167,1013,1009,-1,1015,1167,1017,-1,1017,1167,1165,-1,1017,1165,1163,-1,1144,1142,1141,-1,1093,1091,1019,-1,1019,1091,1089,-1,1019,1089,1021,-1,1021,1089,1087,-1,1021,1087,1023,-1,1023,1087,1085,-1,1023,1085,1025,-1,1112,1110,1109,-1,1101,1099,1138,-1,1138,1099,1097,-1,1085,1038,1036,-1,1085,1083,1038,-1,1038,1083,1081,-1,1038,1081,1041,-1,1068,1066,1064,-1,1163,1138,1017,-1,1017,1138,1097,-1,1017,1097,1019,-1,1019,1097,1095,-1,1019,1095,1093,-1,1077,1047,1044,-1,1068,1064,1070,-1,1070,1064,1063,-1,1070,1063,1053,-1,1112,1109,1114,-1,1174,1175,1008,-1,1008,1175,1171,-1,1008,1171,1009,-1,1009,1171,1169,-1,1009,1169,1167,-1,1075,1051,1077,-1,1077,1051,1049,-1,1077,1049,1047,-1,1081,1079,1041,-1,1041,1079,1077,-1,1041,1077,1042,-1,1042,1077,1044,-1,1119,1129,1126,-1,1129,1119,1109,-1,1109,1119,1116,-1,1109,1116,1114,-1,1157,1154,1141,-1,1141,1154,1152,-1,1141,1152,1150,-1,1036,1034,1085,-1,1085,1034,1032,-1,1085,1032,1030,-1,1030,1028,1085,-1,1085,1028,1026,-1,1085,1026,1025,-1,1063,1060,1053,-1,1053,1060,1058,-1,1053,1058,1054,-1,1054,1058,1056,-1,1101,1138,1103,-1,1103,1138,1136,-1,1103,1136,1135,-1,1109,1107,1129,-1,1129,1107,1105,-1,1129,1105,1131,-1,1131,1105,1103,-1,1131,1103,1133,-1,1133,1103,1135,-1,1150,1148,1141,-1,1141,1148,1146,-1,1141,1146,1144,-1,1126,1124,1119,-1,1119,1124,1122,-1,1119,1122,1120,-1,1173,1172,1174,-1,1174,1172,1175,-1,1174,1008,1173,-1,1173,1008,1010,-1,1171,1175,1170,-1,1170,1175,1172,-1,
        ]
    }
}
Shape{
    appearance Appearance {
        material  Material 	{
            diffuseColor 0.2235294117647059 0.2235294117647059 0.2235294117647059
            specularColor 0.11372549019607843 0.11372549019607843 0.11372549019607843
            ambientIntensity 0.2235
            transparency 0.0
            shininess 0.5
        }
    }
    geometry IndexedFaceSet {
        ccw TRUE
        solid FALSE
        coord DEF co Coordinate {
            point [
                4.0982 -0.2019 1.8707, 4.0982 -0.2495 1.8707, 4.0982 -0.2495 1.7551, 4.0982 -0.0114 1.8707, 4.0982 -0.0466 1.8707, 4.0982 -0.0466 1.7551, 4.0982 -0.4134 3.3465, 4.0982 -0.4921 3.3465, 4.0982 -0.4921 2.9056, 4.0982 0.1097 1.709, 4.0982 0.1107 1.7002, 4.0982 0.1107 1.7479, 4.0982 -0.0107 1.6783, 4.0982 -0.0114 1.686, 4.0982 -0.0114 1.6462, 4.0982 -0.2313 0.1969, 4.0982 -0.2019 0.1969, 4.0982 -0.2019 1.4129, 4.0982 0.0959 1.6238, 4.0982 0.0575 1.6238, 4.0982 0.0575 1.5913, 4.0982 -0.2016 1.6175, 4.0982 -0.2019 1.6204, 4.0982 -0.2019 1.5913, 4.0982 -0.2015 1.643, 4.0982 -0.2004 1.6462, 4.0982 -0.2019 1.6462, 4.0982 -0.0946 1.4734, 4.0982 -0.1331 1.4734, 4.0982 -0.1331 1.4509, 4.0982 0.0161 1.9748, 4.0982 -0.0035 1.9517, 4.0982 0.1107 1.8707, 4.0982 0.1107 2.07, 4.0982 0.0975 2.0505, 4.0982 0.0647 2.0221, 4.0982 0.0301 2.0044, 4.0982 0.0287 2.0002, 4.0982 0.138 2.1303, 4.0982 0.1226 2.0876, 4.0982 0.4921 1.8707, 4.0982 0.1216 2.2482, 4.0982 0.1367 2.2089, 4.0982 0.4921 2.9056, 4.0982 0.1419 2.1666, 4.0982 0.1107 2.2657, 4.0982 0.1107 2.9056, 4.0982 0.1086 2.2691, 4.0982 -0.0114 2.9056, 4.0982 -0.0114 2.4525, 4.0982 0.0054 2.4451, 4.0982 0.0318 2.4245, 4.0982 0.0686 2.36, 4.0982 0.0728 2.3263, 4.0982 0.0914 2.2892, 4.0982 0.0722 2.3165, 4.0982 0.0711 2.3067, 4.0982 0.0372 2.4188, 4.0982 0.0563 2.3916, 4.0982 -0.1814 2.4022, 4.0982 -0.1587 2.4288, 4.0982 -0.2019 2.9056, 4.0982 -0.1964 2.3713, 4.0982 -0.1308 2.4483, 4.0982 -0.099 2.4605, 4.0982 -0.0466 2.9056, 4.0982 -0.0656 2.4647, 4.0982 -0.0574 2.4644, 4.0982 -0.0466 2.4625, 4.0982 -0.0253 2.4587, 4.0982 -0.2545 2.3028, 4.0982 -0.2495 2.3147, 4.0982 -0.2495 2.9056, 4.0982 -0.2462 2.3225, 4.0982 -0.1996 2.3605, 4.0982 -0.2019 2.3594, 4.0982 -0.218 2.3519, 4.0982 -0.2337 2.3392, 4.0982 -0.2576 2.2826, 4.0982 -0.2577 2.2794, 4.0982 -0.4921 1.8707, 4.0982 -0.2552 2.2587, 4.0982 -0.2019 2.1994, 4.0982 -0.2024 2.1995, 4.0982 -0.2214 2.2096, 4.0982 -0.236 2.2226, 4.0982 -0.2478 2.2396, 4.0982 -0.2495 2.244, 4.0982 -0.0539 1.9238, 4.0982 -0.0818 1.9199, 4.0982 -0.1516 2.0903, 4.0982 -0.1493 2.0845, 4.0982 -0.1006 2.0744, 4.0982 -0.1629 1.9515, 4.0982 -0.1826 1.9747, 4.0982 -0.1151 2.2153, 4.0982 -0.0553 2.1009, 4.0982 -0.1015 2.2303, 4.0982 -0.0918 2.2484, 4.0982 -0.1553 2.0956, 4.0982 -0.1393 1.9345, 4.0982 -0.0751 1.9732, 4.0982 -0.0587 1.9773, 4.0982 -0.0466 1.9838, 4.0982 -0.0466 2.4087, 4.0982 -0.1123 1.9238, 4.0982 -0.1484 2.0778, 4.0982 -0.1485 2.077, 4.0982 -0.149 2.0744, 4.0982 -0.098 2.4037, 4.0982 -0.1152 2.3936, 4.0982 -0.1241 2.3502, 4.0982 -0.1309 2.3783, 4.0982 -0.1424 2.3596, 4.0982 -0.0958 2.3186, 4.0982 -0.1079 2.3361, 4.0982 -0.0639 2.4109, 4.0982 -0.0771 2.4098, 4.0982 -0.0886 2.2998, 4.0982 -0.0861 2.2794, 4.0982 -0.0867 2.269, 4.0982 -0.1749 2.1043, 4.0982 -0.1715 2.1041, 4.0982 -0.1638 2.194, 4.0982 -0.165 2.1024, 4.0982 -0.1592 2.0991, 4.0982 -0.1278 1.9902, 4.0982 -0.1145 1.9808, 4.0982 -0.0993 1.9749, 4.0982 -0.0827 1.9728, 4.0982 -0.2006 2.0844, 4.0982 -0.1983 2.09, 4.0982 -0.1944 2.0955, 4.0982 -0.1924 2.0975, 4.0982 -0.187 2.1012, 4.0982 -0.1812 2.1035, 4.0982 -0.1813 2.1944, 4.0982 -0.1723 2.194, 4.0982 -0.1953 2.0007, 4.0982 -0.2013 2.0292, 4.0982 -0.2013 2.0795, 4.0982 -0.1493 2.0727, 4.0982 -0.1493 2.0343, 4.0982 -0.1463 2.0189, 4.0982 -0.1393 2.0038, 4.0982 -0.129 1.9912, 4.0982 -0.016 2.0462, 4.0982 -0.0241 2.401, 4.0982 -0.0432 2.4083, 4.0982 -0.016 2.0394, 4.0982 -0.044 1.9852, 4.0982 -0.0331 1.995, 4.0982 -0.0238 2.0082, 4.0982 -0.0181 2.0231, 4.0982 0.0353 2.0647, 4.0982 0.0583 2.084, 4.0982 0.0087 2.2802, 4.0982 0.0602 2.086, 4.0982 0.0769 2.11, 4.0982 0.0357 2.2672, 4.0982 -0.0114 2.3921, 4.0982 0.012 2.2862, 4.0982 -0.0114 2.0473, 4.0982 0.0078 2.0515, 4.0982 0.019 2.3053, 4.0982 0.0215 2.3255, 4.0982 0.0211 2.3345, 4.0982 0.0586 2.248, 4.0982 0.0871 2.1368, 4.0982 0.0753 2.2251, 4.0982 0.0907 2.1658, 4.0982 0.0866 2.1972, 4.0982 0.016 2.3555, 4.0982 0.0059 2.3745, 4.0982 -0.0071 2.3892, 4.0982 -0.0114 1.946, 4.0982 -0.0278 1.9342, 4.0982 -0.0466 1.9267, 4.0982 -0.1872 1.4243, 4.0982 -0.2009 1.4243, 4.0982 -0.0466 1.4129, 4.0982 -0.0946 1.427, 4.0982 -0.0808 1.427, 4.0982 -0.2019 1.4509, 4.0982 -0.1468 1.4304, 4.0982 -0.1468 1.4509, 4.0982 -0.1872 1.4509, 4.0982 -0.1468 1.4734, 4.0982 -0.1872 1.4734, 4.0982 -0.1331 1.4304, 4.0982 -0.0946 1.4509, 4.0982 -0.2009 1.4509, 4.0982 -0.2009 1.4889, 4.0982 -0.2019 1.497, 4.0982 -0.0808 1.4889, 4.0982 -0.1603 1.7366, 4.0982 -0.1358 1.7341, 4.0982 -0.1651 1.7398, 4.0982 -0.1706 1.7417, 4.0982 -0.1964 1.6961, 4.0982 -0.1999 1.7014, 4.0982 -0.2009 1.6886, 4.0982 -0.2019 1.7071, 4.0982 -0.2009 1.6736, 4.0982 -0.1824 1.6532, 4.0982 -0.1457 1.6736, 4.0982 -0.1979 1.6532, 4.0982 -0.2495 1.7479, 4.0982 -0.2019 1.724, 4.0982 -0.2019 1.7479, 4.0982 -0.2019 1.7243, 4.0982 -0.1997 1.7301, 4.0982 -0.1187 1.6843, 4.0982 -0.1223 1.6804, 4.0982 -0.1281 1.6507, 4.0982 -0.1563 1.7321, 4.0982 -0.1529 1.7259, 4.0982 -0.1295 1.7243, 4.0982 -0.15 1.714, 4.0982 -0.1259 1.7009, 4.0982 -0.1254 1.706, 4.0982 -0.1263 1.7149, 4.0982 -0.1877 1.6886, 4.0982 -0.1877 1.689, 4.0982 -0.1913 1.6914, 4.0982 -0.1962 1.7351, 4.0982 -0.1945 1.7368, 4.0982 -0.1899 1.7399, 4.0982 -0.1329 1.6525, 4.0982 -0.1145 1.7176, 4.0982 -0.0466 1.7479, 4.0982 -0.1184 1.7292, 4.0982 -0.1212 1.7341, 4.0982 -0.1848 1.7418, 4.0982 -0.178 1.7425, 4.0982 -0.1857 1.648, 4.0982 -0.1864 1.6462, 4.0982 -0.1545 1.6462, 4.0982 -0.1337 1.6749, 4.0982 -0.1441 1.6525, 4.0982 -0.1132 1.7046, 4.0982 -0.114 1.6957, 4.0982 -0.1159 1.6893, 4.0982 -0.127 1.6773, 4.0982 -0.1383 1.6531, 4.0982 -0.1464 1.6886, 4.0982 -0.1398 1.6891, 4.0982 -0.1344 1.6907, 4.0982 -0.1313 1.6925, 4.0982 -0.1544 1.6464, 4.0982 -0.1519 1.6488, 4.0982 -0.1487 1.6508, 4.0982 -0.1289 1.6947, 4.0982 -0.1272 1.6974, 4.0982 -0.2019 1.6393, 4.0982 -0.2495 1.6462, 4.0982 -0.203 1.6299, 4.0982 -0.2495 1.5913, 4.0982 -0.117 1.5994, 4.0982 -0.1316 1.5994, 4.0982 -0.1836 1.596, 4.0982 -0.1884 1.5978, 4.0982 -0.1924 1.6006, 4.0982 -0.124 1.6479, 4.0982 -0.1225 1.6462, 4.0982 -0.0466 1.6462, 4.0982 -0.12 1.6435, 4.0982 -0.1175 1.6394, 4.0982 -0.1145 1.6312, 4.0982 -0.1132 1.6197, 4.0982 -0.0466 1.5913, 4.0982 -0.1139 1.6101, 4.0982 -0.1634 1.6003, 4.0982 -0.1676 1.5975, 4.0982 -0.172 1.5959, 4.0982 -0.1776 1.5953, 4.0982 -0.1961 1.6049, 4.0982 -0.1987 1.6093, 4.0982 -0.1254 1.6212, 4.0982 -0.1257 1.6256, 4.0982 -0.1369 1.6376, 4.0982 -0.1268 1.6296, 4.0982 -0.1286 1.633, 4.0982 -0.139 1.6375, 4.0982 -0.1413 1.6369, 4.0982 -0.1433 1.6358, 4.0982 -0.1449 1.6343, 4.0982 -0.1482 1.629, 4.0982 -0.1267 1.6106, 4.0982 -0.1523 1.6197, 4.0982 -0.13 1.6021, 4.0982 -0.1547 1.6139, 4.0982 -0.1602 1.6039, 4.0982 -0.1306 1.6353, 4.0982 -0.1325 1.6366, 4.0982 -0.1346 1.6373, 4.0982 -0.1894 1.6386, 4.0982 -0.1632 1.6303, 4.0982 -0.1591 1.6393, 4.0982 -0.1907 1.6284, 4.0982 -0.1907 1.6278, 4.0982 -0.1674 1.6204, 4.0982 -0.1898 1.6201, 4.0982 -0.1791 1.6107, 4.0982 -0.1772 1.6108, 4.0982 -0.1884 1.6162, 4.0982 -0.1876 1.6148, 4.0982 -0.186 1.6131, 4.0982 -0.1841 1.6118, 4.0982 -0.1819 1.611, 4.0982 -0.1749 1.6115, 4.0982 -0.1729 1.6127, 4.0982 -0.1709 1.6146, 4.0982 0.0225 1.3689, 4.0982 0.0225 1.4129, 4.0982 -0.0104 1.3566, 4.0982 -0.0114 1.4129, 4.0982 -0.0104 1.3395, 4.0982 -0.0114 0.1969, 4.0982 0.1107 0.1969, 4.0982 0.1097 1.3852, 4.0982 0.1107 1.4129, 4.0982 0.0225 1.4189, 4.0982 -0.0104 1.4304, 4.0982 -0.0114 1.4509, 4.0982 -0.0104 1.4476, 4.0982 0.1107 1.4509, 4.0982 0.0805 1.4129, 4.0982 0.1097 1.4018, 4.0982 -0.0114 1.497, 4.0982 -0.008 1.4987, 4.0982 -0.0104 1.519, 4.0982 0.1097 1.5177, 4.0982 0.1107 1.497, 4.0982 0.1107 1.5633, 4.0982 -0.0114 1.5633, 4.0982 -0.0104 1.552, 4.0982 0.1097 1.552, 4.0982 0.0896 1.468, 4.0982 0.0791 1.4606, 4.0982 0.0938 1.4723, 4.0982 0.0279 1.458, 4.0982 0.0157 1.4643, 4.0982 0.1077 1.4994, 4.0982 0.1068 1.497, 4.0982 0.1024 1.4849, 4.0982 0.0064 1.4723, 4.0982 -0.0026 1.485, 4.0982 -0.0073 1.497, 4.0982 0.0676 1.4562, 4.0982 0.0512 1.4542, 4.0982 0.0417 1.4548, 4.0982 0.0033 1.5747, 4.0982 -0.0104 1.5747, 4.0982 -0.0114 1.5913, 4.0982 0.0959 1.5774, 4.0982 0.1097 1.5774, 4.0982 0.1107 1.5913, 4.0982 0.1097 1.5913, 4.0982 0.0437 1.5808, 4.0982 0.0437 1.5913, 4.0982 0.0033 1.5913, 4.0982 0.0437 1.6238, 4.0982 0.0033 1.6238, 4.0982 0.0575 1.5808, 4.0982 0.0959 1.5913, 4.0982 0.1097 1.6393, 4.0982 0.1107 1.6462, 4.0982 -0.0104 1.6393, 4.0982 0.2953 0.0, 4.0982 0.4921 0.0, 4.0982 0.2953 0.1969, 4.0982 0.4921 1.4129, 4.0982 -0.0466 0.1969, 4.0982 -0.2009 1.28, 4.0982 -0.2009 1.2971, 4.0982 -0.2009 1.2062, 4.0982 -0.1681 1.2185, 4.0982 -0.1681 1.2685, 4.0982 -0.1489 1.3044, 4.0982 -0.1626 1.3076, 4.0982 -0.0808 1.2514, 4.0982 -0.0808 1.2348, 4.0982 -0.2009 1.1891, 4.0982 -0.1748 1.3139, 4.0982 -0.1841 1.3219, 4.0982 -0.1932 1.3346, 4.0982 -0.0808 1.4016, 4.0982 -0.2009 1.4016, 4.0982 -0.2009 1.3686, 4.0982 -0.1985 1.3483, 4.0982 -0.1393 1.3038, 4.0982 -0.1229 1.3058, 4.0982 -0.0967 1.3219, 4.0982 -0.101 1.3176, 4.0982 -0.1115 1.3102, 4.0982 -0.0808 1.3673, 4.0982 -0.0829 1.349, 4.0982 -0.0881 1.3345, 4.0982 -0.2953 0.1969, 4.0982 -0.2495 0.1969, 4.0982 -0.2495 1.4129, 4.0982 -0.4921 1.4129, 4.0982 -0.4921 0.0, 4.0982 -0.2953 0.0, 4.0982 0.1102 1.6743, 4.0982 0.1068 1.6633, 4.0982 -0.0104 1.5913, 4.0982 0.0906 1.6633, 4.0982 0.0014 1.6943, 4.0982 0.0017 1.6872, 4.0982 -0.0064 1.6654, 4.0982 0.0045 1.6739, 4.0982 0.0094 1.6633, 4.0982 -0.0054 1.6633, 4.0982 0.0955 1.7067, 4.0982 0.0912 1.7162, 4.0982 0.0844 1.7244, 4.0982 0.0922 1.6663, 4.0982 0.0834 1.7253, 4.0982 0.075 1.731, 4.0982 0.0646 1.735, 4.0982 0.0483 1.737, 4.0982 0.0466 1.737, 4.0982 0.0321 1.735, 4.0982 0.0114 1.7224, 4.0982 0.0059 1.7145, 4.0982 0.0027 1.7058, 4.0982 0.0964 1.6787, 4.0982 0.0977 1.6916, 4.0982 0.0975 1.6963, 4.0982 0.0223 1.7311, 4.0982 0.014 1.7252, 4.0982 0.1117 1.6918, 4.0982 0.4921 1.7479, 4.0982 0.4921 1.6462, 4.0982 0.1117 1.6896, 4.0982 0.1107 1.6798, 4.0982 0.1048 1.7216, 4.0982 0.0843 1.7436, 4.0982 0.094 1.7359, 4.0982 0.0966 1.7332, 4.0982 0.0201 1.7479, 4.0982 0.028 1.7509, 4.0982 -0.0114 1.7551, 4.0982 0.0474 1.7532, 4.0982 0.056 1.7528, 4.0982 0.1107 1.7551, 4.0982 0.0713 1.7497, 4.0982 0.0752 1.7479, 4.0982 -0.0035 1.729, 4.0982 0.004 1.7378, 4.0982 -0.0114 1.7479, 4.0982 0.0052 1.7389, 4.0982 0.0154 1.7461, 4.0982 -0.0124 1.6966, 4.0982 -0.012 1.705, 4.0982 -0.0114 1.7074, 4.0982 -0.0091 1.7178, 4.0982 -0.2021 1.7075, 4.0982 -0.203 1.7153, 4.0982 -0.1152 1.5207, 4.0982 -0.1152 1.5051, 4.0982 -0.0466 1.497, 4.0982 -0.0808 1.4509, 4.0982 -0.0466 1.4509, 4.0982 -0.2019 1.5393, 4.0982 -0.1796 1.5482, 4.0982 -0.1867 1.5463, 4.0982 -0.1867 1.546, 4.0982 -0.0466 1.5633, 4.0982 -0.136 1.5633, 4.0982 -0.1797 1.5441, 4.0982 -0.1837 1.5453, 4.0982 -0.1764 1.5633, 4.0982 -0.1152 1.5874, 4.0982 -0.1152 1.5706, 4.0982 -0.2019 1.5543, 4.0982 -0.2007 1.5538, 4.0982 -0.2218 1.5633, 4.0982 -0.2217 1.5633, 4.0982 -0.2019 1.5633, 4.0982 -0.2163 1.5604, 4.0982 -0.2267 1.5843, 4.0982 -0.2401 1.5843, 4.0982 -0.2277 1.5812, 4.0982 -0.2284 1.5758, 4.0982 -0.228 1.5722, 4.0982 -0.2387 1.5633, 4.0982 -0.2406 1.5685, 4.0982 -0.2495 1.5633, 4.0982 -0.2413 1.5746, 4.0982 -0.2412 1.5779, 4.0982 -0.2268 1.5689, 4.0982 -0.2249 1.5661, 4.0982 -0.2139 1.544, 4.0982 -0.2272 1.5508, 4.0982 -0.2495 1.497, 4.0982 -0.2338 1.5563, 4.0982 -0.2347 1.5574, 4.0982 -0.2384 1.5626, 4.0982 -0.2495 3.3465, 4.0982 -0.2019 3.3465, 4.0982 -0.0466 3.3465, 4.0982 -0.0114 3.3465, 4.0982 0.1107 3.3465, 4.0982 0.4921 3.3465, 4.0982 0.1097 1.806, 4.0982 0.0033 1.7582, 4.0982 -0.0104 1.7582, 4.0982 -0.0104 1.8215, 4.0982 0.0033 1.806, 4.0982 0.1097 1.8215, 4.0982 -0.0946 1.806, 4.0982 -0.1331 1.806, 4.0982 -0.0946 1.7596, 4.0982 -0.1331 1.763, 4.0982 -0.1468 1.763, 4.0982 -0.1468 1.806, 4.0982 -0.1872 1.806, 4.0982 -0.1872 1.7569, 4.0982 -0.2019 1.7551, 4.0982 -0.2009 1.7569, 4.0982 -0.2009 1.8215, 4.0982 -0.0808 1.8215, 4.0982 -0.0808 1.7596, 4.0982 0.4921 1.7551, 4.0982 0.4921 1.4509, 4.0982 0.4921 1.497, 4.0982 0.4921 1.5633, 4.0982 0.4921 1.5913, 4.0982 -0.2495 1.4509, 4.0982 -0.4921 1.4509, 4.0982 -0.4921 1.497, 4.0982 -0.4921 1.5633, 4.0982 -0.4921 1.5913, 4.0982 -0.4921 1.6462, 4.0982 -0.4921 1.7479, 4.0982 -0.4921 1.7551, 3.8935 0.1673 3.018, 3.8935 -0.1673 3.018, 3.6671 0.1673 3.018, 3.6671 -0.1673 3.018, 2.8935 0.1673 3.018, 2.8935 -0.1673 3.018, 2.6671 0.1673 3.018, 2.6671 -0.1673 3.018, 1.8935 0.1673 3.018, 1.8935 -0.1673 3.018, 1.6671 0.1673 3.018, 1.6671 -0.1673 3.018, 0.8935 0.1673 3.018, 0.8935 -0.1673 3.018, 0.6671 0.1673 3.018, 0.6671 -0.1673 3.018, -0.1065 0.1673 3.018, -0.1065 -0.1673 3.018, -0.3329 0.1673 3.018, -0.3329 -0.1673 3.018, -1.1065 0.1673 3.018, -1.1065 -0.1673 3.018, -1.3329 0.1673 3.018, -1.3329 -0.1673 3.018, -2.1065 0.1673 3.018, -2.1065 -0.1673 3.018, -2.3329 0.1673 3.018, -2.3329 -0.1673 3.018, -4.0986 -0.4134 3.3465, -4.0986 -0.4921 3.3465, -3.9667 -0.4921 3.3465, -3.9667 -0.4134 3.3465, -4.0986 0.4921 3.3465, -3.9667 0.4921 3.3465, -3.1656 0.3346 3.3465, -3.0002 0.4921 3.3465, -3.8348 0.3346 3.3465, -3.8348 -0.3346 3.3465, -3.1656 -0.3346 3.3465, -3.0002 -0.4134 3.3465, -2.1656 0.3346 3.3465, -2.0002 0.4921 3.3465, -2.8348 0.3346 3.3465, -2.8348 -0.3346 3.3465, -2.1656 -0.3346 3.3465, -2.0002 -0.4134 3.3465, -1.1656 0.3346 3.3465, -1.0002 0.4921 3.3465, -1.8348 0.3346 3.3465, -1.8348 -0.3346 3.3465, -1.1656 -0.3346 3.3465, -1.0002 -0.4134 3.3465, -0.1656 0.3346 3.3465, -0.0002 0.4921 3.3465, -0.8348 0.3346 3.3465, -0.8348 -0.3346 3.3465, -0.1656 -0.3346 3.3465, -0.0002 -0.4134 3.3465, 0.8344 0.3346 3.3465, 0.9998 0.4921 3.3465, 0.1652 0.3346 3.3465, 0.1652 -0.3346 3.3465, 0.8344 -0.3346 3.3465, 0.9998 -0.4134 3.3465, 1.8344 0.3346 3.3465, 1.9998 0.4921 3.3465, 1.1652 0.3346 3.3465, 1.1652 -0.3346 3.3465, 1.8344 -0.3346 3.3465, 1.9998 -0.4134 3.3465, 2.8344 0.3346 3.3465, 2.9998 0.4921 3.3465, 2.1652 0.3346 3.3465, 2.1652 -0.3346 3.3465, 2.8344 -0.3346 3.3465, 2.9998 -0.4134 3.3465, 3.8344 -0.3346 3.3465, 3.8344 0.3346 3.3465, 3.1652 0.3346 3.3465, 3.1652 -0.3346 3.3465, -3.0002 -0.4921 3.3465, -2.0002 -0.4921 3.3465, -1.0002 -0.4921 3.3465, -0.0002 -0.4921 3.3465, 0.9998 -0.4921 3.3465, 1.9998 -0.4921 3.3465, 2.9998 -0.4921 3.3465, 3.8935 0.1673 0.1969, 3.1061 0.1673 0.1969, 2.9998 0.2953 0.1969, -4.0986 -0.2953 0.1969, -4.0986 -0.2313 0.1969, -3.9963 -0.2953 0.1969, -3.9963 -0.2313 0.1969, -3.0002 -0.2953 0.1969, -3.0002 -0.2313 0.1969, -2.0002 -0.2953 0.1969, -2.0002 -0.2313 0.1969, -1.0002 -0.2953 0.1969, -1.0002 -0.2313 0.1969, -0.0002 -0.2953 0.1969, -0.0002 -0.2313 0.1969, 0.9998 -0.2953 0.1969, 0.9998 -0.2313 0.1969, 1.9998 -0.2953 0.1969, 1.9998 -0.2313 0.1969, 2.9998 -0.2953 0.1969, 2.9998 -0.2313 0.1969, 3.1061 -0.1673 0.1969, 3.8935 -0.1673 0.1969, 2.8935 0.1673 0.1969, 2.8935 -0.1673 0.1969, 2.1061 -0.1673 0.1969, 2.1061 0.1673 0.1969, 1.9998 0.2953 0.1969, 1.8935 0.1673 0.1969, 1.8935 -0.1673 0.1969, 1.1061 -0.1673 0.1969, 1.1061 0.1673 0.1969, 0.9998 0.2953 0.1969, 0.8935 0.1673 0.1969, 0.8935 -0.1673 0.1969, 0.1061 -0.1673 0.1969, 0.1061 0.1673 0.1969, -0.0002 0.2953 0.1969, -0.1065 0.1673 0.1969, -0.1065 -0.1673 0.1969, -0.8939 -0.1673 0.1969, -0.8939 0.1673 0.1969, -1.0002 0.2953 0.1969, -1.1065 0.1673 0.1969, -1.1065 -0.1673 0.1969, -1.8939 -0.1673 0.1969, -1.8939 0.1673 0.1969, -2.0002 0.2953 0.1969, -2.1065 0.1673 0.1969, -2.1065 -0.1673 0.1969, -2.8939 -0.1673 0.1969, -2.8939 0.1673 0.1969, -3.0002 0.2953 0.1969, -3.8939 0.1673 0.1969, -3.8939 -0.1673 0.1969, -3.1065 -0.1673 0.1969, -3.1065 0.1673 0.1969, -3.9963 0.2953 0.1969, -4.0986 0.2953 0.1969, -3.1065 0.1673 3.018, -3.1065 -0.1673 3.018, -3.3329 0.1673 3.018, -3.3329 -0.1673 3.018, -4.0986 -0.2953 0.0, -4.0986 -0.4921 0.0, -4.0986 0.2953 0.0, -4.0986 0.4921 0.0, -3.8939 -0.1673 3.018, -3.6675 -0.1673 3.018, -3.3329 -0.1673 3.1791, -3.6675 -0.1673 3.1791, -3.8939 0.1673 3.018, -3.6675 0.1673 3.018, -3.6675 0.1673 3.1791, -3.3329 0.1673 3.1791, 3.1061 -0.1673 3.018, 3.3325 -0.1673 3.018, 3.6671 -0.1673 3.1791, 3.3325 -0.1673 3.1791, 3.1061 0.1673 3.018, 3.3325 0.1673 3.018, 3.3325 0.1673 3.1791, 3.6671 0.1673 3.1791, 2.1061 -0.1673 3.018, 2.3325 -0.1673 3.018, 2.6671 -0.1673 3.1791, 2.3325 -0.1673 3.1791, 2.1061 0.1673 3.018, 2.3325 0.1673 3.018, 2.3325 0.1673 3.1791, 2.6671 0.1673 3.1791, 1.1061 -0.1673 3.018, 1.3325 -0.1673 3.018, 1.6671 -0.1673 3.1791, 1.3325 -0.1673 3.1791, 1.1061 0.1673 3.018, 1.3325 0.1673 3.018, 1.3325 0.1673 3.1791, 1.6671 0.1673 3.1791, 0.1061 -0.1673 3.018, 0.3325 -0.1673 3.018, 0.6671 -0.1673 3.1791, 0.3325 -0.1673 3.1791, 0.1061 0.1673 3.018, 0.3325 0.1673 3.018, 0.3325 0.1673 3.1791, 0.6671 0.1673 3.1791, -0.8939 -0.1673 3.018, -0.6675 -0.1673 3.018, -0.3329 -0.1673 3.1791, -0.6675 -0.1673 3.1791, -0.8939 0.1673 3.018, -0.6675 0.1673 3.018, -0.6675 0.1673 3.1791, -0.3329 0.1673 3.1791, -1.8939 -0.1673 3.018, -1.6675 -0.1673 3.018, -1.3329 -0.1673 3.1791, -1.6675 -0.1673 3.1791, -1.8939 0.1673 3.018, -1.6675 0.1673 3.018, -1.6675 0.1673 3.1791, -1.3329 0.1673 3.1791, -2.8939 -0.1673 3.018, -2.6675 -0.1673 3.018, -2.3329 -0.1673 3.1791, -2.6675 -0.1673 3.1791, -2.8939 0.1673 3.018, -2.6675 0.1673 3.018, -2.6675 0.1673 3.1791, -2.3329 0.1673 3.1791
            ]
        }
        coordIndex [
            0,1,2,-1,3,4,5,-1,6,7,8,-1,9,10,11,-1,12,13,14,-1,15,16,17,-1,18,19,20,-1,21,22,23,-1,24,25,26,-1,27,28,29,-1,30,31,32,-1,32,31,3,-1,33,34,32,-1,32,34,35,-1,35,36,32,-1,32,36,37,-1,32,37,30,-1,38,39,40,-1,41,42,43,-1,43,42,40,-1,40,42,44,-1,40,44,38,-1,41,43,45,-1,45,43,46,-1,45,46,47,-1,48,49,46,-1,46,49,50,-1,46,50,51,-1,46,52,47,-1,47,52,53,-1,47,53,54,-1,54,53,55,-1,54,55,56,-1,51,57,46,-1,46,57,58,-1,46,58,52,-1,59,60,61,-1,59,61,62,-1,60,63,61,-1,61,63,64,-1,61,64,65,-1,65,64,66,-1,66,67,65,-1,65,67,68,-1,65,68,48,-1,48,68,69,-1,48,69,49,-1,70,71,72,-1,72,71,73,-1,74,62,75,-1,75,62,61,-1,75,61,76,-1,76,61,72,-1,76,72,77,-1,77,72,73,-1,78,8,79,-1,79,8,80,-1,79,80,81,-1,0,82,1,-1,1,82,83,-1,1,83,84,-1,84,85,1,-1,1,85,86,-1,1,86,87,-1,88,89,4,-1,90,91,92,-1,93,94,0,-1,95,96,97,-1,97,96,98,-1,90,92,99,-1,93,0,100,-1,101,102,96,-1,96,102,103,-1,96,103,104,-1,4,89,0,-1,0,89,105,-1,0,105,100,-1,91,106,92,-1,92,106,107,-1,92,107,108,-1,109,110,111,-1,111,110,112,-1,111,112,113,-1,114,104,115,-1,115,104,116,-1,115,116,111,-1,111,116,117,-1,111,117,109,-1,114,118,104,-1,104,118,119,-1,104,119,96,-1,96,119,120,-1,96,120,98,-1,121,122,123,-1,123,122,124,-1,123,124,92,-1,92,124,125,-1,92,125,99,-1,126,127,92,-1,92,127,128,-1,92,128,96,-1,96,128,129,-1,96,129,101,-1,130,131,82,-1,82,131,132,-1,82,132,133,-1,133,134,82,-1,82,134,135,-1,82,135,136,-1,136,135,121,-1,136,121,137,-1,137,121,123,-1,94,138,0,-1,0,138,139,-1,0,139,82,-1,82,139,140,-1,82,140,130,-1,108,141,92,-1,92,141,142,-1,92,142,143,-1,143,144,92,-1,92,144,145,-1,92,145,126,-1,146,147,148,-1,148,104,146,-1,146,104,103,-1,146,103,149,-1,149,103,150,-1,150,151,149,-1,149,151,152,-1,149,152,153,-1,154,155,156,-1,155,157,156,-1,156,157,158,-1,156,158,159,-1,160,156,161,-1,147,146,160,-1,160,146,162,-1,160,162,156,-1,156,162,163,-1,156,163,154,-1,161,164,160,-1,160,164,165,-1,160,165,166,-1,159,158,167,-1,167,158,168,-1,167,168,169,-1,169,168,170,-1,169,170,171,-1,172,173,166,-1,166,173,174,-1,166,174,160,-1,31,175,3,-1,3,175,176,-1,3,176,4,-1,4,176,177,-1,4,177,88,-1,178,179,17,-1,17,180,181,-1,181,180,182,-1,17,179,183,-1,184,185,186,-1,186,185,187,-1,186,187,188,-1,186,178,184,-1,184,178,17,-1,184,17,189,-1,189,17,181,-1,189,181,29,-1,29,181,190,-1,29,190,27,-1,179,191,183,-1,183,191,192,-1,183,192,193,-1,193,192,194,-1,195,196,197,-1,197,196,198,-1,199,200,201,-1,201,200,202,-1,201,202,203,-1,204,205,206,-1,206,205,203,-1,206,203,25,-1,207,208,209,-1,209,208,210,-1,209,210,211,-1,212,213,214,-1,195,215,196,-1,196,215,216,-1,196,216,217,-1,217,216,218,-1,219,220,218,-1,218,220,221,-1,218,221,217,-1,222,223,201,-1,201,223,224,-1,201,224,199,-1,211,225,209,-1,209,225,226,-1,209,226,227,-1,214,213,228,-1,229,230,231,-1,231,230,232,-1,227,233,209,-1,209,233,234,-1,209,234,230,-1,230,234,198,-1,230,198,232,-1,232,198,196,-1,235,236,237,-1,238,205,239,-1,229,240,230,-1,230,240,241,-1,230,241,242,-1,213,243,228,-1,228,243,238,-1,228,238,244,-1,244,238,239,-1,245,246,218,-1,218,246,247,-1,218,247,248,-1,235,237,204,-1,237,249,204,-1,204,249,250,-1,204,250,205,-1,205,250,251,-1,205,251,239,-1,248,252,218,-1,218,252,253,-1,218,253,219,-1,24,26,254,-1,254,26,255,-1,254,255,256,-1,256,255,22,-1,22,255,257,-1,22,257,23,-1,258,259,23,-1,260,261,23,-1,23,261,262,-1,263,264,265,-1,265,264,266,-1,265,266,267,-1,267,268,265,-1,265,268,269,-1,265,269,270,-1,270,269,271,-1,270,271,258,-1,272,273,259,-1,259,273,274,-1,259,274,23,-1,23,274,275,-1,23,275,260,-1,262,276,23,-1,23,276,277,-1,23,277,21,-1,278,279,280,-1,280,279,281,-1,280,281,282,-1,280,283,278,-1,278,283,284,-1,278,284,285,-1,285,286,278,-1,278,286,287,-1,278,287,288,-1,288,287,289,-1,288,289,290,-1,290,289,291,-1,290,291,259,-1,259,291,292,-1,259,292,272,-1,293,294,282,-1,282,294,295,-1,282,295,280,-1,296,297,236,-1,236,297,298,-1,236,298,237,-1,296,299,297,-1,297,299,300,-1,297,300,301,-1,301,300,302,-1,301,303,304,-1,302,305,301,-1,301,305,306,-1,301,306,307,-1,307,308,301,-1,301,308,309,-1,301,309,303,-1,304,310,301,-1,301,310,311,-1,301,311,312,-1,313,314,315,-1,315,314,316,-1,315,316,317,-1,318,319,320,-1,320,319,321,-1,314,322,316,-1,316,322,323,-1,316,323,324,-1,324,323,325,-1,324,325,326,-1,326,325,327,-1,326,327,321,-1,321,327,328,-1,321,328,320,-1,329,330,331,-1,332,333,334,-1,329,331,335,-1,335,331,336,-1,335,336,334,-1,334,336,337,-1,334,337,332,-1,338,339,326,-1,338,326,340,-1,324,341,342,-1,332,343,333,-1,333,343,344,-1,333,344,326,-1,326,344,345,-1,326,345,340,-1,342,346,324,-1,324,346,347,-1,324,347,329,-1,329,347,348,-1,329,348,330,-1,339,349,326,-1,326,349,350,-1,326,350,324,-1,324,350,351,-1,324,351,341,-1,334,352,335,-1,335,352,353,-1,335,353,354,-1,355,334,356,-1,356,334,357,-1,356,357,358,-1,359,360,361,-1,361,360,362,-1,361,362,363,-1,361,352,359,-1,359,352,334,-1,359,334,364,-1,364,334,355,-1,364,355,20,-1,20,355,365,-1,20,365,18,-1,358,357,366,-1,366,357,367,-1,366,367,368,-1,369,370,371,-1,371,370,372,-1,371,372,319,-1,320,317,318,-1,318,317,316,-1,318,316,373,-1,374,375,17,-1,376,377,378,-1,379,380,375,-1,180,381,382,-1,378,374,376,-1,376,374,17,-1,376,17,383,-1,383,17,16,-1,383,16,382,-1,382,16,373,-1,382,373,180,-1,380,384,375,-1,375,384,385,-1,375,385,386,-1,387,180,388,-1,388,180,17,-1,388,17,389,-1,389,17,375,-1,389,375,390,-1,390,375,386,-1,379,375,391,-1,391,375,381,-1,391,381,392,-1,393,394,381,-1,381,394,395,-1,381,395,392,-1,387,396,180,-1,180,396,397,-1,180,397,381,-1,381,397,398,-1,381,398,393,-1,399,400,401,-1,401,400,15,-1,402,403,399,-1,399,403,404,-1,405,406,367,-1,353,407,354,-1,354,407,368,-1,354,368,14,-1,14,368,367,-1,14,367,408,-1,408,367,406,-1,409,410,408,-1,12,14,411,-1,410,412,408,-1,408,412,413,-1,408,413,14,-1,14,413,414,-1,14,414,411,-1,415,416,417,-1,418,419,408,-1,408,419,420,-1,408,420,421,-1,421,422,408,-1,408,422,423,-1,408,423,424,-1,425,426,408,-1,408,426,427,-1,408,427,409,-1,418,428,419,-1,419,428,429,-1,419,429,417,-1,417,429,430,-1,417,430,415,-1,424,431,408,-1,408,431,432,-1,408,432,425,-1,10,433,434,-1,434,433,435,-1,435,433,436,-1,435,436,437,-1,9,11,438,-1,439,440,11,-1,11,440,441,-1,11,441,438,-1,442,443,444,-1,445,446,447,-1,447,446,448,-1,447,448,11,-1,11,448,449,-1,11,449,439,-1,450,451,452,-1,452,451,453,-1,452,453,454,-1,455,456,230,-1,230,456,457,-1,230,457,452,-1,452,457,458,-1,452,458,450,-1,212,214,242,-1,242,214,263,-1,242,263,230,-1,230,263,265,-1,230,265,455,-1,25,203,26,-1,26,203,202,-1,26,202,255,-1,255,202,459,-1,255,459,207,-1,207,459,460,-1,207,460,208,-1,461,462,463,-1,182,180,464,-1,464,180,465,-1,464,465,194,-1,194,465,463,-1,194,463,193,-1,193,463,462,-1,193,462,466,-1,467,468,469,-1,463,470,461,-1,461,470,471,-1,461,471,472,-1,472,471,467,-1,472,467,473,-1,473,467,469,-1,474,475,23,-1,258,23,270,-1,270,23,475,-1,270,475,470,-1,470,475,476,-1,470,476,471,-1,477,478,474,-1,479,480,481,-1,481,480,482,-1,481,482,477,-1,477,474,481,-1,481,474,23,-1,481,23,483,-1,483,23,257,-1,483,257,484,-1,483,485,481,-1,481,485,486,-1,481,486,487,-1,488,489,490,-1,490,489,491,-1,490,491,257,-1,257,491,492,-1,257,492,484,-1,487,493,481,-1,481,493,494,-1,481,494,479,-1,495,496,497,-1,496,498,497,-1,497,498,499,-1,497,499,490,-1,490,499,500,-1,490,500,488,-1,501,72,502,-1,502,72,61,-1,502,61,503,-1,503,61,65,-1,503,65,504,-1,504,65,48,-1,504,48,505,-1,505,48,46,-1,505,46,506,-1,506,46,43,-1,501,6,72,-1,72,6,8,-1,72,8,70,-1,70,8,78,-1,507,447,32,-1,508,509,444,-1,444,509,510,-1,443,445,444,-1,444,445,447,-1,444,447,508,-1,508,447,507,-1,508,507,511,-1,5,444,3,-1,3,444,510,-1,3,510,32,-1,32,510,512,-1,32,512,507,-1,513,514,515,-1,515,514,516,-1,515,516,517,-1,518,519,517,-1,517,519,520,-1,517,520,515,-1,515,520,5,-1,5,520,521,-1,521,520,522,-1,521,522,523,-1,2,521,0,-1,0,521,523,-1,0,523,4,-1,4,523,524,-1,4,524,5,-1,5,524,525,-1,5,525,515,-1,10,434,11,-1,11,434,526,-1,11,526,447,-1,447,526,40,-1,447,40,32,-1,32,40,39,-1,32,39,33,-1,2,207,521,-1,521,207,209,-1,521,209,5,-1,5,209,230,-1,5,230,444,-1,444,230,452,-1,444,452,442,-1,442,452,454,-1,319,372,321,-1,321,372,527,-1,321,527,326,-1,326,527,528,-1,326,528,333,-1,333,528,529,-1,333,529,334,-1,334,529,530,-1,334,530,357,-1,357,530,435,-1,357,435,367,-1,367,435,437,-1,367,437,405,-1,373,316,180,-1,180,316,324,-1,180,324,465,-1,465,324,329,-1,465,329,463,-1,463,329,335,-1,463,335,470,-1,470,335,354,-1,470,354,270,-1,270,354,14,-1,270,14,265,-1,265,14,13,-1,265,13,455,-1,15,17,401,-1,401,17,183,-1,401,183,531,-1,531,183,193,-1,531,193,497,-1,497,193,466,-1,497,466,495,-1,399,401,402,-1,402,401,531,-1,402,531,532,-1,532,531,497,-1,532,497,533,-1,533,497,490,-1,533,490,534,-1,534,490,257,-1,534,257,535,-1,535,257,255,-1,535,255,536,-1,536,255,207,-1,536,207,537,-1,537,207,2,-1,537,2,538,-1,538,2,1,-1,538,1,80,-1,80,1,87,-1,80,87,81,-1,539,540,541,-1,541,540,542,-1,543,544,545,-1,545,544,546,-1,547,548,549,-1,549,548,550,-1,551,552,553,-1,553,552,554,-1,555,556,557,-1,557,556,558,-1,559,560,561,-1,561,560,562,-1,563,564,565,-1,565,564,566,-1,567,568,569,-1,567,570,571,-1,571,570,572,-1,573,574,575,-1,575,574,572,-1,575,572,576,-1,576,572,570,-1,576,570,577,-1,577,570,578,-1,577,578,573,-1,573,578,574,-1,579,580,581,-1,581,580,574,-1,581,574,582,-1,582,574,578,-1,582,578,583,-1,583,578,584,-1,583,584,579,-1,579,584,580,-1,585,586,587,-1,587,586,580,-1,587,580,588,-1,588,580,584,-1,588,584,589,-1,589,584,590,-1,589,590,585,-1,585,590,586,-1,591,592,593,-1,593,592,586,-1,593,586,594,-1,594,586,590,-1,594,590,595,-1,595,590,596,-1,595,596,591,-1,591,596,592,-1,597,598,599,-1,599,598,592,-1,599,592,600,-1,600,592,596,-1,600,596,601,-1,601,596,602,-1,601,602,597,-1,597,602,598,-1,603,604,605,-1,605,604,598,-1,605,598,606,-1,606,598,602,-1,606,602,607,-1,607,602,608,-1,607,608,603,-1,603,608,604,-1,609,610,611,-1,611,610,604,-1,611,604,612,-1,612,604,608,-1,612,608,613,-1,613,608,614,-1,613,614,609,-1,609,614,610,-1,615,501,502,-1,502,503,615,-1,615,503,504,-1,615,504,616,-1,504,505,616,-1,616,505,506,-1,616,506,617,-1,617,506,610,-1,617,610,618,-1,618,610,614,-1,618,614,615,-1,615,614,6,-1,615,6,501,-1,567,569,570,-1,570,569,619,-1,570,619,578,-1,578,619,620,-1,578,620,584,-1,584,620,621,-1,584,621,590,-1,590,621,622,-1,590,622,596,-1,596,622,623,-1,596,623,602,-1,602,623,624,-1,602,624,608,-1,608,624,625,-1,608,625,614,-1,614,625,7,-1,614,7,6,-1,626,627,628,-1,629,630,631,-1,631,630,632,-1,631,632,633,-1,633,632,634,-1,633,634,635,-1,635,634,636,-1,635,636,637,-1,637,636,638,-1,637,638,639,-1,639,638,640,-1,639,640,641,-1,641,640,642,-1,641,642,643,-1,643,642,644,-1,643,644,645,-1,645,644,646,-1,628,627,646,-1,646,627,647,-1,646,647,648,-1,628,371,626,-1,626,371,319,-1,626,319,648,-1,648,319,318,-1,648,318,373,-1,399,645,400,-1,400,645,646,-1,400,646,15,-1,15,646,648,-1,15,648,16,-1,16,648,373,-1,649,628,650,-1,650,628,646,-1,650,646,651,-1,651,646,644,-1,651,644,652,-1,652,644,653,-1,652,653,649,-1,649,653,628,-1,654,653,655,-1,655,653,644,-1,655,644,656,-1,656,644,642,-1,656,642,657,-1,657,642,658,-1,657,658,654,-1,654,658,653,-1,659,658,660,-1,660,658,642,-1,660,642,661,-1,661,642,640,-1,661,640,662,-1,662,640,663,-1,662,663,659,-1,659,663,658,-1,664,663,665,-1,665,663,640,-1,665,640,666,-1,666,640,638,-1,666,638,667,-1,667,638,668,-1,667,668,664,-1,664,668,663,-1,669,668,670,-1,670,668,638,-1,670,638,671,-1,671,638,636,-1,671,636,672,-1,672,636,673,-1,672,673,669,-1,669,673,668,-1,674,673,675,-1,675,673,636,-1,675,636,676,-1,676,636,634,-1,676,634,677,-1,677,634,678,-1,677,678,674,-1,674,678,673,-1,679,680,632,-1,632,680,634,-1,634,680,681,-1,634,681,678,-1,678,681,682,-1,678,682,683,-1,630,684,632,-1,632,684,683,-1,632,683,679,-1,679,683,682,-1,685,686,687,-1,687,686,688,-1,404,403,689,-1,689,403,690,-1,691,692,369,-1,369,692,370,-1,692,691,684,-1,689,690,629,-1,629,690,568,-1,629,568,630,-1,630,568,567,-1,630,567,684,-1,684,567,571,-1,684,571,692,-1,571,572,43,-1,43,572,574,-1,43,574,580,-1,43,40,571,-1,571,40,526,-1,571,526,692,-1,692,526,434,-1,692,434,435,-1,580,586,43,-1,43,586,592,-1,43,592,598,-1,598,604,43,-1,43,604,610,-1,43,610,506,-1,435,530,692,-1,692,530,529,-1,692,529,528,-1,528,527,692,-1,692,527,372,-1,692,372,370,-1,690,403,402,-1,532,625,402,-1,402,625,624,-1,402,624,690,-1,690,624,623,-1,532,533,625,-1,625,533,534,-1,625,534,535,-1,623,622,690,-1,690,622,621,-1,690,621,620,-1,620,619,690,-1,690,619,569,-1,690,569,568,-1,535,536,625,-1,625,536,537,-1,625,537,538,-1,538,80,625,-1,625,80,8,-1,625,8,7,-1,629,631,689,-1,689,631,633,-1,689,633,635,-1,635,637,689,-1,689,637,639,-1,689,639,404,-1,404,639,641,-1,641,643,404,-1,404,643,645,-1,404,645,399,-1,371,628,369,-1,369,628,653,-1,653,658,369,-1,369,658,663,-1,369,663,691,-1,691,663,668,-1,691,668,673,-1,673,678,691,-1,691,678,683,-1,691,683,684,-1,680,693,681,-1,681,693,694,-1,686,681,688,-1,688,681,694,-1,688,694,695,-1,695,694,696,-1,682,685,679,-1,679,685,687,-1,697,679,698,-1,698,679,687,-1,698,687,699,-1,699,687,700,-1,697,693,679,-1,679,693,680,-1,685,682,686,-1,686,682,681,-1,694,693,698,-1,698,693,697,-1,695,696,577,-1,577,696,576,-1,573,575,700,-1,700,575,699,-1,696,694,699,-1,699,694,698,-1,700,687,695,-1,695,687,688,-1,576,696,575,-1,575,696,699,-1,695,577,700,-1,700,577,573,-1,647,701,648,-1,648,701,702,-1,540,648,542,-1,542,648,702,-1,542,702,703,-1,703,702,704,-1,626,539,627,-1,627,539,541,-1,705,627,706,-1,706,627,541,-1,706,541,707,-1,707,541,708,-1,705,701,627,-1,627,701,647,-1,539,626,540,-1,540,626,648,-1,702,701,706,-1,706,701,705,-1,651,709,650,-1,650,709,710,-1,544,650,546,-1,546,650,710,-1,546,710,711,-1,711,710,712,-1,649,543,652,-1,652,543,545,-1,713,652,714,-1,714,652,545,-1,714,545,715,-1,715,545,716,-1,713,709,652,-1,652,709,651,-1,543,649,544,-1,544,649,650,-1,710,709,714,-1,714,709,713,-1,656,717,655,-1,655,717,718,-1,548,655,550,-1,550,655,718,-1,550,718,719,-1,719,718,720,-1,654,547,657,-1,657,547,549,-1,721,657,722,-1,722,657,549,-1,722,549,723,-1,723,549,724,-1,721,717,657,-1,657,717,656,-1,547,654,548,-1,548,654,655,-1,718,717,722,-1,722,717,721,-1,661,725,660,-1,660,725,726,-1,552,660,554,-1,554,660,726,-1,554,726,727,-1,727,726,728,-1,659,551,662,-1,662,551,553,-1,729,662,730,-1,730,662,553,-1,730,553,731,-1,731,553,732,-1,729,725,662,-1,662,725,661,-1,551,659,552,-1,552,659,660,-1,726,725,730,-1,730,725,729,-1,666,733,665,-1,665,733,734,-1,556,665,558,-1,558,665,734,-1,558,734,735,-1,735,734,736,-1,664,555,667,-1,667,555,557,-1,737,667,738,-1,738,667,557,-1,738,557,739,-1,739,557,740,-1,737,733,667,-1,667,733,666,-1,555,664,556,-1,556,664,665,-1,734,733,738,-1,738,733,737,-1,671,741,670,-1,670,741,742,-1,560,670,562,-1,562,670,742,-1,562,742,743,-1,743,742,744,-1,669,559,672,-1,672,559,561,-1,745,672,746,-1,746,672,561,-1,746,561,747,-1,747,561,748,-1,745,741,672,-1,672,741,671,-1,559,669,560,-1,560,669,670,-1,742,741,746,-1,746,741,745,-1,676,749,675,-1,675,749,750,-1,564,675,566,-1,566,675,750,-1,566,750,751,-1,751,750,752,-1,674,563,677,-1,677,563,565,-1,753,677,754,-1,754,677,565,-1,754,565,755,-1,755,565,756,-1,753,749,677,-1,677,749,676,-1,563,674,564,-1,564,674,675,-1,750,749,754,-1,754,749,753,-1,703,704,615,-1,615,704,618,-1,616,617,708,-1,708,617,707,-1,704,702,707,-1,707,702,706,-1,708,541,703,-1,703,541,542,-1,711,712,613,-1,613,712,612,-1,609,611,716,-1,716,611,715,-1,712,710,715,-1,715,710,714,-1,716,545,711,-1,711,545,546,-1,719,720,607,-1,607,720,606,-1,603,605,724,-1,724,605,723,-1,720,718,723,-1,723,718,722,-1,724,549,719,-1,719,549,550,-1,727,728,601,-1,601,728,600,-1,597,599,732,-1,732,599,731,-1,728,726,731,-1,731,726,730,-1,732,553,727,-1,727,553,554,-1,735,736,595,-1,595,736,594,-1,591,593,740,-1,740,593,739,-1,736,734,739,-1,739,734,738,-1,740,557,735,-1,735,557,558,-1,743,744,589,-1,589,744,588,-1,585,587,748,-1,748,587,747,-1,744,742,747,-1,747,742,746,-1,748,561,743,-1,743,561,562,-1,751,752,583,-1,583,752,582,-1,579,581,756,-1,756,581,755,-1,752,750,755,-1,755,750,754,-1,756,565,751,-1,751,565,566,-1,582,752,581,-1,581,752,755,-1,751,583,756,-1,756,583,579,-1,588,744,587,-1,587,744,747,-1,743,589,748,-1,748,589,585,-1,594,736,593,-1,593,736,739,-1,735,595,740,-1,740,595,591,-1,600,728,599,-1,599,728,731,-1,727,601,732,-1,732,601,597,-1,606,720,605,-1,605,720,723,-1,719,607,724,-1,724,607,603,-1,612,712,611,-1,611,712,715,-1,711,613,716,-1,716,613,609,-1,618,704,617,-1,617,704,707,-1,703,615,708,-1,708,615,616,-1,
        ]
    }
}
Shape{
    appearance Appearance {
        material  Material 	{
            diffuseColor 1.0 1.0 1.0
            specularColor 0.5019607843137255 0.5019607843137255 0.5019607843137255
            ambientIntensity 1.0
            transparency 0.0
            shininess 0.5
        }
    }
    geometry IndexedFaceSet {
        ccw TRUE
        solid FALSE
        coord DEF co Coordinate {
            point [
                4.0986 0.0033 1.7582, 4.0986 -0.0104 1.7582, 4.0982 0.0033 1.7582, 4.0982 -0.0104 1.7582, 4.0986 0.0033 1.806, 4.0982 0.0033 1.806, 4.0986 0.1097 1.806, 4.0982 0.1097 1.806, 4.0986 0.1097 1.8215, 4.0982 0.1097 1.8215, 4.0986 -0.0104 1.8215, 4.0982 -0.0104 1.8215, 4.0986 -0.0107 1.6783, 4.0986 -0.0124 1.6966, 4.0982 -0.0114 1.686, 4.0982 -0.0124 1.6966, 4.0982 -0.0107 1.6783, 4.0982 -0.0064 1.6654, 4.0986 -0.0064 1.6654, 4.0982 -0.0054 1.6633, 4.0986 -0.0054 1.6633, 4.0986 0.0094 1.6633, 4.0982 0.0094 1.6633, 4.0982 0.0045 1.6739, 4.0986 0.0045 1.6739, 4.0982 0.0017 1.6872, 4.0986 0.0017 1.6872, 4.0982 0.0014 1.6943, 4.0986 0.0014 1.6943, 4.0982 0.0027 1.7058, 4.0986 0.0027 1.7058, 4.0982 0.0059 1.7145, 4.0986 0.0059 1.7145, 4.0982 0.0114 1.7224, 4.0986 0.0114 1.7224, 4.0982 0.014 1.7252, 4.0986 0.014 1.7252, 4.0982 0.0223 1.7311, 4.0986 0.0223 1.7311, 4.0982 0.0321 1.735, 4.0986 0.0321 1.735, 4.0982 0.0466 1.737, 4.0986 0.0466 1.737, 4.0982 0.0483 1.737, 4.0986 0.0483 1.737, 4.0982 0.0646 1.735, 4.0986 0.0646 1.735, 4.0982 0.075 1.731, 4.0986 0.075 1.731, 4.0982 0.0834 1.7253, 4.0986 0.0834 1.7253, 4.0982 0.0844 1.7244, 4.0986 0.0844 1.7244, 4.0982 0.0912 1.7162, 4.0986 0.0912 1.7162, 4.0982 0.0955 1.7067, 4.0986 0.0955 1.7067, 4.0982 0.0975 1.6963, 4.0986 0.0975 1.6963, 4.0982 0.0977 1.6916, 4.0986 0.0977 1.6916, 4.0982 0.0964 1.6787, 4.0986 0.0964 1.6787, 4.0982 0.0922 1.6663, 4.0986 0.0922 1.6663, 4.0982 0.0906 1.6633, 4.0986 0.0906 1.6633, 4.0986 0.1068 1.6633, 4.0982 0.1068 1.6633, 4.0982 0.1117 1.6918, 4.0986 0.1117 1.6918, 4.0986 0.1117 1.6896, 4.0982 0.1102 1.6743, 4.0986 0.1102 1.6743, 4.0982 0.1107 1.6798, 4.0982 0.1117 1.6896, 4.0982 0.1107 1.7002, 4.0986 0.1097 1.709, 4.0982 0.1097 1.709, 4.0982 0.1048 1.7216, 4.0986 0.1048 1.7216, 4.0982 0.0966 1.7332, 4.0986 0.0966 1.7332, 4.0982 0.094 1.7359, 4.0986 0.094 1.7359, 4.0982 0.0843 1.7436, 4.0986 0.0843 1.7436, 4.0982 0.0752 1.7479, 4.0986 0.0713 1.7497, 4.0982 0.0713 1.7497, 4.0982 0.056 1.7528, 4.0986 0.056 1.7528, 4.0982 0.0474 1.7532, 4.0986 0.0474 1.7532, 4.0982 0.028 1.7509, 4.0986 0.028 1.7509, 4.0982 0.0201 1.7479, 4.0986 0.0154 1.7461, 4.0982 0.0154 1.7461, 4.0982 0.0052 1.7389, 4.0986 0.0052 1.7389, 4.0982 0.004 1.7378, 4.0986 0.004 1.7378, 4.0986 -0.012 1.705, 4.0982 -0.0035 1.729, 4.0986 -0.0035 1.729, 4.0982 -0.0091 1.7178, 4.0986 -0.0091 1.7178, 4.0982 -0.0114 1.7074, 4.0982 -0.012 1.705, 4.0986 0.0033 1.5747, 4.0986 -0.0104 1.5747, 4.0982 0.0033 1.5747, 4.0982 -0.0104 1.5747, 4.0982 0.0033 1.6238, 4.0986 0.0033 1.6238, 4.0982 0.0033 1.5913, 4.0986 0.0437 1.6238, 4.0982 0.0437 1.6238, 4.0982 0.0437 1.5808, 4.0986 0.0437 1.5808, 4.0982 0.0437 1.5913, 4.0986 0.0575 1.5808, 4.0982 0.0575 1.5808, 4.0982 0.0575 1.6238, 4.0986 0.0575 1.6238, 4.0982 0.0575 1.5913, 4.0986 0.0959 1.6238, 4.0982 0.0959 1.6238, 4.0982 0.0959 1.5774, 4.0986 0.0959 1.5774, 4.0982 0.0959 1.5913, 4.0986 0.1097 1.5774, 4.0982 0.1097 1.5774, 4.0982 0.1097 1.6393, 4.0986 0.1097 1.6393, 4.0982 0.1097 1.5913, 4.0986 -0.0104 1.6393, 4.0982 -0.0104 1.6393, 4.0982 -0.0104 1.5913, 4.0986 0.0236 1.4772, 4.0986 0.0158 1.4833, 4.0986 0.0064 1.4723, 4.0986 0.0144 1.4849, 4.0986 -0.0026 1.485, 4.0986 0.0091 1.4926, 4.0986 -0.008 1.4987, 4.0986 0.0052 1.5026, 4.0986 -0.0104 1.519, 4.0986 0.0033 1.5191, 4.0986 -0.0104 1.552, 4.0986 0.0033 1.5365, 4.0986 0.1097 1.552, 4.0986 0.0959 1.5365, 4.0986 0.1097 1.5177, 4.0986 0.0959 1.5183, 4.0986 0.1077 1.4994, 4.0986 0.0942 1.5028, 4.0986 0.1024 1.4849, 4.0986 0.0904 1.4924, 4.0986 0.0938 1.4723, 4.0986 0.0846 1.4837, 4.0986 0.0896 1.468, 4.0986 0.0802 1.4794, 4.0986 0.0791 1.4606, 4.0986 0.0732 1.475, 4.0986 0.0676 1.4562, 4.0986 0.0639 1.4718, 4.0986 0.0512 1.4542, 4.0986 0.0508 1.4705, 4.0986 0.0417 1.4548, 4.0986 0.0437 1.4709, 4.0986 0.0279 1.458, 4.0986 0.0326 1.4731, 4.0986 0.0157 1.4643, 4.0982 -0.0104 1.519, 4.0982 -0.0104 1.552, 4.0982 0.0064 1.4723, 4.0982 -0.008 1.4987, 4.0982 -0.0073 1.497, 4.0982 -0.0026 1.485, 4.0982 0.0157 1.4643, 4.0982 0.0279 1.458, 4.0982 0.0417 1.4548, 4.0982 0.0512 1.4542, 4.0982 0.0676 1.4562, 4.0982 0.0791 1.4606, 4.0982 0.0896 1.468, 4.0982 0.0938 1.4723, 4.0982 0.1097 1.5177, 4.0982 0.1024 1.4849, 4.0982 0.1068 1.497, 4.0982 0.1077 1.4994, 4.0982 0.1097 1.552, 4.0982 0.0959 1.5183, 4.0982 0.0959 1.5365, 4.0982 0.0033 1.5365, 4.0982 0.0033 1.5191, 4.0982 0.0158 1.4833, 4.0982 0.0144 1.4849, 4.0982 0.0091 1.4926, 4.0982 0.0052 1.5026, 4.0982 0.0508 1.4705, 4.0982 0.0437 1.4709, 4.0982 0.0326 1.4731, 4.0982 0.0236 1.4772, 4.0982 0.0846 1.4837, 4.0982 0.0802 1.4794, 4.0982 0.0732 1.475, 4.0982 0.0639 1.4718, 4.0982 0.0942 1.5028, 4.0982 0.0904 1.4924
            ]
        }
        coordIndex [
            0,1,2,-1,2,1,3,-1,4,0,5,-1,5,0,2,-1,6,4,7,-1,7,4,5,-1,8,6,9,-1,9,6,7,-1,10,8,11,-1,11,8,9,-1,1,10,3,-1,3,10,11,-1,6,8,4,-1,4,8,10,-1,4,10,0,-1,0,10,1,-1,12,13,14,-1,14,13,15,-1,14,16,12,-1,12,16,17,-1,12,17,18,-1,18,17,19,-1,18,19,20,-1,21,20,22,-1,22,20,19,-1,21,22,23,-1,21,23,24,-1,24,23,25,-1,24,25,26,-1,26,25,27,-1,26,27,28,-1,28,27,29,-1,28,29,30,-1,30,29,31,-1,30,31,32,-1,32,31,33,-1,32,33,34,-1,34,33,35,-1,34,35,36,-1,36,35,37,-1,36,37,38,-1,38,37,39,-1,38,39,40,-1,40,39,41,-1,40,41,42,-1,42,41,43,-1,42,43,44,-1,44,43,45,-1,44,45,46,-1,46,45,47,-1,46,47,48,-1,48,47,49,-1,48,49,50,-1,50,49,51,-1,50,51,52,-1,52,51,53,-1,52,53,54,-1,54,53,55,-1,54,55,56,-1,56,55,57,-1,56,57,58,-1,58,57,59,-1,58,59,60,-1,60,59,61,-1,60,61,62,-1,62,61,63,-1,62,63,64,-1,64,63,65,-1,64,65,66,-1,67,66,68,-1,68,66,65,-1,69,70,71,-1,67,68,72,-1,67,72,73,-1,73,72,74,-1,73,74,71,-1,71,74,75,-1,71,75,69,-1,70,69,76,-1,70,76,77,-1,76,78,77,-1,77,78,79,-1,77,79,80,-1,80,79,81,-1,80,81,82,-1,82,81,83,-1,82,83,84,-1,84,83,85,-1,84,85,86,-1,86,85,87,-1,86,87,88,-1,87,89,88,-1,88,89,90,-1,88,90,91,-1,91,90,92,-1,91,92,93,-1,93,92,94,-1,93,94,95,-1,95,94,96,-1,95,96,97,-1,96,98,97,-1,97,98,99,-1,97,99,100,-1,100,99,101,-1,100,101,102,-1,15,13,103,-1,102,101,104,-1,102,104,105,-1,105,104,106,-1,105,106,107,-1,107,106,108,-1,107,108,103,-1,103,108,109,-1,103,109,15,-1,64,66,67,-1,54,56,77,-1,46,48,86,-1,77,56,70,-1,86,48,84,-1,64,67,62,-1,77,80,54,-1,54,80,82,-1,54,82,52,-1,52,82,84,-1,52,84,50,-1,50,84,48,-1,56,58,70,-1,70,58,60,-1,70,60,71,-1,71,60,62,-1,71,62,73,-1,73,62,67,-1,93,44,91,-1,91,44,46,-1,91,46,88,-1,88,46,86,-1,20,21,18,-1,18,21,24,-1,18,24,12,-1,12,24,26,-1,12,26,13,-1,13,26,28,-1,13,28,103,-1,103,28,30,-1,103,30,107,-1,107,30,32,-1,107,32,105,-1,105,32,34,-1,105,34,102,-1,102,34,36,-1,102,36,100,-1,100,36,38,-1,100,38,97,-1,97,38,95,-1,95,38,40,-1,95,40,93,-1,93,40,42,-1,93,42,44,-1,110,111,112,-1,112,111,113,-1,114,115,116,-1,116,115,110,-1,116,110,112,-1,117,115,118,-1,118,115,114,-1,119,120,121,-1,121,120,117,-1,121,117,118,-1,122,120,123,-1,123,120,119,-1,124,125,126,-1,126,125,122,-1,126,122,123,-1,127,125,128,-1,128,125,124,-1,129,130,131,-1,131,130,127,-1,131,127,128,-1,132,130,133,-1,133,130,129,-1,134,135,136,-1,136,135,132,-1,136,132,133,-1,137,135,138,-1,138,135,134,-1,113,111,139,-1,139,111,137,-1,139,137,138,-1,137,111,110,-1,110,115,137,-1,137,115,117,-1,137,117,135,-1,130,132,127,-1,127,132,135,-1,127,135,125,-1,125,135,117,-1,125,117,122,-1,122,117,120,-1,140,141,142,-1,142,141,143,-1,142,143,144,-1,144,143,145,-1,144,145,146,-1,146,145,147,-1,146,147,148,-1,148,147,149,-1,148,149,150,-1,150,149,151,-1,150,151,152,-1,152,151,153,-1,152,153,154,-1,154,153,155,-1,154,155,156,-1,156,155,157,-1,156,157,158,-1,158,157,159,-1,158,159,160,-1,160,159,161,-1,160,161,162,-1,162,161,163,-1,162,163,164,-1,164,163,165,-1,164,165,166,-1,166,165,167,-1,166,167,168,-1,168,167,169,-1,168,169,170,-1,170,169,171,-1,170,171,172,-1,172,171,173,-1,172,173,174,-1,174,173,140,-1,174,140,142,-1,148,150,175,-1,175,150,176,-1,177,142,144,-1,148,175,178,-1,148,178,146,-1,146,178,179,-1,146,179,144,-1,144,179,180,-1,144,180,177,-1,142,177,181,-1,142,181,174,-1,174,181,182,-1,174,182,172,-1,172,182,183,-1,172,183,170,-1,170,183,184,-1,170,184,168,-1,168,184,185,-1,168,185,166,-1,166,185,186,-1,166,186,164,-1,164,186,187,-1,164,187,162,-1,162,187,188,-1,162,188,160,-1,189,154,156,-1,160,188,190,-1,160,190,158,-1,158,190,191,-1,158,191,156,-1,156,191,192,-1,156,192,189,-1,152,154,193,-1,193,154,189,-1,150,152,176,-1,176,152,193,-1,155,153,194,-1,194,153,195,-1,153,151,195,-1,195,151,196,-1,151,149,196,-1,196,149,197,-1,141,198,199,-1,141,199,143,-1,143,199,200,-1,143,200,145,-1,145,200,201,-1,145,201,147,-1,147,201,197,-1,147,197,149,-1,169,202,203,-1,169,203,171,-1,171,203,204,-1,171,204,173,-1,173,204,205,-1,173,205,140,-1,140,205,198,-1,140,198,141,-1,161,206,207,-1,161,207,163,-1,163,207,208,-1,163,208,165,-1,165,208,209,-1,165,209,167,-1,167,209,202,-1,167,202,169,-1,155,194,210,-1,155,210,157,-1,157,210,211,-1,157,211,159,-1,159,211,206,-1,159,206,161,-1,
        ]
    }
}
Shape{
    appearance Appearance {
        material  Material 	{
            diffuseColor 0.2235294117647059 0.2235294117647059 0.2235294117647059
            specularColor 0.11372549019607843 0.11372549019607843 0.11372549019607843
            ambientIntensity 0.2235
            transparency 0.0
            shininess 0.5
        }
    }
    geometry IndexedFaceSet {
        ccw TRUE
        solid FALSE
        coord DEF co Coordinate {
            point [
                4.0982 0.0959 1.5365, 4.0982 0.0033 1.5365, 4.0982 0.0959 1.5183, 4.0982 0.0033 1.5191, 4.0982 0.0052 1.5026, 4.0982 0.0091 1.4926, 4.0982 0.0144 1.4849, 4.0982 0.0158 1.4833, 4.0982 0.0437 1.4709, 4.0982 0.0508 1.4705, 4.0982 0.0639 1.4718, 4.0982 0.0732 1.475, 4.0982 0.0802 1.4794, 4.0982 0.0846 1.4837, 4.0982 0.0942 1.5028, 4.0982 0.0904 1.4924, 4.0982 0.0236 1.4772, 4.0982 0.0326 1.4731
            ]
        }
        coordIndex [
            0,1,2,-1,2,1,3,-1,2,3,4,-1,4,5,2,-1,2,5,6,-1,2,6,7,-1,8,9,2,-1,2,9,10,-1,2,10,11,-1,11,12,2,-1,2,12,13,-1,2,13,14,-1,14,13,15,-1,7,16,2,-1,2,16,17,-1,2,17,8,-1,
        ]
    }
}
Shape{
    appearance Appearance {
        material  Material 	{
            diffuseColor 1.0 1.0 1.0
            specularColor 0.5019607843137255 0.5019607843137255 0.5019607843137255
            ambientIntensity 1.0
            transparency 0.0
            shininess 0.5
        }
    }
    geometry IndexedFaceSet {
        ccw TRUE
        solid FALSE
        coord DEF co Coordinate {
            point [
                4.0986 0.036 1.414, 4.0986 0.0225 1.4189, 4.0986 0.036 1.3737, 4.0986 0.0225 1.3689, 4.0986 0.0859 1.396, 4.0986 0.1097 1.4018, 4.0986 -0.0104 1.4476, 4.0986 -0.0104 1.4304, 4.0986 0.0895 1.395, 4.0986 0.0944 1.394, 4.0986 0.1097 1.3852, 4.0986 0.0944 1.3937, 4.0986 0.0893 1.3927, 4.0986 0.0859 1.3918, 4.0986 -0.0104 1.3395, 4.0986 -0.0104 1.3566, 4.0982 0.1097 1.3852, 4.0982 -0.0104 1.3395, 4.0982 0.1097 1.4018, 4.0982 -0.0104 1.4476, 4.0982 0.0805 1.4129, 4.0982 -0.0104 1.4304, 4.0982 0.0225 1.4189, 4.0982 0.0225 1.3689, 4.0982 0.0225 1.4129, 4.0982 -0.0104 1.3566, 4.0982 0.036 1.414, 4.0982 0.036 1.3737, 4.0982 0.0859 1.3918, 4.0982 0.0944 1.3937, 4.0982 0.0893 1.3927, 4.0982 0.0944 1.394, 4.0982 0.0859 1.396, 4.0982 0.0895 1.395
            ]
        }
        coordIndex [
            0,1,2,-1,2,1,3,-1,4,5,0,-1,0,5,6,-1,0,6,1,-1,1,6,7,-1,4,8,5,-1,5,8,9,-1,5,9,10,-1,10,9,11,-1,10,11,12,-1,12,13,10,-1,10,13,2,-1,10,2,14,-1,14,2,3,-1,14,3,15,-1,10,14,16,-1,16,14,17,-1,5,10,18,-1,18,10,16,-1,19,6,20,-1,20,6,5,-1,20,5,18,-1,7,6,21,-1,21,6,19,-1,1,7,22,-1,22,7,21,-1,23,3,24,-1,24,3,1,-1,24,1,22,-1,15,3,25,-1,25,3,23,-1,14,15,17,-1,17,15,25,-1,0,2,26,-1,26,2,27,-1,2,13,27,-1,27,13,28,-1,11,29,30,-1,11,30,12,-1,12,30,28,-1,12,28,13,-1,11,9,29,-1,29,9,31,-1,4,32,33,-1,4,33,8,-1,8,33,31,-1,8,31,9,-1,4,0,32,-1,32,0,26,-1,
        ]
    }
}
Shape{
    appearance Appearance {
        material  Material 	{
            diffuseColor 0.2235294117647059 0.2235294117647059 0.2235294117647059
            specularColor 0.11372549019607843 0.11372549019607843 0.11372549019607843
            ambientIntensity 0.2235
            transparency 0.0
            shininess 0.5
        }
    }
    geometry IndexedFaceSet {
        ccw TRUE
        solid FALSE
        coord DEF co Coordinate {
            point [
                4.0982 0.0944 1.3937, 4.0982 0.0944 1.394, 4.0982 0.0893 1.3927, 4.0982 0.0895 1.395, 4.0982 0.0859 1.3918, 4.0982 0.0859 1.396, 4.0982 0.036 1.3737, 4.0982 0.036 1.414
            ]
        }
        coordIndex [
            0,1,2,-1,2,1,3,-1,2,3,4,-1,4,3,5,-1,4,5,6,-1,6,5,7,-1,
        ]
    }
}
Shape{
    appearance Appearance {
        material  Material 	{
            diffuseColor 1.0 1.0 1.0
            specularColor 0.5019607843137255 0.5019607843137255 0.5019607843137255
            ambientIntensity 1.0
            transparency 0.0
            shininess 0.5
        }
    }
    geometry IndexedFaceSet {
        ccw TRUE
        solid FALSE
        coord DEF co Coordinate {
            point [
                4.0986 -0.1872 1.7569, 4.0986 -0.2009 1.7569, 4.0982 -0.1872 1.7569, 4.0982 -0.2009 1.7569, 4.0986 -0.1872 1.806, 4.0982 -0.1872 1.806, 4.0986 -0.1468 1.806, 4.0982 -0.1468 1.806, 4.0986 -0.1468 1.763, 4.0982 -0.1468 1.763, 4.0986 -0.1331 1.763, 4.0982 -0.1331 1.763, 4.0986 -0.1331 1.806, 4.0982 -0.1331 1.806, 4.0986 -0.0946 1.806, 4.0982 -0.0946 1.806, 4.0986 -0.0946 1.7596, 4.0982 -0.0946 1.7596, 4.0986 -0.0808 1.7596, 4.0982 -0.0808 1.7596, 4.0986 -0.0808 1.8215, 4.0982 -0.0808 1.8215, 4.0986 -0.2009 1.8215, 4.0982 -0.2009 1.8215, 4.0986 -0.2009 1.6886, 4.0986 -0.2009 1.6736, 4.0986 -0.1877 1.6886, 4.0986 -0.1457 1.6736, 4.0986 -0.1464 1.6886, 4.0986 -0.1643 1.7213, 4.0986 -0.1627 1.7177, 4.0986 -0.1877 1.689, 4.0986 -0.1855 1.697, 4.0986 -0.1913 1.6914, 4.0986 -0.1883 1.7012, 4.0986 -0.1606 1.7087, 4.0986 -0.1579 1.6886, 4.0986 -0.1661 1.6886, 4.0986 -0.1671 1.6886, 4.0986 -0.1738 1.6896, 4.0986 -0.1792 1.6918, 4.0986 -0.1836 1.6951, 4.0986 -0.1398 1.6891, 4.0986 -0.1337 1.6749, 4.0986 -0.1344 1.6907, 4.0986 -0.127 1.6773, 4.0986 -0.1313 1.6925, 4.0986 -0.1223 1.6804, 4.0986 -0.1289 1.6947, 4.0986 -0.1187 1.6843, 4.0986 -0.1272 1.6974, 4.0986 -0.1159 1.6893, 4.0986 -0.1259 1.7009, 4.0986 -0.114 1.6957, 4.0986 -0.1254 1.706, 4.0986 -0.1132 1.7046, 4.0986 -0.1263 1.7149, 4.0986 -0.1145 1.7176, 4.0986 -0.1295 1.7243, 4.0986 -0.1184 1.7292, 4.0986 -0.1358 1.7341, 4.0986 -0.1212 1.7341, 4.0986 -0.1855 1.7242, 4.0986 -0.1962 1.7351, 4.0986 -0.1867 1.7229, 4.0986 -0.1997 1.7301, 4.0986 -0.1888 1.7199, 4.0986 -0.2019 1.7243, 4.0986 -0.19 1.7165, 4.0986 -0.203 1.7153, 4.0986 -0.1906 1.7114, 4.0986 -0.2021 1.7075, 4.0986 -0.19 1.7058, 4.0986 -0.1999 1.7014, 4.0986 -0.1964 1.6961, 4.0986 -0.15 1.714, 4.0986 -0.1529 1.7259, 4.0986 -0.1659 1.7233, 4.0986 -0.1563 1.7321, 4.0986 -0.1681 1.7251, 4.0986 -0.1603 1.7366, 4.0986 -0.1709 1.7264, 4.0986 -0.1651 1.7398, 4.0986 -0.1744 1.7271, 4.0986 -0.1706 1.7417, 4.0986 -0.1767 1.7272, 4.0986 -0.178 1.7425, 4.0986 -0.1802 1.7269, 4.0986 -0.1848 1.7418, 4.0986 -0.1829 1.7259, 4.0986 -0.1899 1.7399, 4.0986 -0.1945 1.7368, 4.0982 -0.1132 1.7046, 4.0982 -0.1145 1.7176, 4.0982 -0.1184 1.7292, 4.0982 -0.1212 1.7341, 4.0982 -0.1358 1.7341, 4.0982 -0.1295 1.7243, 4.0982 -0.1263 1.7149, 4.0982 -0.1254 1.706, 4.0982 -0.1259 1.7009, 4.0982 -0.1272 1.6974, 4.0982 -0.1289 1.6947, 4.0982 -0.1313 1.6925, 4.0982 -0.1344 1.6907, 4.0982 -0.1398 1.6891, 4.0982 -0.1464 1.6886, 4.0982 -0.15 1.714, 4.0982 -0.1529 1.7259, 4.0982 -0.1563 1.7321, 4.0982 -0.1603 1.7366, 4.0982 -0.1651 1.7398, 4.0982 -0.1706 1.7417, 4.0982 -0.178 1.7425, 4.0982 -0.1848 1.7418, 4.0982 -0.1899 1.7399, 4.0982 -0.1945 1.7368, 4.0982 -0.1962 1.7351, 4.0982 -0.203 1.7153, 4.0982 -0.2019 1.724, 4.0982 -0.2019 1.7243, 4.0982 -0.1997 1.7301, 4.0982 -0.2021 1.7075, 4.0982 -0.2019 1.7071, 4.0982 -0.1999 1.7014, 4.0982 -0.1964 1.6961, 4.0982 -0.1913 1.6914, 4.0982 -0.1877 1.689, 4.0982 -0.1877 1.6886, 4.0982 -0.2009 1.6886, 4.0982 -0.2009 1.6736, 4.0982 -0.1457 1.6736, 4.0982 -0.1337 1.6749, 4.0982 -0.127 1.6773, 4.0982 -0.1223 1.6804, 4.0982 -0.1187 1.6843, 4.0982 -0.1159 1.6893, 4.0982 -0.114 1.6957, 4.0982 -0.1659 1.7233, 4.0982 -0.1643 1.7213, 4.0982 -0.1627 1.7177, 4.0982 -0.1606 1.7087, 4.0982 -0.1767 1.7272, 4.0982 -0.1744 1.7271, 4.0982 -0.1709 1.7264, 4.0982 -0.1681 1.7251, 4.0982 -0.1867 1.7229, 4.0982 -0.1855 1.7242, 4.0982 -0.1829 1.7259, 4.0982 -0.1802 1.7269, 4.0982 -0.1906 1.7114, 4.0982 -0.19 1.7165, 4.0982 -0.1888 1.7199, 4.0982 -0.1836 1.6951, 4.0982 -0.1855 1.697, 4.0982 -0.1883 1.7012, 4.0982 -0.19 1.7058, 4.0982 -0.1661 1.6886, 4.0982 -0.1671 1.6886, 4.0982 -0.1738 1.6896, 4.0982 -0.1792 1.6918, 4.0982 -0.1579 1.6886
            ]
        }
        coordIndex [
            0,1,2,-1,2,1,3,-1,4,0,5,-1,5,0,2,-1,6,4,7,-1,7,4,5,-1,8,6,9,-1,9,6,7,-1,10,8,11,-1,11,8,9,-1,12,10,13,-1,13,10,11,-1,14,12,15,-1,15,12,13,-1,16,14,17,-1,17,14,15,-1,18,16,19,-1,19,16,17,-1,20,18,21,-1,21,18,19,-1,22,20,23,-1,23,20,21,-1,1,22,3,-1,3,22,23,-1,16,18,14,-1,14,18,20,-1,14,20,12,-1,1,0,22,-1,22,0,4,-1,22,4,6,-1,8,10,6,-1,6,10,12,-1,6,12,22,-1,22,12,20,-1,24,25,26,-1,26,25,27,-1,28,29,30,-1,31,32,33,-1,33,32,34,-1,35,36,27,-1,27,36,37,-1,37,38,27,-1,27,38,39,-1,27,39,26,-1,26,39,40,-1,26,40,31,-1,31,40,41,-1,31,41,32,-1,30,35,28,-1,28,35,27,-1,28,27,42,-1,42,27,43,-1,42,43,44,-1,44,43,45,-1,44,45,46,-1,46,45,47,-1,46,47,48,-1,48,47,49,-1,48,49,50,-1,50,49,51,-1,50,51,52,-1,52,51,53,-1,52,53,54,-1,54,53,55,-1,54,55,56,-1,56,55,57,-1,56,57,58,-1,58,57,59,-1,58,59,60,-1,60,59,61,-1,62,63,64,-1,64,63,65,-1,64,65,66,-1,66,65,67,-1,66,67,68,-1,68,67,69,-1,68,69,70,-1,70,69,71,-1,70,71,72,-1,72,71,73,-1,72,73,34,-1,34,73,74,-1,34,74,33,-1,28,75,29,-1,29,75,76,-1,29,76,77,-1,77,76,78,-1,77,78,79,-1,79,78,80,-1,79,80,81,-1,81,80,82,-1,81,82,83,-1,83,82,84,-1,83,84,85,-1,85,84,86,-1,85,86,87,-1,87,86,88,-1,87,88,89,-1,89,88,90,-1,89,90,62,-1,62,90,91,-1,62,91,63,-1,55,92,93,-1,55,93,57,-1,57,93,94,-1,57,94,59,-1,59,94,95,-1,59,95,61,-1,60,61,96,-1,96,61,95,-1,60,96,97,-1,60,97,58,-1,58,97,98,-1,58,98,56,-1,56,98,99,-1,56,99,54,-1,54,99,100,-1,54,100,52,-1,52,100,101,-1,52,101,50,-1,50,101,102,-1,50,102,48,-1,48,102,103,-1,48,103,46,-1,46,103,104,-1,46,104,44,-1,44,104,105,-1,44,105,42,-1,42,105,106,-1,42,106,28,-1,75,28,107,-1,107,28,106,-1,75,107,108,-1,75,108,76,-1,76,108,109,-1,76,109,78,-1,78,109,110,-1,78,110,80,-1,80,110,111,-1,80,111,82,-1,82,111,112,-1,82,112,84,-1,84,112,113,-1,84,113,86,-1,86,113,114,-1,86,114,88,-1,88,114,115,-1,88,115,90,-1,90,115,116,-1,90,116,91,-1,91,116,117,-1,91,117,63,-1,118,69,119,-1,119,69,67,-1,119,67,120,-1,120,67,65,-1,120,65,121,-1,121,65,63,-1,121,63,117,-1,69,118,122,-1,69,122,71,-1,71,122,123,-1,71,123,73,-1,123,124,73,-1,73,124,125,-1,73,125,74,-1,74,125,126,-1,74,126,33,-1,33,126,127,-1,33,127,31,-1,26,31,128,-1,128,31,127,-1,24,26,129,-1,129,26,128,-1,25,24,130,-1,130,24,129,-1,27,25,131,-1,131,25,130,-1,27,131,132,-1,27,132,43,-1,43,132,133,-1,43,133,45,-1,45,133,134,-1,45,134,47,-1,47,134,135,-1,47,135,49,-1,49,135,136,-1,49,136,51,-1,51,136,137,-1,51,137,53,-1,53,137,92,-1,53,92,55,-1,77,138,139,-1,77,139,29,-1,29,139,140,-1,29,140,30,-1,30,140,141,-1,30,141,35,-1,85,142,143,-1,85,143,83,-1,83,143,144,-1,83,144,81,-1,81,144,145,-1,81,145,79,-1,79,145,138,-1,79,138,77,-1,64,146,147,-1,64,147,62,-1,62,147,148,-1,62,148,89,-1,89,148,149,-1,89,149,87,-1,87,149,142,-1,87,142,85,-1,70,150,151,-1,70,151,68,-1,68,151,152,-1,68,152,66,-1,66,152,146,-1,66,146,64,-1,41,153,154,-1,41,154,32,-1,32,154,155,-1,32,155,34,-1,34,155,156,-1,34,156,72,-1,72,156,150,-1,72,150,70,-1,37,157,158,-1,37,158,38,-1,38,158,159,-1,38,159,39,-1,39,159,160,-1,39,160,40,-1,40,160,153,-1,40,153,41,-1,37,36,157,-1,157,36,161,-1,36,35,161,-1,161,35,141,-1,
        ]
    }
}
Shape{
    appearance Appearance {
        material  Material 	{
            diffuseColor 0.2235294117647059 0.2235294117647059 0.2235294117647059
            specularColor 0.11372549019607843 0.11372549019607843 0.11372549019607843
            ambientIntensity 0.2235
            transparency 0.0
            shininess 0.5
        }
    }
    geometry IndexedFaceSet {
        ccw TRUE
        solid FALSE
        coord DEF co Coordinate {
            point [
                4.0982 -0.1671 1.6886, 4.0982 -0.1661 1.6886, 4.0982 -0.1659 1.7233, 4.0982 -0.1579 1.6886, 4.0982 -0.1606 1.7087, 4.0982 -0.1627 1.7177, 4.0982 -0.1643 1.7213, 4.0982 -0.1738 1.6896, 4.0982 -0.1681 1.7251, 4.0982 -0.1792 1.6918, 4.0982 -0.1855 1.7242, 4.0982 -0.1867 1.7229, 4.0982 -0.1855 1.697, 4.0982 -0.1829 1.7259, 4.0982 -0.1883 1.7012, 4.0982 -0.19 1.7058, 4.0982 -0.1906 1.7114, 4.0982 -0.1709 1.7264, 4.0982 -0.1744 1.7271, 4.0982 -0.1836 1.6951, 4.0982 -0.1767 1.7272, 4.0982 -0.1802 1.7269, 4.0982 -0.1888 1.7199, 4.0982 -0.19 1.7165
            ]
        }
        coordIndex [
            0,1,2,-1,1,3,4,-1,4,5,1,-1,1,5,6,-1,1,6,2,-1,0,2,7,-1,7,2,8,-1,7,8,9,-1,10,11,12,-1,10,12,13,-1,14,12,15,-1,15,12,16,-1,8,17,9,-1,9,17,18,-1,9,18,19,-1,19,18,20,-1,19,20,12,-1,12,20,21,-1,12,21,13,-1,11,22,12,-1,12,22,23,-1,12,23,16,-1,
        ]
    }
}
Shape{
    appearance Appearance {
        material  Material 	{
            diffuseColor 1.0 1.0 1.0
            specularColor 0.5019607843137255 0.5019607843137255 0.5019607843137255
            ambientIntensity 1.0
            transparency 0.0
            shininess 0.5
        }
    }
    geometry IndexedFaceSet {
        ccw TRUE
        solid FALSE
        coord DEF co Coordinate {
            point [
                4.0982 -0.1824 1.6532, 4.0986 -0.1824 1.6532, 4.0986 -0.1857 1.648, 4.0986 -0.1907 1.6284, 4.0982 -0.1907 1.6284, 4.0982 -0.1894 1.6386, 4.0986 -0.1894 1.6386, 4.0982 -0.1864 1.6462, 4.0982 -0.1857 1.648, 4.0986 -0.1979 1.6532, 4.0982 -0.1979 1.6532, 4.0986 -0.2015 1.643, 4.0982 -0.2004 1.6462, 4.0982 -0.203 1.6299, 4.0986 -0.203 1.6299, 4.0982 -0.2019 1.6393, 4.0982 -0.2015 1.643, 4.0986 -0.2016 1.6175, 4.0982 -0.2019 1.6204, 4.0982 -0.2016 1.6175, 4.0982 -0.1987 1.6093, 4.0986 -0.1987 1.6093, 4.0982 -0.1961 1.6049, 4.0986 -0.1961 1.6049, 4.0982 -0.1924 1.6006, 4.0986 -0.1924 1.6006, 4.0982 -0.1884 1.5978, 4.0986 -0.1884 1.5978, 4.0982 -0.1836 1.596, 4.0986 -0.1836 1.596, 4.0982 -0.1776 1.5953, 4.0986 -0.1776 1.5953, 4.0982 -0.172 1.5959, 4.0986 -0.172 1.5959, 4.0982 -0.1676 1.5975, 4.0986 -0.1676 1.5975, 4.0982 -0.1634 1.6003, 4.0986 -0.1634 1.6003, 4.0982 -0.1602 1.6039, 4.0986 -0.1602 1.6039, 4.0982 -0.1547 1.6139, 4.0986 -0.1547 1.6139, 4.0982 -0.1523 1.6197, 4.0986 -0.1523 1.6197, 4.0982 -0.1482 1.629, 4.0986 -0.1482 1.629, 4.0982 -0.1449 1.6343, 4.0986 -0.1449 1.6343, 4.0982 -0.1433 1.6358, 4.0986 -0.1433 1.6358, 4.0982 -0.1413 1.6369, 4.0986 -0.1413 1.6369, 4.0982 -0.139 1.6375, 4.0986 -0.139 1.6375, 4.0982 -0.1369 1.6376, 4.0986 -0.1369 1.6376, 4.0982 -0.1346 1.6373, 4.0986 -0.1346 1.6373, 4.0982 -0.1325 1.6366, 4.0986 -0.1325 1.6366, 4.0982 -0.1306 1.6353, 4.0986 -0.1306 1.6353, 4.0982 -0.1286 1.633, 4.0986 -0.1286 1.633, 4.0982 -0.1268 1.6296, 4.0986 -0.1268 1.6296, 4.0982 -0.1257 1.6256, 4.0986 -0.1257 1.6256, 4.0982 -0.1254 1.6212, 4.0986 -0.1254 1.6212, 4.0982 -0.1267 1.6106, 4.0986 -0.1267 1.6106, 4.0982 -0.13 1.6021, 4.0986 -0.13 1.6021, 4.0982 -0.1316 1.5994, 4.0986 -0.1316 1.5994, 4.0986 -0.117 1.5994, 4.0982 -0.117 1.5994, 4.0982 -0.1139 1.6101, 4.0986 -0.1139 1.6101, 4.0982 -0.1132 1.6197, 4.0986 -0.1132 1.6197, 4.0982 -0.1145 1.6312, 4.0986 -0.1145 1.6312, 4.0982 -0.1175 1.6394, 4.0986 -0.1175 1.6394, 4.0982 -0.12 1.6435, 4.0986 -0.12 1.6435, 4.0986 -0.124 1.6479, 4.0982 -0.1225 1.6462, 4.0982 -0.124 1.6479, 4.0982 -0.1281 1.6507, 4.0986 -0.1281 1.6507, 4.0982 -0.1329 1.6525, 4.0986 -0.1329 1.6525, 4.0982 -0.1383 1.6531, 4.0986 -0.1383 1.6531, 4.0982 -0.1441 1.6525, 4.0986 -0.1441 1.6525, 4.0982 -0.1487 1.6508, 4.0986 -0.1487 1.6508, 4.0982 -0.1519 1.6488, 4.0986 -0.1519 1.6488, 4.0982 -0.1632 1.6303, 4.0986 -0.1632 1.6303, 4.0986 -0.1591 1.6393, 4.0982 -0.1544 1.6464, 4.0986 -0.1544 1.6464, 4.0982 -0.1545 1.6462, 4.0982 -0.1591 1.6393, 4.0982 -0.1674 1.6204, 4.0986 -0.1674 1.6204, 4.0982 -0.1709 1.6146, 4.0986 -0.1709 1.6146, 4.0982 -0.1729 1.6127, 4.0986 -0.1729 1.6127, 4.0982 -0.1749 1.6115, 4.0986 -0.1749 1.6115, 4.0982 -0.1772 1.6108, 4.0986 -0.1772 1.6108, 4.0982 -0.1791 1.6107, 4.0986 -0.1791 1.6107, 4.0982 -0.1819 1.611, 4.0986 -0.1819 1.611, 4.0982 -0.1841 1.6118, 4.0986 -0.1841 1.6118, 4.0982 -0.186 1.6131, 4.0986 -0.186 1.6131, 4.0982 -0.1876 1.6148, 4.0986 -0.1876 1.6148, 4.0982 -0.1884 1.6162, 4.0986 -0.1884 1.6162, 4.0982 -0.1898 1.6201, 4.0986 -0.1898 1.6201, 4.0982 -0.1907 1.6278, 4.0986 -0.1907 1.6278, 4.0986 -0.1152 1.5207, 4.0986 -0.1152 1.5051, 4.0982 -0.1152 1.5207, 4.0982 -0.1152 1.5051, 4.0986 -0.1797 1.5441, 4.0982 -0.1797 1.5441, 4.0982 -0.1837 1.5453, 4.0986 -0.1837 1.5453, 4.0982 -0.1867 1.546, 4.0986 -0.1867 1.546, 4.0986 -0.1867 1.5463, 4.0982 -0.1867 1.5463, 4.0986 -0.1796 1.5482, 4.0982 -0.1796 1.5482, 4.0982 -0.1152 1.5706, 4.0986 -0.1152 1.5706, 4.0982 -0.136 1.5633, 4.0986 -0.1152 1.5874, 4.0982 -0.1152 1.5874, 4.0982 -0.2007 1.5538, 4.0986 -0.2007 1.5538, 4.0982 -0.1764 1.5633, 4.0982 -0.2163 1.5604, 4.0986 -0.2163 1.5604, 4.0982 -0.2019 1.5543, 4.0982 -0.2217 1.5633, 4.0986 -0.2217 1.5633, 4.0982 -0.2218 1.5633, 4.0986 -0.2249 1.5661, 4.0982 -0.2249 1.5661, 4.0982 -0.2268 1.5689, 4.0986 -0.2268 1.5689, 4.0982 -0.228 1.5722, 4.0986 -0.228 1.5722, 4.0982 -0.2284 1.5758, 4.0986 -0.2284 1.5758, 4.0982 -0.2277 1.5812, 4.0986 -0.2277 1.5812, 4.0982 -0.2267 1.5843, 4.0986 -0.2267 1.5843, 4.0986 -0.2401 1.5843, 4.0982 -0.2401 1.5843, 4.0982 -0.2412 1.5779, 4.0986 -0.2412 1.5779, 4.0982 -0.2413 1.5746, 4.0986 -0.2413 1.5746, 4.0982 -0.2406 1.5685, 4.0982 -0.2387 1.5633, 4.0986 -0.2384 1.5626, 4.0986 -0.2406 1.5685, 4.0982 -0.2384 1.5626, 4.0982 -0.2347 1.5574, 4.0986 -0.2347 1.5574, 4.0982 -0.2338 1.5563, 4.0986 -0.2338 1.5563, 4.0982 -0.2272 1.5508, 4.0986 -0.2272 1.5508, 4.0982 -0.2139 1.544, 4.0986 -0.2139 1.544, 4.0982 -0.2019 1.5393, 4.0986 -0.1872 1.4243, 4.0986 -0.2009 1.4243, 4.0982 -0.1872 1.4243, 4.0982 -0.2009 1.4243, 4.0982 -0.1872 1.4734, 4.0986 -0.1872 1.4734, 4.0982 -0.1872 1.4509, 4.0986 -0.1468 1.4734, 4.0982 -0.1468 1.4734, 4.0982 -0.1468 1.4304, 4.0986 -0.1468 1.4304, 4.0982 -0.1468 1.4509, 4.0986 -0.1331 1.4304, 4.0982 -0.1331 1.4304, 4.0982 -0.1331 1.4734, 4.0986 -0.1331 1.4734, 4.0982 -0.1331 1.4509, 4.0986 -0.0946 1.4734, 4.0982 -0.0946 1.4734, 4.0982 -0.0946 1.427, 4.0986 -0.0946 1.427, 4.0982 -0.0946 1.4509, 4.0986 -0.0808 1.427, 4.0982 -0.0808 1.427, 4.0982 -0.0808 1.4889, 4.0986 -0.0808 1.4889, 4.0982 -0.0808 1.4509, 4.0986 -0.2009 1.4889, 4.0982 -0.2009 1.4889, 4.0982 -0.2009 1.4509, 4.0986 -0.1669 1.3267, 4.0986 -0.1747 1.3329, 4.0986 -0.1841 1.3219, 4.0986 -0.1761 1.3345, 4.0986 -0.1932 1.3346, 4.0986 -0.1815 1.3422, 4.0986 -0.1985 1.3483, 4.0986 -0.1853 1.3522, 4.0986 -0.2009 1.3686, 4.0986 -0.1872 1.3686, 4.0986 -0.2009 1.4016, 4.0986 -0.1872 1.3861, 4.0986 -0.0808 1.4016, 4.0986 -0.0946 1.3861, 4.0986 -0.0808 1.3673, 4.0986 -0.0946 1.3679, 4.0986 -0.0829 1.349, 4.0986 -0.0964 1.3524, 4.0986 -0.0881 1.3345, 4.0986 -0.1001 1.342, 4.0986 -0.0967 1.3219, 4.0986 -0.1059 1.3333, 4.0986 -0.101 1.3176, 4.0986 -0.1103 1.329, 4.0986 -0.1115 1.3102, 4.0986 -0.1173 1.3246, 4.0986 -0.1229 1.3058, 4.0986 -0.1266 1.3214, 4.0986 -0.1393 1.3038, 4.0986 -0.1398 1.3201, 4.0986 -0.1489 1.3044, 4.0986 -0.1468 1.3204, 4.0986 -0.1626 1.3076, 4.0986 -0.1579 1.3227, 4.0986 -0.1748 1.3139, 4.0982 -0.2009 1.3686, 4.0982 -0.2009 1.4016, 4.0982 -0.1985 1.3483, 4.0982 -0.1932 1.3346, 4.0982 -0.1841 1.3219, 4.0982 -0.1748 1.3139, 4.0982 -0.1626 1.3076, 4.0982 -0.1489 1.3044, 4.0982 -0.1393 1.3038, 4.0982 -0.1229 1.3058, 4.0982 -0.1115 1.3102, 4.0982 -0.101 1.3176, 4.0982 -0.0967 1.3219, 4.0982 -0.0881 1.3345, 4.0982 -0.0829 1.349, 4.0982 -0.0808 1.3673, 4.0982 -0.0808 1.4016, 4.0982 -0.0946 1.3679, 4.0982 -0.0946 1.3861, 4.0982 -0.1872 1.3861, 4.0982 -0.1872 1.3686, 4.0982 -0.1747 1.3329, 4.0982 -0.1761 1.3345, 4.0982 -0.1815 1.3422, 4.0982 -0.1853 1.3522, 4.0982 -0.1398 1.3201, 4.0982 -0.1468 1.3204, 4.0982 -0.1579 1.3227, 4.0982 -0.1669 1.3267, 4.0982 -0.1059 1.3333, 4.0982 -0.1103 1.329, 4.0982 -0.1173 1.3246, 4.0982 -0.1266 1.3214, 4.0982 -0.0964 1.3524, 4.0982 -0.1001 1.342
            ]
        }
        coordIndex [
            0,1,2,-1,3,4,5,-1,3,5,6,-1,6,5,7,-1,6,7,2,-1,2,7,8,-1,2,8,0,-1,9,1,10,-1,10,1,0,-1,11,9,12,-1,12,9,10,-1,13,14,15,-1,15,14,11,-1,15,11,16,-1,16,11,12,-1,17,14,18,-1,18,14,13,-1,18,19,17,-1,17,19,20,-1,17,20,21,-1,21,20,22,-1,21,22,23,-1,23,22,24,-1,23,24,25,-1,25,24,26,-1,25,26,27,-1,27,26,28,-1,27,28,29,-1,29,28,30,-1,29,30,31,-1,31,30,32,-1,31,32,33,-1,33,32,34,-1,33,34,35,-1,35,34,36,-1,35,36,37,-1,37,36,38,-1,37,38,39,-1,39,38,40,-1,39,40,41,-1,41,40,42,-1,41,42,43,-1,43,42,44,-1,43,44,45,-1,45,44,46,-1,45,46,47,-1,47,46,48,-1,47,48,49,-1,49,48,50,-1,49,50,51,-1,51,50,52,-1,51,52,53,-1,53,52,54,-1,53,54,55,-1,55,54,56,-1,55,56,57,-1,57,56,58,-1,57,58,59,-1,59,58,60,-1,59,60,61,-1,61,60,62,-1,61,62,63,-1,63,62,64,-1,63,64,65,-1,65,64,66,-1,65,66,67,-1,67,66,68,-1,67,68,69,-1,69,68,70,-1,69,70,71,-1,71,70,72,-1,71,72,73,-1,73,72,74,-1,73,74,75,-1,76,75,77,-1,77,75,74,-1,76,77,78,-1,76,78,79,-1,79,78,80,-1,79,80,81,-1,81,80,82,-1,81,82,83,-1,83,82,84,-1,83,84,85,-1,85,84,86,-1,85,86,87,-1,88,87,89,-1,89,87,86,-1,89,90,88,-1,88,90,91,-1,88,91,92,-1,92,91,93,-1,92,93,94,-1,94,93,95,-1,94,95,96,-1,96,95,97,-1,96,97,98,-1,98,97,99,-1,98,99,100,-1,100,99,101,-1,100,101,102,-1,103,104,105,-1,102,101,106,-1,102,106,107,-1,107,106,108,-1,107,108,105,-1,105,108,109,-1,105,109,103,-1,104,103,110,-1,104,110,111,-1,111,110,112,-1,111,112,113,-1,113,112,114,-1,113,114,115,-1,115,114,116,-1,115,116,117,-1,117,116,118,-1,117,118,119,-1,119,118,120,-1,119,120,121,-1,121,120,122,-1,121,122,123,-1,123,122,124,-1,123,124,125,-1,125,124,126,-1,125,126,127,-1,127,126,128,-1,127,128,129,-1,129,128,130,-1,129,130,131,-1,131,130,132,-1,131,132,133,-1,133,132,134,-1,133,134,135,-1,135,134,4,-1,135,4,3,-1,61,63,85,-1,85,63,83,-1,111,43,104,-1,104,43,45,-1,14,3,11,-1,11,3,6,-1,11,6,9,-1,9,6,2,-1,9,2,1,-1,63,65,83,-1,83,65,67,-1,83,67,81,-1,81,67,69,-1,81,69,79,-1,79,69,71,-1,79,71,76,-1,76,71,73,-1,76,73,75,-1,21,23,127,-1,127,23,25,-1,127,25,125,-1,125,25,27,-1,125,27,123,-1,123,27,29,-1,123,29,121,-1,121,29,31,-1,121,31,119,-1,119,31,33,-1,119,33,117,-1,117,33,35,-1,117,35,115,-1,115,35,37,-1,115,37,113,-1,113,37,39,-1,113,39,111,-1,111,39,41,-1,111,41,43,-1,127,129,21,-1,21,129,131,-1,21,131,17,-1,17,131,133,-1,17,133,14,-1,14,133,135,-1,14,135,3,-1,85,87,61,-1,61,87,88,-1,61,88,59,-1,59,88,92,-1,59,92,57,-1,57,92,94,-1,57,94,55,-1,55,94,96,-1,55,96,53,-1,53,96,98,-1,53,98,51,-1,51,98,100,-1,51,100,49,-1,49,100,102,-1,49,102,47,-1,47,102,107,-1,47,107,45,-1,45,107,105,-1,45,105,104,-1,136,137,138,-1,138,137,139,-1,140,136,141,-1,141,136,138,-1,140,141,142,-1,140,142,143,-1,143,142,144,-1,143,144,145,-1,146,145,147,-1,147,145,144,-1,148,146,149,-1,149,146,147,-1,150,151,152,-1,152,151,148,-1,152,148,149,-1,153,151,154,-1,154,151,150,-1,155,156,157,-1,157,156,153,-1,157,153,154,-1,158,159,160,-1,160,159,156,-1,160,156,155,-1,159,158,161,-1,159,161,162,-1,162,161,163,-1,162,163,164,-1,163,165,164,-1,164,165,166,-1,164,166,167,-1,167,166,168,-1,167,168,169,-1,169,168,170,-1,169,170,171,-1,171,170,172,-1,171,172,173,-1,173,172,174,-1,173,174,175,-1,176,175,177,-1,177,175,174,-1,176,177,178,-1,176,178,179,-1,179,178,180,-1,179,180,181,-1,181,180,182,-1,183,184,182,-1,182,184,185,-1,182,185,181,-1,183,186,184,-1,184,186,187,-1,184,187,188,-1,188,187,189,-1,188,189,190,-1,190,189,191,-1,190,191,192,-1,192,191,193,-1,192,193,194,-1,139,137,195,-1,195,137,194,-1,195,194,193,-1,143,145,194,-1,137,136,194,-1,194,136,140,-1,194,140,143,-1,151,153,148,-1,148,153,156,-1,148,156,146,-1,192,162,190,-1,190,162,164,-1,175,176,173,-1,173,176,179,-1,173,179,171,-1,171,179,181,-1,171,181,169,-1,169,181,185,-1,169,185,167,-1,167,185,184,-1,167,184,164,-1,164,184,188,-1,164,188,190,-1,145,146,194,-1,194,146,156,-1,194,156,192,-1,192,156,159,-1,192,159,162,-1,196,197,198,-1,198,197,199,-1,200,201,202,-1,202,201,196,-1,202,196,198,-1,203,201,204,-1,204,201,200,-1,205,206,207,-1,207,206,203,-1,207,203,204,-1,208,206,209,-1,209,206,205,-1,210,211,212,-1,212,211,208,-1,212,208,209,-1,213,211,214,-1,214,211,210,-1,215,216,217,-1,217,216,213,-1,217,213,214,-1,218,216,219,-1,219,216,215,-1,220,221,222,-1,222,221,218,-1,222,218,219,-1,223,221,224,-1,224,221,220,-1,199,197,225,-1,225,197,223,-1,225,223,224,-1,223,197,196,-1,196,201,223,-1,223,201,203,-1,223,203,221,-1,216,218,213,-1,213,218,221,-1,213,221,211,-1,211,221,203,-1,211,203,208,-1,208,203,206,-1,226,227,228,-1,228,227,229,-1,228,229,230,-1,230,229,231,-1,230,231,232,-1,232,231,233,-1,232,233,234,-1,234,233,235,-1,234,235,236,-1,236,235,237,-1,236,237,238,-1,238,237,239,-1,238,239,240,-1,240,239,241,-1,240,241,242,-1,242,241,243,-1,242,243,244,-1,244,243,245,-1,244,245,246,-1,246,245,247,-1,246,247,248,-1,248,247,249,-1,248,249,250,-1,250,249,251,-1,250,251,252,-1,252,251,253,-1,252,253,254,-1,254,253,255,-1,254,255,256,-1,256,255,257,-1,256,257,258,-1,258,257,259,-1,258,259,260,-1,260,259,226,-1,260,226,228,-1,234,236,261,-1,261,236,262,-1,234,261,263,-1,234,263,232,-1,232,263,264,-1,232,264,230,-1,230,264,265,-1,230,265,228,-1,228,265,266,-1,228,266,260,-1,260,266,267,-1,260,267,258,-1,258,267,268,-1,258,268,256,-1,256,268,269,-1,256,269,254,-1,254,269,270,-1,254,270,252,-1,252,270,271,-1,252,271,250,-1,250,271,272,-1,250,272,248,-1,248,272,273,-1,248,273,246,-1,246,273,274,-1,246,274,244,-1,244,274,275,-1,244,275,242,-1,242,275,276,-1,242,276,240,-1,238,240,277,-1,277,240,276,-1,236,238,262,-1,262,238,277,-1,241,239,278,-1,278,239,279,-1,239,237,279,-1,279,237,280,-1,237,235,280,-1,280,235,281,-1,227,282,283,-1,227,283,229,-1,229,283,284,-1,229,284,231,-1,231,284,285,-1,231,285,233,-1,233,285,281,-1,233,281,235,-1,255,286,287,-1,255,287,257,-1,257,287,288,-1,257,288,259,-1,259,288,289,-1,259,289,226,-1,226,289,282,-1,226,282,227,-1,247,290,291,-1,247,291,249,-1,249,291,292,-1,249,292,251,-1,251,292,293,-1,251,293,253,-1,253,293,286,-1,253,286,255,-1,241,278,294,-1,241,294,243,-1,243,294,295,-1,243,295,245,-1,245,295,290,-1,245,290,247,-1,
        ]
    }
}
Shape{
    appearance Appearance {
        material  Material 	{
            diffuseColor 0.2235294117647059 0.2235294117647059 0.2235294117647059
            specularColor 0.11372549019607843 0.11372549019607843 0.11372549019607843
            ambientIntensity 0.2235
            transparency 0.0
            shininess 0.5
        }
    }
    geometry IndexedFaceSet {
        ccw TRUE
        solid FALSE
        coord DEF co Coordinate {
            point [
                4.0982 -0.0946 1.3861, 4.0982 -0.1872 1.3861, 4.0982 -0.0946 1.3679, 4.0982 -0.1872 1.3686, 4.0982 -0.1853 1.3522, 4.0982 -0.1815 1.3422, 4.0982 -0.1761 1.3345, 4.0982 -0.1747 1.3329, 4.0982 -0.1468 1.3204, 4.0982 -0.1398 1.3201, 4.0982 -0.1266 1.3214, 4.0982 -0.1173 1.3246, 4.0982 -0.1103 1.329, 4.0982 -0.1059 1.3333, 4.0982 -0.0964 1.3524, 4.0982 -0.1001 1.342, 4.0982 -0.1669 1.3267, 4.0982 -0.1579 1.3227
            ]
        }
        coordIndex [
            0,1,2,-1,2,1,3,-1,2,3,4,-1,4,5,2,-1,2,5,6,-1,2,6,7,-1,8,9,2,-1,2,9,10,-1,2,10,11,-1,11,12,2,-1,2,12,13,-1,2,13,14,-1,14,13,15,-1,7,16,2,-1,2,16,17,-1,2,17,8,-1,
        ]
    }
}
Shape{
    appearance Appearance {
        material  Material 	{
            diffuseColor 1.0 1.0 1.0
            specularColor 0.5019607843137255 0.5019607843137255 0.5019607843137255
            ambientIntensity 1.0
            transparency 0.0
            shininess 0.5
        }
    }
    geometry IndexedFaceSet {
        ccw TRUE
        solid FALSE
        coord DEF co Coordinate {
            point [
                4.0986 -0.1545 1.2636, 4.0986 -0.1681 1.2685, 4.0986 -0.1545 1.2232, 4.0986 -0.1681 1.2185, 4.0986 -0.1046 1.2456, 4.0986 -0.0808 1.2514, 4.0986 -0.2009 1.2971, 4.0986 -0.2009 1.28, 4.0986 -0.101 1.2446, 4.0986 -0.0962 1.2436, 4.0986 -0.0808 1.2348, 4.0986 -0.0962 1.2433, 4.0986 -0.1013 1.2423, 4.0986 -0.1046 1.2414, 4.0986 -0.2009 1.1891, 4.0986 -0.2009 1.2062, 4.0982 -0.0808 1.2348, 4.0982 -0.2009 1.1891, 4.0982 -0.0808 1.2514, 4.0982 -0.2009 1.2971, 4.0982 -0.2009 1.28, 4.0982 -0.1681 1.2685, 4.0982 -0.1681 1.2185, 4.0982 -0.2009 1.2062, 4.0982 -0.1545 1.2636, 4.0982 -0.1545 1.2232, 4.0982 -0.1046 1.2414, 4.0982 -0.0962 1.2433, 4.0982 -0.1013 1.2423, 4.0982 -0.0962 1.2436, 4.0982 -0.1046 1.2456, 4.0982 -0.101 1.2446
            ]
        }
        coordIndex [
            0,1,2,-1,2,1,3,-1,4,5,0,-1,0,5,6,-1,0,6,1,-1,1,6,7,-1,4,8,5,-1,5,8,9,-1,5,9,10,-1,10,9,11,-1,10,11,12,-1,12,13,10,-1,10,13,2,-1,10,2,14,-1,14,2,3,-1,14,3,15,-1,10,14,16,-1,16,14,17,-1,5,10,18,-1,18,10,16,-1,6,5,19,-1,19,5,18,-1,7,6,20,-1,20,6,19,-1,1,7,21,-1,21,7,20,-1,3,1,22,-1,22,1,21,-1,15,3,23,-1,23,3,22,-1,14,15,17,-1,17,15,23,-1,0,2,24,-1,24,2,25,-1,2,13,25,-1,25,13,26,-1,11,27,28,-1,11,28,12,-1,12,28,26,-1,12,26,13,-1,11,9,27,-1,27,9,29,-1,4,30,31,-1,4,31,8,-1,8,31,29,-1,8,29,9,-1,4,0,30,-1,30,0,24,-1,
        ]
    }
}
Shape{
    appearance Appearance {
        material  Material 	{
            diffuseColor 0.2235294117647059 0.2235294117647059 0.2235294117647059
            specularColor 0.11372549019607843 0.11372549019607843 0.11372549019607843
            ambientIntensity 0.2235
            transparency 0.0
            shininess 0.5
        }
    }
    geometry IndexedFaceSet {
        ccw TRUE
        solid FALSE
        coord DEF co Coordinate {
            point [
                4.0982 -0.0962 1.2433, 4.0982 -0.0962 1.2436, 4.0982 -0.1013 1.2423, 4.0982 -0.101 1.2446, 4.0982 -0.1046 1.2414, 4.0982 -0.1046 1.2456, 4.0982 -0.1545 1.2232, 4.0982 -0.1545 1.2636
            ]
        }
        coordIndex [
            0,1,2,-1,2,1,3,-1,2,3,4,-1,4,3,5,-1,4,5,6,-1,6,5,7,-1,
        ]
    }
}
Shape{
    appearance Appearance {
        material  Material 	{
            diffuseColor 1.0 1.0 1.0
            specularColor 0.5019607843137255 0.5019607843137255 0.5019607843137255
            ambientIntensity 1.0
            transparency 0.0
            shininess 0.5
        }
    }
    geometry IndexedFaceSet {
        ccw TRUE
        solid FALSE
        coord DEF co Coordinate {
            point [
                4.0986 -0.218 2.3519, 4.0986 -0.2337 2.3392, 4.0986 -0.1424 2.3596, 4.0986 0.0059 2.3745, 4.0986 0.016 2.3555, 4.0986 0.0686 2.36, 4.0986 0.0711 2.3067, 4.0986 0.0087 2.2802, 4.0986 0.0357 2.2672, 4.0986 -0.1309 2.3783, 4.0986 -0.1964 2.3713, 4.0986 -0.1996 2.3605, 4.0986 0.0728 2.3263, 4.0986 -0.1406 2.2731, 4.0986 -0.1435 2.2652, 4.0986 -0.1638 2.194, 4.0986 -0.1481 2.2583, 4.0986 -0.1543 2.2528, 4.0986 -0.1006 2.0744, 4.0986 -0.0553 2.1009, 4.0986 -0.1151 2.2153, 4.0986 -0.1399 2.2802, 4.0986 -0.1409 2.2886, 4.0986 -0.0886 2.2998, 4.0986 -0.1439 2.296, 4.0986 -0.0958 2.3186, 4.0986 -0.1486 2.3027, 4.0986 -0.1079 2.3361, 4.0986 -0.1522 2.3061, 4.0986 -0.1241 2.3502, 4.0986 -0.1593 2.3105, 4.0986 -0.1673 2.313, 4.0986 -0.1756 2.3134, 4.0986 -0.0918 2.2484, 4.0986 -0.0867 2.269, 4.0986 -0.0861 2.2794, 4.0986 -0.1613 2.2491, 4.0986 -0.1692 2.2471, 4.0986 -0.1723 2.194, 4.0986 -0.177 2.2471, 4.0986 -0.1813 2.1944, 4.0986 -0.016 2.0462, 4.0986 -0.016 2.0394, 4.0986 0.0301 2.0044, 4.0986 -0.0181 2.0231, 4.0986 0.0287 2.0002, 4.0986 -0.0238 2.0082, 4.0986 0.0161 1.9748, 4.0986 -0.0035 1.9517, 4.0986 0.0914 2.2892, 4.0986 0.0586 2.248, 4.0986 0.1086 2.2691, 4.0986 0.0753 2.2251, 4.0986 0.1216 2.2482, 4.0986 0.0211 2.3345, 4.0986 0.0215 2.3255, 4.0986 0.0722 2.3165, 4.0986 0.019 2.3053, 4.0986 0.012 2.2862, 4.0986 -0.1015 2.2303, 4.0986 -0.1629 1.9515, 4.0986 -0.129 1.9912, 4.0986 -0.1826 1.9747, 4.0986 -0.1393 2.0038, 4.0986 -0.1953 2.0007, 4.0986 -0.1463 2.0189, 4.0986 -0.2013 2.0292, 4.0986 -0.1493 2.0343, 4.0986 -0.2013 2.0795, 4.0986 -0.1493 2.0727, 4.0986 -0.2006 2.0844, 4.0986 -0.1836 2.3119, 4.0986 -0.1908 2.3085, 4.0986 -0.0331 1.995, 4.0986 -0.044 1.9852, 4.0986 -0.0278 1.9342, 4.0986 -0.0587 1.9773, 4.0986 -0.0539 1.9238, 4.0986 -0.0751 1.9732, 4.0986 -0.0818 1.9199, 4.0986 -0.0827 1.9728, 4.0986 -0.1123 1.9238, 4.0986 -0.0993 1.9749, 4.0986 -0.1393 1.9345, 4.0986 -0.1145 1.9808, 4.0986 -0.1278 1.9902, 4.0986 0.0975 2.0505, 4.0986 0.0583 2.084, 4.0986 0.0647 2.0221, 4.0986 0.0353 2.0647, 4.0986 0.0078 2.0515, 4.0986 -0.0432 2.4083, 4.0986 -0.0574 2.4644, 4.0986 -0.0639 2.4109, 4.0986 -0.0656 2.4647, 4.0986 -0.0771 2.4098, 4.0986 -0.099 2.4605, 4.0986 -0.098 2.4037, 4.0986 -0.1308 2.4483, 4.0986 -0.1152 2.3936, 4.0986 -0.1587 2.4288, 4.0986 -0.1814 2.4022, 4.0986 -0.2024 2.1995, 4.0986 -0.1852 2.2492, 4.0986 -0.2214 2.2096, 4.0986 -0.1925 2.2531, 4.0986 -0.236 2.2226, 4.0986 -0.1978 2.2578, 4.0986 -0.2478 2.2396, 4.0986 -0.2024 2.2643, 4.0986 -0.2552 2.2587, 4.0986 -0.2054 2.2717, 4.0986 -0.2577 2.2794, 4.0986 -0.2065 2.2802, 4.0986 -0.2576 2.2826, 4.0986 -0.2064 2.2817, 4.0986 -0.2545 2.3028, 4.0986 -0.2052 2.2893, 4.0986 -0.2462 2.3225, 4.0986 -0.2019 2.2971, 4.0986 -0.1969 2.3036, 4.0986 0.1367 2.2089, 4.0986 0.0866 2.1972, 4.0986 0.1419 2.1666, 4.0986 0.0907 2.1658, 4.0986 0.138 2.1303, 4.0986 0.0871 2.1368, 4.0986 0.1226 2.0876, 4.0986 0.0769 2.11, 4.0986 0.0602 2.086, 4.0986 0.0563 2.3916, 4.0986 0.0372 2.4188, 4.0986 -0.0071 2.3892, 4.0986 0.0318 2.4245, 4.0986 -0.0241 2.401, 4.0986 0.0054 2.4451, 4.0986 -0.0253 2.4587, 4.0986 -0.1485 2.077, 4.0986 -0.1924 2.0975, 4.0986 -0.1944 2.0955, 4.0986 -0.149 2.0744, 4.0986 -0.1983 2.09, 4.0986 -0.1749 2.1043, 4.0986 -0.1812 2.1035, 4.0986 -0.187 2.1012, 4.0986 -0.1493 2.0845, 4.0986 -0.1516 2.0903, 4.0986 -0.1715 2.1041, 4.0986 -0.1553 2.0956, 4.0986 -0.1592 2.0991, 4.0986 -0.165 2.1024, 4.0986 -0.1484 2.0778, 4.0982 -0.0818 1.9199, 4.0982 -0.0539 1.9238, 4.0982 -0.0114 1.946, 4.0982 -0.0466 1.9267, 4.0982 -0.0278 1.9342, 4.0982 -0.0035 1.9517, 4.0982 0.0161 1.9748, 4.0982 0.0287 2.0002, 4.0982 0.0301 2.0044, 4.0982 0.0647 2.0221, 4.0982 0.0975 2.0505, 4.0982 0.1107 2.07, 4.0982 0.1226 2.0876, 4.0982 0.138 2.1303, 4.0982 0.1419 2.1666, 4.0982 0.1086 2.2691, 4.0982 0.1107 2.2657, 4.0982 0.1216 2.2482, 4.0982 0.1367 2.2089, 4.0982 0.0914 2.2892, 4.0982 0.0711 2.3067, 4.0982 0.0722 2.3165, 4.0982 0.0728 2.3263, 4.0982 0.0686 2.36, 4.0982 0.0563 2.3916, 4.0982 0.0372 2.4188, 4.0982 0.0318 2.4245, 4.0982 -0.0656 2.4647, 4.0982 0.0054 2.4451, 4.0982 -0.0114 2.4525, 4.0982 -0.0253 2.4587, 4.0982 -0.0466 2.4625, 4.0982 -0.0574 2.4644, 4.0982 -0.099 2.4605, 4.0982 -0.1308 2.4483, 4.0982 -0.1587 2.4288, 4.0982 -0.1814 2.4022, 4.0982 -0.1964 2.3713, 4.0982 -0.1996 2.3605, 4.0982 -0.2019 2.3594, 4.0982 -0.218 2.3519, 4.0982 -0.2337 2.3392, 4.0982 -0.2462 2.3225, 4.0982 -0.2495 2.3147, 4.0982 -0.2545 2.3028, 4.0982 -0.2576 2.2826, 4.0982 -0.2577 2.2794, 4.0982 -0.1723 2.194, 4.0982 -0.2552 2.2587, 4.0982 -0.2495 2.244, 4.0982 -0.2478 2.2396, 4.0982 -0.236 2.2226, 4.0982 -0.2214 2.2096, 4.0982 -0.2024 2.1995, 4.0982 -0.2019 2.1994, 4.0982 -0.1813 2.1944, 4.0982 -0.1638 2.194, 4.0982 -0.1006 2.0744, 4.0982 -0.0553 2.1009, 4.0982 -0.1151 2.2153, 4.0982 -0.1015 2.2303, 4.0982 -0.0918 2.2484, 4.0982 -0.0867 2.269, 4.0982 -0.0861 2.2794, 4.0982 -0.0886 2.2998, 4.0982 -0.0958 2.3186, 4.0982 -0.1079 2.3361, 4.0982 -0.1241 2.3502, 4.0982 -0.1424 2.3596, 4.0982 -0.1309 2.3783, 4.0982 -0.1152 2.3936, 4.0982 -0.098 2.4037, 4.0982 -0.0771 2.4098, 4.0982 -0.0639 2.4109, 4.0982 -0.0466 2.4087, 4.0982 -0.0432 2.4083, 4.0982 -0.0241 2.401, 4.0982 -0.0114 2.3921, 4.0982 -0.0071 2.3892, 4.0982 0.0059 2.3745, 4.0982 0.016 2.3555, 4.0982 0.0211 2.3345, 4.0982 0.0215 2.3255, 4.0982 0.019 2.3053, 4.0982 0.012 2.2862, 4.0982 0.0087 2.2802, 4.0982 0.0357 2.2672, 4.0982 0.0586 2.248, 4.0982 0.0753 2.2251, 4.0982 0.0866 2.1972, 4.0982 0.0907 2.1658, 4.0982 -0.016 2.0462, 4.0982 -0.0114 2.0473, 4.0982 0.0078 2.0515, 4.0982 0.0353 2.0647, 4.0982 0.0583 2.084, 4.0982 0.0602 2.086, 4.0982 0.0769 2.11, 4.0982 0.0871 2.1368, 4.0982 -0.016 2.0394, 4.0982 -0.0181 2.0231, 4.0982 -0.0238 2.0082, 4.0982 -0.0331 1.995, 4.0982 -0.044 1.9852, 4.0982 -0.0466 1.9838, 4.0982 -0.0587 1.9773, 4.0982 -0.0751 1.9732, 4.0982 -0.0827 1.9728, 4.0982 -0.0993 1.9749, 4.0982 -0.1145 1.9808, 4.0982 -0.1278 1.9902, 4.0982 -0.129 1.9912, 4.0982 -0.1393 2.0038, 4.0982 -0.1463 2.0189, 4.0982 -0.1493 2.0343, 4.0982 -0.1493 2.0727, 4.0982 -0.149 2.0744, 4.0982 -0.1485 2.077, 4.0982 -0.1484 2.0778, 4.0982 -0.1493 2.0845, 4.0982 -0.1516 2.0903, 4.0982 -0.1553 2.0956, 4.0982 -0.1592 2.0991, 4.0982 -0.165 2.1024, 4.0982 -0.1715 2.1041, 4.0982 -0.1749 2.1043, 4.0982 -0.1812 2.1035, 4.0982 -0.187 2.1012, 4.0982 -0.1924 2.0975, 4.0982 -0.1944 2.0955, 4.0982 -0.1983 2.09, 4.0982 -0.2006 2.0844, 4.0982 -0.2013 2.0795, 4.0982 -0.2013 2.0292, 4.0982 -0.1953 2.0007, 4.0982 -0.1826 1.9747, 4.0982 -0.1629 1.9515, 4.0982 -0.1393 1.9345, 4.0982 -0.1123 1.9238, 4.0982 -0.1399 2.2802, 4.0982 -0.1406 2.2731, 4.0982 -0.1435 2.2652, 4.0982 -0.1481 2.2583, 4.0982 -0.1543 2.2528, 4.0982 -0.1613 2.2491, 4.0982 -0.1692 2.2471, 4.0982 -0.177 2.2471, 4.0982 -0.1852 2.2492, 4.0982 -0.1925 2.2531, 4.0982 -0.1978 2.2578, 4.0982 -0.2024 2.2643, 4.0982 -0.2054 2.2717, 4.0982 -0.2065 2.2802, 4.0982 -0.2064 2.2817, 4.0982 -0.2052 2.2893, 4.0982 -0.2019 2.2971, 4.0982 -0.1969 2.3036, 4.0982 -0.1908 2.3085, 4.0982 -0.1836 2.3119, 4.0982 -0.1756 2.3134, 4.0982 -0.1673 2.313, 4.0982 -0.1593 2.3105, 4.0982 -0.1522 2.3061, 4.0982 -0.1486 2.3027, 4.0982 -0.1439 2.296, 4.0982 -0.1409 2.2886
            ]
        }
        coordIndex [
            0,1,2,-1,3,4,5,-1,6,7,8,-1,9,10,2,-1,2,10,11,-1,2,11,0,-1,5,4,12,-1,13,14,15,-1,15,14,16,-1,15,16,17,-1,18,19,15,-1,15,19,20,-1,15,20,13,-1,13,20,21,-1,22,23,24,-1,24,23,25,-1,24,25,26,-1,26,25,27,-1,26,27,28,-1,28,27,29,-1,28,29,30,-1,30,29,2,-1,30,2,31,-1,31,2,32,-1,33,34,22,-1,22,34,35,-1,22,35,23,-1,17,36,15,-1,15,36,37,-1,15,37,38,-1,38,37,39,-1,38,39,40,-1,41,42,43,-1,43,42,44,-1,43,44,45,-1,45,44,46,-1,45,46,47,-1,47,46,48,-1,6,8,49,-1,49,8,50,-1,49,50,51,-1,51,50,52,-1,51,52,53,-1,4,54,12,-1,12,54,55,-1,12,55,56,-1,56,55,57,-1,56,57,6,-1,6,57,58,-1,6,58,7,-1,21,20,22,-1,22,20,59,-1,22,59,33,-1,60,61,62,-1,62,61,63,-1,62,63,64,-1,64,63,65,-1,64,65,66,-1,66,65,67,-1,66,67,68,-1,68,67,69,-1,68,69,70,-1,32,2,71,-1,71,2,1,-1,71,1,72,-1,46,73,48,-1,48,73,74,-1,48,74,75,-1,75,74,76,-1,75,76,77,-1,77,76,78,-1,77,78,79,-1,79,78,80,-1,79,80,81,-1,81,80,82,-1,81,82,83,-1,83,82,84,-1,83,84,60,-1,60,84,85,-1,60,85,61,-1,86,87,88,-1,88,87,89,-1,88,89,43,-1,43,89,90,-1,43,90,41,-1,91,92,93,-1,93,92,94,-1,93,94,95,-1,95,94,96,-1,95,96,97,-1,97,96,98,-1,97,98,99,-1,99,98,100,-1,99,100,9,-1,9,100,101,-1,9,101,10,-1,40,39,102,-1,102,39,103,-1,102,103,104,-1,104,103,105,-1,104,105,106,-1,106,105,107,-1,106,107,108,-1,108,107,109,-1,108,109,110,-1,110,109,111,-1,110,111,112,-1,112,111,113,-1,112,113,114,-1,114,113,115,-1,114,115,116,-1,116,115,117,-1,116,117,118,-1,118,117,119,-1,118,119,1,-1,1,119,120,-1,1,120,72,-1,53,52,121,-1,121,52,122,-1,121,122,123,-1,123,122,124,-1,123,124,125,-1,125,124,126,-1,125,126,127,-1,127,126,128,-1,127,128,86,-1,86,128,129,-1,86,129,87,-1,5,130,3,-1,3,130,131,-1,3,131,132,-1,132,131,133,-1,132,133,134,-1,134,133,135,-1,134,135,91,-1,91,135,136,-1,91,136,92,-1,137,138,139,-1,69,140,70,-1,70,140,137,-1,70,137,141,-1,141,137,139,-1,142,143,137,-1,137,143,144,-1,137,144,138,-1,145,146,147,-1,146,148,147,-1,147,148,149,-1,147,149,150,-1,142,137,147,-1,147,137,151,-1,147,151,145,-1,79,152,153,-1,154,48,75,-1,79,153,77,-1,77,153,155,-1,77,155,75,-1,75,155,156,-1,75,156,154,-1,154,157,48,-1,48,157,158,-1,48,158,47,-1,47,158,159,-1,47,159,45,-1,45,159,160,-1,45,160,43,-1,43,160,161,-1,43,161,88,-1,88,161,162,-1,88,162,86,-1,127,86,163,-1,163,86,162,-1,163,164,127,-1,127,164,165,-1,127,165,125,-1,125,165,166,-1,125,166,123,-1,167,51,168,-1,168,51,53,-1,168,53,169,-1,169,53,121,-1,169,121,170,-1,170,121,123,-1,170,123,166,-1,51,167,171,-1,51,171,49,-1,49,171,172,-1,49,172,6,-1,6,172,173,-1,6,173,56,-1,56,173,174,-1,56,174,12,-1,12,174,175,-1,12,175,5,-1,5,175,176,-1,5,176,130,-1,130,176,177,-1,130,177,131,-1,131,177,178,-1,131,178,133,-1,179,94,92,-1,133,178,180,-1,133,180,135,-1,135,180,181,-1,135,181,136,-1,181,182,136,-1,136,182,183,-1,136,183,92,-1,92,183,184,-1,92,184,179,-1,94,179,185,-1,94,185,96,-1,96,185,186,-1,96,186,98,-1,98,186,187,-1,98,187,100,-1,100,187,188,-1,100,188,101,-1,101,188,189,-1,101,189,10,-1,10,189,190,-1,10,190,11,-1,11,190,191,-1,11,191,0,-1,191,192,0,-1,0,192,193,-1,0,193,1,-1,1,193,194,-1,1,194,118,-1,118,194,195,-1,118,195,116,-1,195,196,116,-1,116,196,197,-1,116,197,114,-1,114,197,198,-1,114,198,112,-1,199,38,40,-1,112,198,200,-1,112,200,110,-1,110,200,201,-1,110,201,108,-1,201,202,108,-1,108,202,203,-1,108,203,106,-1,106,203,204,-1,106,204,104,-1,104,204,205,-1,104,205,102,-1,102,205,206,-1,102,206,40,-1,40,206,207,-1,40,207,199,-1,15,38,208,-1,208,38,199,-1,18,15,209,-1,209,15,208,-1,19,18,210,-1,210,18,209,-1,20,19,211,-1,211,19,210,-1,20,211,212,-1,20,212,59,-1,59,212,213,-1,59,213,33,-1,33,213,214,-1,33,214,34,-1,34,214,215,-1,34,215,35,-1,35,215,216,-1,35,216,23,-1,23,216,217,-1,23,217,25,-1,25,217,218,-1,25,218,27,-1,27,218,219,-1,27,219,29,-1,29,219,220,-1,29,220,2,-1,2,220,221,-1,2,221,9,-1,9,221,222,-1,9,222,99,-1,99,222,223,-1,99,223,97,-1,97,223,224,-1,97,224,95,-1,95,224,225,-1,95,225,93,-1,91,93,226,-1,226,93,225,-1,226,227,91,-1,91,227,228,-1,91,228,134,-1,134,228,229,-1,134,229,132,-1,229,230,132,-1,132,230,231,-1,132,231,3,-1,3,231,232,-1,3,232,4,-1,4,232,233,-1,4,233,54,-1,54,233,234,-1,54,234,55,-1,55,234,235,-1,55,235,57,-1,57,235,236,-1,57,236,58,-1,58,236,237,-1,58,237,7,-1,7,237,238,-1,7,238,8,-1,8,238,239,-1,8,239,50,-1,50,239,240,-1,50,240,52,-1,52,240,241,-1,52,241,122,-1,122,241,242,-1,122,242,124,-1,243,41,244,-1,244,41,90,-1,244,90,245,-1,245,90,89,-1,245,89,246,-1,246,89,87,-1,246,87,247,-1,247,87,129,-1,247,129,248,-1,248,129,128,-1,248,128,249,-1,249,128,126,-1,249,126,250,-1,250,126,124,-1,250,124,242,-1,42,41,251,-1,251,41,243,-1,42,251,252,-1,42,252,44,-1,44,252,253,-1,44,253,46,-1,46,253,254,-1,46,254,73,-1,73,254,255,-1,73,255,74,-1,74,255,256,-1,74,256,76,-1,256,257,76,-1,76,257,258,-1,76,258,78,-1,78,258,259,-1,78,259,80,-1,80,259,260,-1,80,260,82,-1,82,260,261,-1,82,261,84,-1,84,261,262,-1,84,262,85,-1,85,262,263,-1,85,263,61,-1,61,263,264,-1,61,264,63,-1,63,264,265,-1,63,265,65,-1,65,265,266,-1,65,266,67,-1,69,67,267,-1,267,67,266,-1,69,267,268,-1,69,268,140,-1,140,268,269,-1,140,269,137,-1,137,269,270,-1,137,270,151,-1,151,270,271,-1,151,271,145,-1,145,271,272,-1,145,272,146,-1,146,272,273,-1,146,273,148,-1,148,273,274,-1,148,274,149,-1,149,274,275,-1,149,275,150,-1,150,275,276,-1,150,276,147,-1,147,276,277,-1,147,277,142,-1,142,277,278,-1,142,278,143,-1,143,278,279,-1,143,279,144,-1,144,279,280,-1,144,280,138,-1,138,280,281,-1,138,281,139,-1,139,281,282,-1,139,282,141,-1,141,282,283,-1,141,283,70,-1,70,283,284,-1,70,284,68,-1,66,68,285,-1,285,68,284,-1,66,285,286,-1,66,286,64,-1,64,286,287,-1,64,287,62,-1,62,287,288,-1,62,288,60,-1,60,288,289,-1,60,289,83,-1,83,289,290,-1,83,290,81,-1,81,290,152,-1,81,152,79,-1,21,291,292,-1,21,292,13,-1,13,292,293,-1,13,293,14,-1,14,293,294,-1,14,294,16,-1,16,294,295,-1,16,295,17,-1,17,295,296,-1,17,296,36,-1,36,296,297,-1,36,297,37,-1,37,297,298,-1,37,298,39,-1,39,298,299,-1,39,299,103,-1,103,299,300,-1,103,300,105,-1,105,300,301,-1,105,301,107,-1,107,301,302,-1,107,302,109,-1,109,302,303,-1,109,303,111,-1,111,303,304,-1,111,304,113,-1,113,304,305,-1,113,305,115,-1,115,305,306,-1,115,306,117,-1,117,306,307,-1,117,307,119,-1,119,307,308,-1,119,308,120,-1,120,308,309,-1,120,309,72,-1,72,309,310,-1,72,310,71,-1,71,310,311,-1,71,311,32,-1,32,311,312,-1,32,312,31,-1,31,312,313,-1,31,313,30,-1,30,313,314,-1,30,314,28,-1,28,314,315,-1,28,315,26,-1,26,315,316,-1,26,316,24,-1,24,316,317,-1,24,317,22,-1,22,317,291,-1,22,291,21,-1,
        ]
    }
}
Shape{
    appearance Appearance {
        material  Material 	{
            diffuseColor 0.2235294117647059 0.2235294117647059 0.2235294117647059
            specularColor 0.11372549019607843 0.11372549019607843 0.11372549019607843
            ambientIntensity 0.2235
            transparency 0.0
            shininess 0.5
        }
    }
    geometry IndexedFaceSet {
        ccw TRUE
        solid FALSE
        coord DEF co Coordinate {
            point [
                4.0982 -0.2064 2.2817, 4.0982 -0.1486 2.3027, 4.0982 -0.1522 2.3061, 4.0982 -0.2054 2.2717, 4.0982 -0.2024 2.2643, 4.0982 -0.1406 2.2731, 4.0982 -0.1399 2.2802, 4.0982 -0.1409 2.2886, 4.0982 -0.1439 2.296, 4.0982 -0.1836 2.3119, 4.0982 -0.1908 2.3085, 4.0982 -0.1969 2.3036, 4.0982 -0.2065 2.2802, 4.0982 -0.1593 2.3105, 4.0982 -0.1673 2.313, 4.0982 -0.1756 2.3134, 4.0982 -0.2019 2.2971, 4.0982 -0.2052 2.2893, 4.0982 -0.1978 2.2578, 4.0982 -0.1925 2.2531, 4.0982 -0.1852 2.2492, 4.0982 -0.177 2.2471, 4.0982 -0.1692 2.2471, 4.0982 -0.1613 2.2491, 4.0982 -0.1543 2.2528, 4.0982 -0.1481 2.2583, 4.0982 -0.1435 2.2652
            ]
        }
        coordIndex [
            0,1,2,-1,3,4,5,-1,6,7,0,-1,0,7,8,-1,0,8,1,-1,9,10,2,-1,2,10,11,-1,6,0,5,-1,5,0,12,-1,5,12,3,-1,13,14,2,-1,2,14,15,-1,2,15,9,-1,11,16,2,-1,2,16,17,-1,2,17,0,-1,4,18,5,-1,5,18,19,-1,5,19,20,-1,20,21,5,-1,5,21,22,-1,5,22,23,-1,23,24,5,-1,5,24,25,-1,5,25,26,-1,
        ]
    }
}
Shape{
    appearance Appearance {
        material  Material 	{
            diffuseColor 0.9686274509803922 0.8784313725490196 0.6
            specularColor 0.6784313725490196 0.615686274509804 0.4196078431372549
            ambientIntensity 0.8737
            transparency 0.0
            shininess 0.5
        }
    }
    geometry IndexedFaceSet {
        ccw TRUE
        solid FALSE
        coord DEF co Coordinate {
            point [
                -1.6262 -0.0709 -0.8872, -1.6262 -0.0709 0.1969, -1.6262 0.0866 -0.8872, -1.6262 0.0866 0.1969, -1.6289 0.0866 0.2172, -1.6289 -0.0709 0.2172, -1.6367 0.0866 0.2362, -1.6367 -0.0709 0.2362, -1.6492 0.0866 0.2525, -1.6492 -0.0709 0.2525, -1.6656 0.0866 0.265, -1.6656 -0.0709 0.265, -1.6845 0.0866 0.2729, -1.6845 -0.0709 0.2729, -1.7049 0.0866 0.2756, -1.7049 -0.0709 0.2756, -1.8152 0.0866 0.2756, -1.8152 -0.0709 0.2756, -1.8327 -0.0709 0.2776, -1.8327 0.0866 0.2776, -1.8493 -0.0709 0.2834, -1.8493 0.0866 0.2834, -1.8643 -0.0709 0.2928, -1.8643 0.0866 0.2928, -1.8767 -0.0709 0.3052, -1.8767 0.0866 0.3052, -1.8861 -0.0709 0.3202, -1.8861 0.0866 0.3202, -1.8919 -0.0709 0.3368, -1.8919 0.0866 0.3368, -1.8939 -0.0709 0.3543, -1.8939 0.0866 0.3543, -1.8939 0.0866 0.9449, -1.8939 -0.0709 0.9449, -1.8898 -0.0709 1.0253, -1.8898 0.0866 1.0253, -1.8775 -0.0709 1.1049, -1.8775 0.0866 1.1049, -1.8665 0.0866 1.1722, -1.8665 -0.0709 1.1722, -1.8614 0.0866 1.2402, -1.8614 -0.0709 1.2402, -1.815 0.0866 2.719, -1.815 -0.0709 2.719, -1.7756 0.0866 2.719, -1.7756 -0.0709 2.719, -1.7603 -0.0709 2.717, -1.7603 0.0866 2.717, -1.7461 -0.0709 2.7112, -1.7461 0.0866 2.7112, -1.7339 -0.0709 2.7018, -1.7339 0.0866 2.7018, -1.7245 -0.0709 2.6897, -1.7245 0.0866 2.6897, -1.6266 0.0866 2.5214, -1.6266 -0.0709 2.5214, -1.5994 -0.0709 2.4591, -1.5994 0.0866 2.4591, -1.5871 -0.0709 2.3921, -1.5871 0.0866 2.3921, -1.5905 -0.0709 2.3242, -1.5905 0.0866 2.3242, -1.6094 -0.0709 2.2589, -1.6094 0.0866 2.2589, -1.6221 0.0866 2.2187, -1.6221 -0.0709 2.2187, -1.6275 0.0866 2.1769, -1.6275 -0.0709 2.1769, -1.6772 0.0866 0.9054, -1.6772 -0.0709 0.9054, -1.6735 0.0866 0.8618, -1.6735 -0.0709 0.8618, -1.6592 0.0866 0.8205, -1.6592 -0.0709 0.8205, -1.6352 0.0866 0.7838, -1.6352 -0.0709 0.7838, -1.603 0.0866 0.7542, -1.603 -0.0709 0.7542, -1.5645 0.0866 0.7334, -1.5645 -0.0709 0.7334, -1.5221 0.0866 0.7227, -1.5221 -0.0709 0.7227, -1.4783 0.0866 0.7227, -1.4783 -0.0709 0.7227, -1.4359 0.0866 0.7334, -1.4359 -0.0709 0.7334, -1.3974 0.0866 0.7542, -1.3974 -0.0709 0.7542, -1.3651 0.0866 0.7838, -1.3651 -0.0709 0.7838, -1.3412 0.0866 0.8205, -1.3412 -0.0709 0.8205, -1.3269 0.0866 0.8618, -1.3269 -0.0709 0.8618, -1.3232 0.0866 0.9054, -1.3232 -0.0709 0.9054, -1.3729 0.0866 2.1769, -1.3729 -0.0709 2.1769, -1.3783 0.0866 2.2187, -1.3783 -0.0709 2.2187, -1.391 0.0866 2.2589, -1.391 -0.0709 2.2589, -1.4098 -0.0709 2.3242, -1.4098 0.0866 2.3242, -1.4133 -0.0709 2.3921, -1.4133 0.0866 2.3921, -1.401 -0.0709 2.4591, -1.401 0.0866 2.4591, -1.3738 -0.0709 2.5214, -1.3738 0.0866 2.5214, -1.2758 0.0866 2.6897, -1.2758 -0.0709 2.6897, -1.2665 -0.0709 2.7018, -1.2665 0.0866 2.7018, -1.2542 -0.0709 2.7112, -1.2542 0.0866 2.7112, -1.24 -0.0709 2.717, -1.24 0.0866 2.717, -1.2248 -0.0709 2.719, -1.2248 0.0866 2.719, -1.1854 0.0866 2.719, -1.1854 -0.0709 2.719, -1.139 0.0866 1.2402, -1.139 -0.0709 1.2402, -1.1339 0.0866 1.1722, -1.1339 -0.0709 1.1722, -1.1229 0.0866 1.1049, -1.1229 -0.0709 1.1049, -1.1106 -0.0709 1.0253, -1.1106 0.0866 1.0253, -1.1065 -0.0709 0.9449, -1.1065 0.0866 0.9449, -1.1065 0.0866 0.3543, -1.1065 -0.0709 0.3543, -1.1085 -0.0709 0.3368, -1.1085 0.0866 0.3368, -1.1143 -0.0709 0.3202, -1.1143 0.0866 0.3202, -1.1237 -0.0709 0.3052, -1.1237 0.0866 0.3052, -1.1361 -0.0709 0.2928, -1.1361 0.0866 0.2928, -1.1511 -0.0709 0.2834, -1.1511 0.0866 0.2834, -1.1677 -0.0709 0.2776, -1.1677 0.0866 0.2776, -1.1852 -0.0709 0.2756, -1.1852 0.0866 0.2756, -1.2955 0.0866 0.2756, -1.2955 -0.0709 0.2756, -1.3159 0.0866 0.2729, -1.3159 -0.0709 0.2729, -1.3348 0.0866 0.265, -1.3348 -0.0709 0.265, -1.3512 0.0866 0.2525, -1.3512 -0.0709 0.2525, -1.3637 0.0866 0.2362, -1.3637 -0.0709 0.2362, -1.3715 0.0866 0.2172, -1.3715 -0.0709 0.2172, -1.3742 0.0866 0.1969, -1.3742 -0.0709 0.1969, -1.3742 0.0866 -0.8872, -1.3742 -0.0709 -0.8872, -1.453 0.0866 -1.1811, -1.5474 0.0866 -1.1811, -1.5474 -0.0709 -1.1811, -1.453 -0.0709 -1.1811
            ]
        }
        coordIndex [
            0,1,2,-1,2,1,3,-1,3,1,4,-1,4,1,5,-1,4,5,6,-1,6,5,7,-1,6,7,8,-1,8,7,9,-1,8,9,10,-1,10,9,11,-1,10,11,12,-1,12,11,13,-1,12,13,14,-1,14,13,15,-1,16,14,17,-1,17,14,15,-1,16,17,18,-1,16,18,19,-1,19,18,20,-1,19,20,21,-1,21,20,22,-1,21,22,23,-1,23,22,24,-1,23,24,25,-1,25,24,26,-1,25,26,27,-1,27,26,28,-1,27,28,29,-1,29,28,30,-1,29,30,31,-1,32,31,33,-1,33,31,30,-1,32,33,34,-1,32,34,35,-1,35,34,36,-1,35,36,37,-1,37,36,38,-1,38,36,39,-1,38,39,40,-1,40,39,41,-1,42,40,43,-1,43,40,41,-1,44,42,45,-1,45,42,43,-1,44,45,46,-1,44,46,47,-1,47,46,48,-1,47,48,49,-1,49,48,50,-1,49,50,51,-1,51,50,52,-1,51,52,53,-1,54,53,55,-1,55,53,52,-1,54,55,56,-1,54,56,57,-1,57,56,58,-1,57,58,59,-1,59,58,60,-1,59,60,61,-1,61,60,62,-1,61,62,63,-1,63,62,64,-1,64,62,65,-1,64,65,66,-1,66,65,67,-1,68,66,69,-1,69,66,67,-1,68,69,70,-1,70,69,71,-1,70,71,72,-1,72,71,73,-1,72,73,74,-1,74,73,75,-1,74,75,76,-1,76,75,77,-1,76,77,78,-1,78,77,79,-1,78,79,80,-1,80,79,81,-1,80,81,82,-1,82,81,83,-1,82,83,84,-1,84,83,85,-1,84,85,86,-1,86,85,87,-1,86,87,88,-1,88,87,89,-1,88,89,90,-1,90,89,91,-1,90,91,92,-1,92,91,93,-1,92,93,94,-1,94,93,95,-1,96,94,97,-1,97,94,95,-1,96,97,98,-1,98,97,99,-1,98,99,100,-1,100,99,101,-1,100,101,102,-1,100,102,103,-1,103,102,104,-1,103,104,105,-1,105,104,106,-1,105,106,107,-1,107,106,108,-1,107,108,109,-1,110,109,111,-1,111,109,108,-1,110,111,112,-1,110,112,113,-1,113,112,114,-1,113,114,115,-1,115,114,116,-1,115,116,117,-1,117,116,118,-1,117,118,119,-1,120,119,121,-1,121,119,118,-1,122,120,123,-1,123,120,121,-1,122,123,124,-1,124,123,125,-1,124,125,126,-1,126,125,127,-1,126,127,128,-1,126,128,129,-1,129,128,130,-1,129,130,131,-1,132,131,133,-1,133,131,130,-1,132,133,134,-1,132,134,135,-1,135,134,136,-1,135,136,137,-1,137,136,138,-1,137,138,139,-1,139,138,140,-1,139,140,141,-1,141,140,142,-1,141,142,143,-1,143,142,144,-1,143,144,145,-1,145,144,146,-1,145,146,147,-1,148,147,149,-1,149,147,146,-1,148,149,150,-1,150,149,151,-1,150,151,152,-1,152,151,153,-1,152,153,154,-1,154,153,155,-1,154,155,156,-1,156,155,157,-1,156,157,158,-1,158,157,159,-1,158,159,160,-1,160,159,161,-1,162,160,163,-1,163,160,161,-1,156,158,6,-1,131,132,6,-1,156,6,154,-1,132,148,150,-1,88,90,131,-1,132,150,6,-1,6,150,152,-1,6,152,154,-1,82,84,10,-1,10,84,86,-1,164,165,162,-1,162,165,2,-1,162,2,160,-1,160,2,3,-1,160,3,158,-1,158,3,4,-1,158,4,6,-1,86,88,10,-1,10,88,131,-1,10,131,8,-1,8,131,6,-1,72,74,31,-1,31,74,76,-1,31,76,29,-1,76,14,16,-1,135,145,132,-1,132,145,147,-1,132,147,148,-1,96,98,120,-1,120,98,100,-1,120,100,119,-1,14,76,12,-1,12,76,78,-1,12,78,10,-1,10,78,80,-1,10,80,82,-1,63,42,44,-1,54,57,59,-1,141,143,139,-1,139,143,145,-1,139,145,137,-1,137,145,135,-1,100,103,105,-1,72,31,70,-1,70,31,32,-1,70,32,68,-1,68,32,35,-1,68,35,37,-1,63,64,42,-1,42,64,66,-1,42,66,40,-1,40,66,68,-1,40,68,38,-1,38,68,37,-1,94,124,126,-1,59,61,54,-1,54,61,63,-1,54,63,53,-1,53,63,44,-1,53,44,51,-1,51,44,47,-1,51,47,49,-1,16,19,76,-1,76,19,21,-1,76,21,23,-1,96,120,94,-1,94,120,122,-1,94,122,124,-1,90,92,131,-1,131,92,94,-1,131,94,129,-1,129,94,126,-1,110,113,115,-1,23,25,76,-1,76,25,27,-1,76,27,29,-1,105,107,100,-1,100,107,109,-1,100,109,119,-1,119,109,110,-1,119,110,117,-1,117,110,115,-1,151,149,133,-1,75,73,30,-1,67,65,43,-1,43,65,62,-1,93,91,130,-1,157,155,7,-1,7,155,153,-1,30,73,33,-1,58,56,55,-1,9,89,11,-1,11,89,87,-1,11,87,85,-1,157,7,159,-1,159,7,5,-1,159,5,1,-1,58,55,60,-1,91,89,130,-1,130,89,9,-1,130,9,133,-1,133,9,7,-1,133,7,151,-1,151,7,153,-1,136,144,138,-1,138,144,142,-1,138,142,140,-1,75,30,77,-1,77,30,28,-1,77,28,26,-1,20,18,77,-1,69,39,36,-1,18,17,77,-1,77,17,15,-1,77,15,79,-1,79,15,13,-1,79,13,81,-1,81,13,11,-1,81,11,83,-1,83,11,85,-1,104,102,101,-1,149,146,133,-1,133,146,144,-1,133,144,134,-1,134,144,136,-1,67,43,69,-1,69,43,41,-1,69,41,39,-1,73,71,33,-1,33,71,69,-1,33,69,34,-1,34,69,36,-1,166,167,0,-1,0,167,163,-1,0,163,1,-1,1,163,161,-1,1,161,159,-1,48,46,50,-1,50,46,45,-1,50,45,52,-1,52,45,43,-1,52,43,55,-1,55,43,62,-1,55,62,60,-1,104,101,106,-1,26,24,77,-1,77,24,22,-1,77,22,20,-1,111,121,118,-1,121,111,101,-1,101,111,108,-1,101,108,106,-1,93,130,95,-1,95,130,128,-1,95,128,127,-1,101,99,121,-1,121,99,97,-1,121,97,123,-1,123,97,95,-1,123,95,125,-1,125,95,127,-1,118,116,111,-1,111,116,114,-1,111,114,112,-1,165,164,166,-1,166,164,167,-1,166,0,165,-1,165,0,2,-1,163,167,162,-1,162,167,164,-1,
        ]
    }
}