#VRML V2.0 utf8
# 3D model generated by easyeda2kicad.py (https://github.com/uPesy/easyeda2kicad.py)

Shape{
    appearance Appearance {
        material  Material 	{
            diffuseColor 0.25098039215686274 0.25098039215686274 0.25098039215686274
            specularColor 0.12549019607843137 0.12549019607843137 0.12549019607843137
            ambientIntensity 0.251
            transparency 0.0
            shininess 0.5
        }
    }
    geometry IndexedFaceSet {
        ccw TRUE
        solid FALSE
        coord DEF co Coordinate {
            point [
                2.5965 0.7933 3.3796, 2.5965 0.7933 3.4578, 2.5965 -2.9843 3.4578, 2.5965 -3.153 3.3036, 2.5965 -3.0686 3.3036, 2.5965 -3.0686 3.3796, 2.5965 -3.4387 3.0352, 2.5965 -3.4455 3.0344, 2.5965 -3.3807 3.0344, 2.5965 -3.6429 3.7267, 2.5965 -3.6222 3.7292, 2.5965 -3.7286 3.7292, 2.5965 -3.5739 3.4595, 2.5965 -3.591 3.4578, 2.5965 -3.5027 3.4578, 2.5965 -2.8591 3.4601, 2.5965 -2.8863 3.5331, 2.5965 -2.9843 3.5331, 2.5965 -4.2277 3.5154, 2.5965 -4.1773 3.4708, 2.5965 -4.0015 3.7292, 2.5965 -4.0015 3.4578, 2.5965 -4.4857 3.7568, 2.5965 -4.4447 3.7292, 2.5965 -4.4011 3.6999, 2.5965 -4.3389 3.6282, 2.5965 -4.2986 3.55, 2.5965 -4.2836 3.5448, 2.5965 -4.8408 3.7532, 2.5965 -4.7533 3.787, 2.5965 -5.6105 4.3898, 2.5965 -4.0015 4.3898, 2.5965 -4.6592 3.7986, 2.5965 -4.581 3.7904, 2.5965 -4.8794 3.7292, 2.5965 -5.6105 3.7292, 2.5965 -4.8869 3.7246, 2.5965 -5.6105 3.4578, 2.5965 -5.2945 3.4578, 2.5965 -5.2782 3.4949, 2.5965 -5.2323 3.5538, 2.5965 -5.0891 3.6356, 2.5965 -5.014 3.6449, 2.5965 -4.9315 3.6864, 2.5965 -4.9922 3.6437, 2.5965 -4.9704 3.6411, 2.5965 -5.2197 3.5657, 2.5965 -5.1594 3.6082, 2.5965 -5.0899 3.0396, 2.5965 -5.1142 3.0468, 2.5965 -5.6105 3.0344, 2.5965 -5.1828 3.0803, 2.5965 -5.2417 3.1306, 2.5965 -5.2848 3.1919, 2.5965 -5.3121 3.2626, 2.5965 -5.6105 3.3796, 2.5965 -5.3214 3.3375, 2.5965 -5.3209 3.3551, 2.5965 -5.3166 3.3796, 2.5965 -5.3083 3.4265, 2.5965 -5.0057 2.9361, 2.5965 -5.0428 2.9641, 2.5965 -5.6105 2.9287, 2.5965 -5.071 2.999, 2.5965 -5.0875 3.0344, 2.5965 -4.0015 0.0591, 2.5965 -4.8638 2.9161, 2.5965 -4.9097 2.9105, 2.5965 -5.6105 0.0591, 2.5965 -4.9171 2.9107, 2.5965 -4.9619 2.9177, 2.5965 -4.9881 2.9287, 2.5965 -4.7318 3.0344, 2.5965 -4.7319 3.0341, 2.5965 -4.0015 2.9287, 2.5965 -4.7543 2.9917, 2.5965 -4.7837 2.9586, 2.5965 -4.8215 2.9324, 2.5965 -4.8311 2.9287, 2.5965 -4.7673 3.2274, 2.5965 -4.5131 3.3603, 2.5965 -4.8004 3.2575, 2.5965 -4.8407 3.2792, 2.5965 -4.4723 3.0366, 2.5965 -4.485 3.0406, 2.5965 -4.498 3.0484, 2.5965 -4.5065 3.0567, 2.5965 -4.2293 3.3158, 2.5965 -4.2381 3.3523, 2.5965 -4.2528 3.3796, 2.5965 -5.1972 3.3796, 2.5965 -4.5 3.1392, 2.5965 -4.4881 3.1471, 2.5965 -4.4542 3.2597, 2.5965 -4.475 3.1519, 2.5965 -4.1466 3.1678, 2.5965 -4.181 3.1211, 2.5965 -4.0015 3.0344, 2.5965 -4.1881 3.1137, 2.5965 -4.2383 3.0738, 2.5965 -5.1862 3.266, 2.5965 -5.1633 3.227, 2.5965 -5.067 3.2076, 2.5965 -5.1293 3.1921, 2.5965 -5.088 3.1667, 2.5965 -4.9968 3.2704, 2.5965 -5.0356 3.2435, 2.5965 -5.2019 3.3413, 2.5965 -5.1997 3.3124, 2.5965 -4.118 3.3577, 2.5965 -4.1108 3.3014, 2.5965 -4.0015 3.3796, 2.5965 -4.111 3.2891, 2.5965 -4.1213 3.227, 2.5965 -4.2967 3.0471, 2.5965 -4.3537 3.0358, 2.5965 -4.4656 3.0358, 2.5965 -4.5207 3.0946, 2.5965 -4.5203 3.1006, 2.5965 -4.7199 3.1193, 2.5965 -4.5169 3.1151, 2.5965 -4.5099 3.1283, 2.5965 -4.9548 3.2864, 2.5965 -4.9097 3.2919, 2.5965 -4.8865 3.2906, 2.5965 -4.5145 3.0688, 2.5965 -4.5192 3.0817, 2.5965 -4.7209 3.0809, 2.5965 -4.7199 3.1003, 2.5965 -4.4618 3.1534, 2.5965 -4.46 3.1533, 2.5965 -4.4543 3.152, 2.5965 -4.2669 3.1992, 2.5965 -4.246 3.2288, 2.5965 -4.233 3.2627, 2.5965 -4.2284 3.2995, 2.5965 -4.4504 3.1515, 2.5965 -4.365 3.1515, 2.5965 -4.3312 3.158, 2.5965 -4.2977 3.1734, 2.5965 -4.2696 3.1963, 2.5965 -4.3934 3.4578, 2.5965 -5.1603 3.4578, 2.5965 -4.3916 3.4475, 2.5965 -5.18 3.4294, 2.5965 -5.1963 3.3871, 2.5965 -4.3764 3.4475, 2.5965 -4.2557 3.3851, 2.5965 -4.2779 3.4099, 2.5965 -4.3073 3.4304, 2.5965 -4.3404 3.4431, 2.5965 -4.9256 3.5102, 2.5965 -4.9116 3.5026, 2.5965 -4.8867 3.556, 2.5965 -4.4212 3.5423, 2.5965 -4.4599 3.597, 2.5965 -4.3971 3.4789, 2.5965 -4.4857 3.6218, 2.5965 -4.5398 3.6573, 2.5965 -4.5998 3.6785, 2.5965 -4.6573 3.6847, 2.5965 -4.6691 3.6845, 2.5965 -4.7322 3.6744, 2.5965 -4.9682 3.5257, 2.5965 -5.0121 3.531, 2.5965 -5.0315 3.5301, 2.5965 -4.7937 3.648, 2.5965 -4.8457 3.608, 2.5965 -5.0783 3.519, 2.5965 -5.1207 3.4967, 2.5965 -5.1538 3.4672, 2.5965 -4.1684 3.4578, 2.5965 -4.1398 3.416, 2.5965 -4.1262 3.3796, 2.5965 -2.821 3.4601, 2.5965 -2.9227 3.727, 2.5965 0.7933 3.7292, 2.5965 -2.9843 3.7292, 2.5965 -3.0231 3.4601, 2.5965 -3.0612 3.4601, 2.5965 -3.0686 3.4578, 2.5965 -2.9975 3.5331, 2.5965 -3.0686 3.7292, 2.5965 -2.9843 3.6621, 2.5965 -2.9595 3.727, 2.5965 -3.3807 3.5803, 2.5965 -3.4528 3.5803, 2.5965 -3.3807 3.4905, 2.5965 -3.4528 3.4905, 2.5965 -3.3807 3.7292, 2.5965 -3.3807 3.727, 2.5965 -3.3498 3.727, 2.5965 -3.3807 3.6109, 2.5965 -3.3574 3.6109, 2.5965 -3.3498 3.6963, 2.5965 -3.3185 3.7292, 2.5965 -3.3185 3.4578, 2.5965 -3.3574 3.5803, 2.5965 -3.3437 3.4905, 2.5965 -3.3437 3.4601, 2.5965 -3.3807 3.4578, 2.5965 -3.3807 3.6963, 2.5965 -3.4528 3.6963, 2.5965 -3.4528 3.6109, 2.5965 -3.4873 3.727, 2.5965 -3.5027 3.7292, 2.5965 -3.4873 3.4601, 2.5965 -3.5407 3.7206, 2.5965 -3.5684 3.7286, 2.5965 -3.5757 3.7292, 2.5965 -3.3807 3.4601, 2.5965 -3.5407 3.6846, 2.5965 -3.5452 3.4689, 2.5965 -3.597 3.4868, 2.5965 -3.5668 3.4924, 2.5965 -3.5407 3.5042, 2.5965 -3.5407 3.4711, 2.5965 -3.6912 3.5325, 2.5965 -3.6782 3.5144, 2.5965 -3.673 3.5093, 2.5965 -3.6556 3.4969, 2.5965 -3.6366 3.4896, 2.5965 -3.6096 3.4863, 2.5965 -3.5707 3.6965, 2.5965 -3.6797 3.667, 2.5965 -3.5437 3.6862, 2.5965 -3.6922 3.648, 2.5965 -3.7007 3.6243, 2.5965 -3.6036 3.7004, 2.5965 -3.6139 3.7, 2.5965 -3.6763 3.6708, 2.5965 -3.6371 3.6955, 2.5965 -3.6581 3.6858, 2.5965 -3.7044 3.5905, 2.5965 -3.7041 3.5807, 2.5965 -3.6998 3.554, 2.5965 -3.7286 4.3898, 2.5965 -3.6039 3.7315, 2.5965 -3.5027 4.3898, 2.5965 -3.6032 3.7315, 2.5965 -3.7213 3.6669, 2.5965 -3.702 3.6922, 2.5965 -3.6957 3.6982, 2.5965 -3.6707 3.7158, 2.5965 -3.7286 3.5276, 2.5965 -3.7362 3.5487, 2.5965 -3.7446 3.4578, 2.5965 -3.7405 3.5885, 2.5965 -3.74 3.6024, 2.5965 -3.7446 3.7292, 2.5965 -3.734 3.6372, 2.5965 -3.7286 3.6499, 2.5965 -3.7286 3.3796, 2.5965 -3.6379 3.4578, 2.5965 -3.7286 3.4578, 2.5965 -3.6596 3.4623, 2.5965 -3.6848 3.4742, 2.5965 -3.7063 3.492, 2.5965 -3.7105 3.4967, 2.5965 -3.7258 3.52, 2.5965 -3.5027 3.3796, 2.5965 -3.6146 3.4556, 2.5965 -3.6306 3.4563, 2.5965 -2.0413 0.0591, 2.5965 0.7933 0.0591, 2.5965 -2.0413 0.5315, 2.5965 0.7933 2.9287, 2.5965 -2.9843 0.5315, 2.5965 -2.9843 2.9287, 2.5965 -3.0686 2.9287, 2.5965 -3.0686 0.5315, 2.5965 -3.171 2.9287, 2.5965 -3.171 0.5315, 2.5965 -3.3185 2.9287, 2.5965 -3.3185 0.5315, 2.5965 -3.3807 2.9287, 2.5965 -3.3807 0.5315, 2.5965 -3.5027 2.9287, 2.5965 -3.5027 0.5315, 2.5965 -3.7286 2.9287, 2.5965 -3.7446 2.9287, 2.5965 -3.7286 0.5315, 2.5965 -3.7446 0.5315, 2.5965 -3.9468 0.0591, 2.5965 -3.9468 0.5315, 2.5965 -3.0832 3.5488, 2.5965 -3.0964 3.5212, 2.5965 -3.171 3.7292, 2.5965 -3.171 3.7205, 2.5965 -3.1442 3.7107, 2.5965 -3.171 3.4669, 2.5965 -3.171 3.4578, 2.5965 -3.1437 3.4777, 2.5965 -3.1162 3.4975, 2.5965 -3.1162 3.6916, 2.5965 -3.1071 3.6827, 2.5965 -3.0905 3.6595, 2.5965 -3.0806 3.6341, 2.5965 -3.076 3.597, 2.5965 -3.0768 3.5801, 2.5965 -3.2172 3.727, 2.5965 -3.1764 3.7225, 2.5965 -3.174 3.4657, 2.5965 -3.2199 3.4601, 2.5965 -3.2933 3.4601, 2.5965 -3.2933 3.727, 2.5965 -3.6266 3.0384, 2.5965 -3.6384 3.0344, 2.5965 -3.5969 3.0367, 2.5965 -3.7032 3.1275, 2.5965 -3.698 3.1815, 2.5965 -3.7098 3.1179, 2.5965 -3.7144 3.1061, 2.5965 -3.6143 3.0463, 2.5965 -3.6666 3.2275, 2.5965 -3.6914 3.2178, 2.5965 -3.698 3.2139, 2.5965 -3.6772 3.0348, 2.5965 -3.6898 3.0398, 2.5965 -3.7286 3.0344, 2.5965 -3.7003 3.0472, 2.5965 -3.6929 3.1364, 2.5965 -3.6787 3.1437, 2.5965 -3.6748 3.196, 2.5965 -3.6534 3.1499, 2.5965 -3.624 3.2033, 2.5965 -3.6355 3.2045, 2.5965 -3.6538 3.2028, 2.5965 -3.705 3.0521, 2.5965 -3.7111 3.0615, 2.5965 -3.7151 3.0728, 2.5965 -3.5969 3.0662, 2.5965 -3.5978 3.0662, 2.5965 -3.6036 3.0574, 2.5965 -3.5129 3.1982, 2.5965 -3.5783 3.2109, 2.5965 -3.5167 3.1874, 2.5965 -3.5714 3.2002, 2.5965 -3.5661 3.1851, 2.5965 -3.6324 3.2317, 2.5965 -3.6126 3.2299, 2.5965 -3.5984 3.2257, 2.5965 -3.5969 3.1579, 2.5965 -3.598 3.1723, 2.5965 -3.6014 3.1843, 2.5965 -3.6053 3.1913, 2.5965 -3.7166 3.0877, 2.5965 -3.7165 3.0917, 2.5965 -3.503 3.14, 2.5965 -3.5182 3.0779, 2.5965 -3.5027 3.1398, 2.5965 -3.5062 3.0704, 2.5965 -3.5027 3.069, 2.5965 -3.5068 3.2073, 2.5965 -3.5872 3.2194, 2.5965 -3.6104 3.1967, 2.5965 -3.6163 3.2005, 2.5965 -3.5085 3.1457, 2.5965 -3.5126 3.1522, 2.5965 -3.5635 3.1594, 2.5965 -3.5164 3.1623, 2.5965 -3.518 3.1759, 2.5965 -3.6404 3.0338, 2.5965 -3.6562 3.0322, 2.5965 -3.6615 3.0323, 2.5965 -3.675 3.0344, 2.5965 -3.5182 3.0434, 2.5965 -3.5635 3.0367, 2.5965 -3.5027 3.0379, 2.5965 -3.5027 3.0344, 2.5965 -3.4948 3.0351, 2.5965 -3.488 3.0344, 2.5965 -3.4665 3.0322, 2.5965 -3.3986 3.2232, 2.5965 -3.3986 3.1907, 2.5965 -3.3909 3.0757, 2.5965 -3.3948 3.065, 2.5965 -3.4009 3.0562, 2.5965 -3.5027 3.2109, 2.5965 -3.4965 3.2165, 2.5965 -3.4885 3.2215, 2.5965 -3.4706 3.2284, 2.5965 -3.4437 3.2317, 2.5965 -3.3807 3.3796, 2.5965 -3.4203 3.2296, 2.5965 -3.4006 3.1201, 2.5965 -3.3947 3.1115, 2.5965 -3.391 3.1017, 2.5965 -3.3894 3.0885, 2.5965 -3.4109 3.0473, 2.5965 -3.4205 3.0416, 2.5965 -3.447 3.2045, 2.5965 -3.4569 3.2038, 2.5965 -3.4835 3.1789, 2.5965 -3.4658 3.2014, 2.5965 -3.4733 3.1974, 2.5965 -3.4832 3.1744, 2.5965 -3.4819 3.1692, 2.5965 -3.4795 3.1647, 2.5965 -3.4762 3.1611, 2.5965 -3.4644 3.1538, 2.5965 -3.4236 3.2017, 2.5965 -3.4437 3.1448, 2.5965 -3.4047 3.1943, 2.5965 -3.4308 3.1395, 2.5965 -3.4086 3.1272, 2.5965 -3.4784 3.193, 2.5965 -3.4813 3.1887, 2.5965 -3.4829 3.1842, 2.5965 -3.4852 3.0622, 2.5965 -3.4673 3.1205, 2.5965 -3.4873 3.1296, 2.5965 -3.4632 3.0595, 2.5965 -3.4617 3.0595, 2.5965 -3.4454 3.1113, 2.5965 -3.4446 3.0614, 2.5965 -3.4237 3.0853, 2.5965 -3.4241 3.0894, 2.5965 -3.4359 3.0646, 2.5965 -3.4329 3.0664, 2.5965 -3.4291 3.0698, 2.5965 -3.4261 3.0741, 2.5965 -3.4244 3.0789, 2.5965 -3.4256 3.0946, 2.5965 -3.4282 3.0991, 2.5965 -3.4323 3.1034, 2.5965 -3.2651 3.0344, 2.5965 -3.171 3.0344, 2.5965 -3.189 3.2273, 2.5965 -3.171 3.3796, 2.5965 -3.2237 3.2273, 2.5965 -3.2848 3.084, 2.5965 -3.2807 3.0683, 2.5965 -3.2799 3.0683, 2.5965 -3.3185 3.3796, 2.5965 -3.3185 3.1809, 2.5965 -3.2758 3.0838, 2.5965 -3.2783 3.0749, 2.5965 -3.3185 3.0344, 2.5965 -3.3185 3.0912, 2.5965 -3.372 3.2273, 2.5965 -3.3346 3.2273, 2.5965 -3.2973 3.0371, 2.5965 -3.2984 3.0344, 2.5965 -3.3119 3.0024, 2.5965 -3.3651 2.9496, 2.5965 -3.3651 2.9794, 2.5965 -3.3583 2.9771, 2.5965 -3.3462 2.9756, 2.5965 -3.3438 2.9756, 2.5965 -3.3362 2.977, 2.5965 -3.3291 2.9802, 2.5965 -3.3252 2.983, 2.5965 -3.319 2.9897, 2.5965 -3.3185 2.9906, 2.5965 -3.3185 2.9529, 2.5965 -3.33 2.9485, 2.5965 -3.3436 2.9469, 2.5965 -3.3516 2.9472, 2.5965 -3.2756 3.0079, 2.5965 -3.2908 2.9783, 2.5965 -3.303 2.9636, 2.5965 -3.3052 2.9617, 2.5965 -3.3168 2.9535, 2.5965 -3.1186 3.1569, 2.5965 -3.1186 3.0671, 2.5965 -3.0686 3.0671, 2.5965 -2.9843 3.3796, 2.5965 -3.0155 3.3036, 2.5965 -3.0155 3.2729, 2.5965 -3.0231 3.1875, 2.5965 -3.0686 3.1875, 2.5965 -3.0095 3.0671, 2.5965 -3.0231 3.1569, 2.5965 -3.0686 3.1569, 2.5965 -2.9843 3.0344, 2.5965 -3.0095 3.0367, 2.5965 -3.0686 3.0344, 2.5965 -3.0686 3.2729, 2.5965 -3.1186 3.2729, 2.5965 -3.1186 3.1875, 2.5965 -3.0686 3.0367, 2.5965 -3.153 3.0367, 2.5965 -3.3807 4.3898, 2.5965 -3.3185 4.3898, 2.5965 -3.171 4.3898, 2.5965 -3.0686 4.3898, 2.5965 -2.9843 4.3898, 2.5965 0.7933 4.3898, 2.5965 -3.7446 4.3898, 2.5965 -3.7514 3.4905, 2.5965 -3.7514 3.4601, 2.5965 -3.8922 3.4601, 2.5965 -3.8922 3.727, 2.5965 -3.8577 3.727, 2.5965 -3.8577 3.4905, 2.5965 -3.7446 3.3796, 2.5965 -2.7426 3.1566, 2.5965 -2.749 3.1254, 2.5965 -2.727 3.0367, 2.5965 -2.7621 3.0978, 2.5965 0.7933 3.0344, 2.5965 -2.8856 3.0367, 2.5965 -2.9591 3.0367, 2.5965 -2.9591 3.3036, 2.5965 -2.6253 3.3036, 2.5965 -2.5885 3.3036, 2.5965 -2.7418 3.1735, 2.5965 -2.7463 3.2107, 2.5965 -2.782 3.0741, 2.5965 -2.8095 3.0543, 2.5965 -2.8398 3.0423, 2.5965 -2.782 3.2682, 2.5965 -2.7729 3.2593, 2.5965 -2.7563 3.2361, 2.5965 -2.8829 3.3036, 2.5965 -2.8422 3.2991, 2.5965 -2.81 3.2873, 2.5965 -2.4868 3.0367, 2.5965 -2.5249 3.0367, 2.5965 -2.6889 3.0367, 2.5965 -2.6632 3.1097, 2.5965 -2.5521 3.1097, 2.5965 -3.7446 3.0344, 2.5965 -3.7547 3.3036, 2.5965 -3.7547 3.2729, 2.5965 -3.8922 3.3036, 2.5965 -3.8922 3.0367, 2.5965 -3.8577 3.1569, 2.5965 -3.8577 3.0671, 2.5965 -3.7623 3.1569, 2.5965 -3.7486 3.0671, 2.5965 -3.7623 3.1875, 2.5965 -3.8577 3.2729, 2.5965 -3.8577 3.1875, 2.5965 -3.7486 3.0367, 2.5965 -5.8996 4.3898, 2.5965 -5.8996 3.7292, 2.5965 -5.8996 3.4578, 2.5965 -5.8996 3.3796, 2.5965 -5.8996 3.0344, 2.5965 -5.8996 2.9287, 2.5965 -5.8996 0.0591, 0.2715 -0.4066 0.4528, 0.248 -0.4035 0.4528, 0.498 0.0059 0.4528, -0.0839 0.8327 0.4528, -0.0839 0.9902 0.4528, -0.002 0.9902 0.4528, 0.7161 0.8327 0.4528, 0.7161 0.9902 0.4528, 0.8799 0.9902 0.4528, 0.4799 0.8327 0.4528, 0.498 0.8327 0.4528, 0.498 0.5059 0.4528, 0.8799 0.8327 0.4528, 0.998 0.5059 0.4528, 0.8386 0.5059 0.4528, 0.8355 0.5294 0.4528, 0.6696 0.5512 0.4528, 0.6606 0.5294 0.4528, 0.8265 0.5512 0.4528, 0.8121 0.5699 0.4528, 0.998 0.8327 0.4528, 0.7933 0.5843 0.4528, 0.7715 0.5934 0.4528, 0.748 0.5965 0.4528, 0.7246 0.5934 0.4528, 0.7028 0.5843 0.4528, 0.684 0.5699 0.4528, -0.002 0.5059 0.4528, 0.0799 0.8327 0.4528, 0.3161 0.8327 0.4528, 0.3161 0.9902 0.4528, 0.4799 0.9902 0.4528, -0.4839 0.8327 0.4528, -0.1879 0.5699 0.4528, -0.2067 0.5843 0.4528, -0.3304 0.5512 0.4528, -0.3394 0.5294 0.4528, -0.502 0.5059 0.4528, -0.1614 0.5059 0.4528, -0.1645 0.5294 0.4528, -0.502 0.8327 0.4528, -0.2285 0.5934 0.4528, -0.252 0.5965 0.4528, -0.2754 0.5934 0.4528, -0.2972 0.5843 0.4528, -0.316 0.5699 0.4528, 0.0799 0.9902 0.4528, -0.1735 0.5512 0.4528, -0.3201 0.8327 0.4528, -0.3201 0.9902 0.4528, -0.4839 0.9902 0.4528, -1.002 0.8327 0.4528, -0.8839 0.8327 0.4528, -0.7201 0.8327 0.4528, -0.7201 0.9902 0.4528, -0.8839 0.9902 0.4528, -1.3394 0.5294 0.4528, -1.3425 0.5059 0.4528, -1.7746 0.5059 0.4528, -1.3304 0.5512 0.4528, -1.7746 0.9902 0.4528, -1.1201 0.9902 0.4528, -1.1201 0.8327 0.4528, -1.1879 0.5699 0.4528, -1.2067 0.5843 0.4528, -1.002 0.5059 0.4528, -1.1614 0.5059 0.4528, -1.1645 0.5294 0.4528, -1.2972 0.5843 0.4528, -1.2754 0.5934 0.4528, -1.252 0.5965 0.4528, -1.2285 0.5934 0.4528, -1.1735 0.5512 0.4528, 1.1161 0.8327 0.4528, -1.3304 0.4606 0.4528, -1.316 0.4419 0.4528, -1.7746 0.0059 0.4528, -1.2285 0.4184 0.4528, -1.2067 0.4275 0.4528, -1.002 0.0059 0.4528, -1.3394 0.4825 0.4528, -1.2972 0.4275 0.4528, -1.2754 0.4184 0.4528, -1.252 0.4154 0.4528, -1.1879 0.4419 0.4528, -1.1735 0.4606 0.4528, -1.1645 0.4825 0.4528, -0.2285 0.4184 0.4528, -0.2067 0.4275 0.4528, -0.002 0.0059 0.4528, -0.3425 0.5059 0.4528, -0.3394 0.4825 0.4528, -0.502 0.0059 0.4528, -0.3304 0.4606 0.4528, -0.316 0.4419 0.4528, -0.2972 0.4275 0.4528, -0.2754 0.4184 0.4528, -0.252 0.4154 0.4528, -0.1879 0.4419 0.4528, -0.1735 0.4606 0.4528, -0.1645 0.4825 0.4528, 0.7715 0.4184 0.4528, 0.7933 0.4275 0.4528, 0.998 0.0059 0.4528, 0.6575 0.5059 0.4528, 0.6606 0.4825 0.4528, 0.6696 0.4606 0.4528, 0.684 0.4419 0.4528, 0.7028 0.4275 0.4528, 0.7246 0.4184 0.4528, 0.748 0.4154 0.4528, 0.8121 0.4419 0.4528, 0.8265 0.4606 0.4528, 0.8355 0.4825 0.4528, 1.3121 -0.5581 0.4528, 1.3265 -0.5394 0.4528, 2.2028 -0.939 0.4528, 1.2715 -0.4066 0.4528, 1.248 -0.4035 0.4528, 1.2246 -0.4066 0.4528, 1.2028 -0.4157 0.4528, 1.184 -0.4301 0.4528, 1.1696 -0.4488 0.4528, 1.1606 -0.4706 0.4528, 1.3265 -0.4488 0.4528, 1.3121 -0.4301 0.4528, 2.2028 0.0059 0.4528, 1.2933 -0.4157 0.4528, 1.3355 -0.5175 0.4528, 1.3386 -0.4941 0.4528, 1.3355 -0.4706 0.4528, 0.998 -0.939 0.4528, 1.1575 -0.4941 0.4528, 1.1606 -0.5175 0.4528, 1.2715 -0.5816 0.4528, 1.2933 -0.5725 0.4528, 1.1161 0.9902 0.4528, 2.2028 0.9902 0.4528, 2.2028 0.5059 0.4528, 1.1696 -0.5394 0.4528, 1.184 -0.5581 0.4528, 1.2028 -0.5725 0.4528, 1.2246 -0.5816 0.4528, 1.248 -0.5846 0.4528, 0.498 -0.939 0.4528, 0.2246 -0.4066 0.4528, 0.2028 -0.4157 0.4528, 0.184 -0.5581 0.4528, 0.2028 -0.5725 0.4528, -0.002 -0.939 0.4528, 0.2246 -0.5816 0.4528, 0.248 -0.5846 0.4528, 0.2715 -0.5816 0.4528, 0.2933 -0.5725 0.4528, 0.3121 -0.5581 0.4528, 0.3265 -0.5394 0.4528, 0.184 -0.4301 0.4528, 0.1696 -0.4488 0.4528, 0.1606 -0.4706 0.4528, 0.1575 -0.4941 0.4528, 0.1606 -0.5175 0.4528, 0.1696 -0.5394 0.4528, 0.3265 -0.4488 0.4528, 0.3121 -0.4301 0.4528, 0.2933 -0.4157 0.4528, 0.3355 -0.5175 0.4528, 0.3386 -0.4941 0.4528, 0.3355 -0.4706 0.4528, -0.502 -0.939 0.4528, -0.7754 -0.4066 0.4528, -0.7972 -0.4157 0.4528, -0.6735 -0.4488 0.4528, -0.6879 -0.4301 0.4528, -0.7067 -0.4157 0.4528, -0.7285 -0.4066 0.4528, -0.752 -0.4035 0.4528, -0.816 -0.4301 0.4528, -0.8304 -0.4488 0.4528, -0.8394 -0.4706 0.4528, -0.8425 -0.4941 0.4528, -0.8394 -0.5175 0.4528, -1.002 -0.939 0.4528, -0.8304 -0.5394 0.4528, -0.816 -0.5581 0.4528, -0.7285 -0.5816 0.4528, -0.7067 -0.5725 0.4528, -0.6879 -0.5581 0.4528, -0.6735 -0.5394 0.4528, -0.6645 -0.5175 0.4528, -0.6614 -0.4941 0.4528, -0.6645 -0.4706 0.4528, -0.7972 -0.5725 0.4528, -0.7754 -0.5816 0.4528, -0.752 -0.5846 0.4528, -1.316 0.5699 0.4528, -2.2067 0.9902 0.4528, -2.2067 0.5059 0.4528, -2.2067 0.0059 0.4528, -1.7746 -0.939 0.4528, -2.2067 -0.939 0.4528, 2.2028 -1.2933 0.4528, 0.998 -1.2933 0.4528, 0.498 -1.2933 0.4528, -0.002 -1.2933 0.4528, -0.502 -1.2933 0.4528, -1.002 -1.2933 0.4528, -1.7746 -1.2933 0.4528, -2.2067 -1.2933 0.4528, -2.2067 0.9902 0.0591, -2.4035 0.9902 0.0591, -2.4035 0.9902 4.3898, -1.1201 0.9902 4.3898, -0.8839 0.9902 4.3898, -0.7201 0.9902 4.3898, -0.4839 0.9902 4.3898, -0.3201 0.9902 4.3898, 0.4799 -5.1122 4.4291, 0.4799 -5.1122 4.5866, 0.3161 -5.1122 4.5866, 0.8799 -5.1122 4.5866, 0.7161 -5.1122 4.5866, 0.8799 -5.1122 4.4291, 0.7161 -5.1122 4.4291, -0.402 -5.1122 3.878, -0.002 -5.1122 3.878, 0.3161 -5.1122 4.4291, 0.0799 -5.1122 4.5866, -0.0839 -5.1122 4.5866, 0.0799 -5.1122 4.4291, -0.0839 -5.1122 4.4291, 0.398 -5.1122 3.878, 0.798 -5.1122 3.878, 1.1161 -5.1122 4.4291, 1.628 -5.1122 3.878, 1.1161 -5.1122 4.5866, 1.628 -5.1122 4.5866, -0.3201 -5.1122 4.4291, -0.802 -5.1122 3.878, -0.3201 -5.1122 4.5866, -0.4839 -5.1122 4.5866, -0.4839 -5.1122 4.4291, -1.5217 -5.1122 3.878, -0.7201 -5.1122 4.5866, -0.8839 -5.1122 4.5866, -0.7201 -5.1122 4.4291, -0.8839 -5.1122 4.4291, -1.1201 -5.1122 4.5866, -1.6319 -5.1122 4.5866, -1.1201 -5.1122 4.4291, -1.6319 -5.1122 3.878, -2.4035 0.7933 4.5866, -1.1201 0.7933 4.5866, -2.4035 0.8146 4.5855, -1.1201 0.8443 4.5799, -2.4035 0.844 4.5788, -2.4035 0.8578 4.5757, -1.1201 0.8917 4.5602, -2.4035 0.8915 4.5596, -2.4035 0.8978 4.5566, -1.1201 0.9325 4.529, -2.4035 0.9325 4.529, -2.4035 0.9601 4.4943, -1.1201 0.9638 4.4882, -2.4035 0.9632 4.4879, -2.4035 0.9793 4.4543, -1.1201 0.9835 4.4407, -2.4035 0.9824 4.4405, -2.4035 0.989 4.411, -0.8839 0.7933 4.5866, -0.7201 0.7933 4.5866, -0.7201 0.8443 4.5799, -0.8839 0.8443 4.5799, -0.7201 0.8917 4.5602, -0.8839 0.8917 4.5602, -0.7201 0.9325 4.529, -0.8839 0.9325 4.529, -0.7201 0.9638 4.4882, -0.8839 0.9638 4.4882, -0.7201 0.9835 4.4407, -0.8839 0.9835 4.4407, -0.4839 0.7933 4.5866, -0.3201 0.7933 4.5866, -0.3201 0.8443 4.5799, -0.4839 0.8443 4.5799, -0.3201 0.8917 4.5602, -0.4839 0.8917 4.5602, -0.3201 0.9325 4.529, -0.4839 0.9325 4.529, -0.3201 0.9638 4.4882, -0.4839 0.9638 4.4882, -0.3201 0.9835 4.4407, -0.4839 0.9835 4.4407, -2.4035 -5.8996 4.5866, -1.6319 -5.8996 4.5866, 0.7161 0.9902 4.3898, 0.8799 0.9902 4.3898, 0.3161 0.9902 4.3898, 0.4799 0.9902 4.3898, 0.7161 0.7933 4.5866, 0.8799 0.7933 4.5866, 0.8799 0.8443 4.5799, 0.7161 0.8443 4.5799, 0.8799 0.8917 4.5602, 0.7161 0.8917 4.5602, 0.8799 0.9325 4.529, 0.7161 0.9325 4.529, 0.8799 0.9638 4.4882, 0.7161 0.9638 4.4882, 0.8799 0.9835 4.4407, 0.7161 0.9835 4.4407, 0.3161 0.7933 4.5866, 0.4799 0.7933 4.5866, 0.4799 0.8443 4.5799, 0.3161 0.8443 4.5799, 0.4799 0.8917 4.5602, 0.3161 0.8917 4.5602, 0.4799 0.9325 4.529, 0.3161 0.9325 4.529, 0.4799 0.9638 4.4882, 0.3161 0.9638 4.4882, 0.4799 0.9835 4.4407, 0.3161 0.9835 4.4407, -0.0839 0.9902 4.3898, 0.0799 0.9902 4.3898, -0.0839 0.7933 4.5866, 0.0799 0.7933 4.5866, 0.0799 0.8443 4.5799, -0.0839 0.8443 4.5799, 0.0799 0.8917 4.5602, -0.0839 0.8917 4.5602, 0.0799 0.9325 4.529, -0.0839 0.9325 4.529, 0.0799 0.9638 4.4882, -0.0839 0.9638 4.4882, 0.0799 0.9835 4.4407, -0.0839 0.9835 4.4407, -0.0976 -2.376 3.878, -0.0976 -2.376 2.1063, -0.002 -2.376 3.878, 0.0937 -2.376 2.1063, 0.0937 -2.376 3.878, 0.0937 -2.2382 2.1063, 0.0937 -2.2382 3.878, -0.0976 -2.2382 3.878, -0.0976 -2.2382 2.1063, 0.3024 -2.2382 3.878, 0.3024 -2.2382 2.1063, -0.3063 -2.2382 3.878, -0.3063 -2.2382 2.1063, 0.3024 -2.376 3.878, 0.3024 -2.376 2.1063, -0.3063 -2.376 2.1063, -0.3063 -2.376 3.878, 0.398 -2.376 3.878, 0.4937 -2.376 2.1063, 0.4937 -2.376 3.878, -0.4976 -2.376 3.878, -0.4976 -2.376 2.1063, -0.402 -2.376 3.878, 0.4937 -2.2382 2.1063, 0.4937 -2.2382 3.878, -0.4976 -2.2382 3.878, -0.4976 -2.2382 2.1063, -1.5886 -2.4306 -0.622, -1.5886 -2.4306 -0.9055, -1.6581 -2.3857 -0.622, -1.6287 -2.4033 -0.9055, -1.7451 -2.3504 -0.622, -1.7441 -2.3475 -0.9055, -1.8242 -2.3183 -0.622, -1.7702 -2.3348 -0.9055, -1.9145 -2.3066 -0.622, -1.914 -2.3019 -0.9055, -2.002 -2.2953 -0.622, -1.9234 -2.2997 -0.9055, -2.0806 -2.2997 -0.9055, -2.0895 -2.3066 -0.622, -2.09 -2.3019 -0.9055, -2.1798 -2.3183 -0.622, -2.2338 -2.3348 -0.9055, -2.2589 -2.3504 -0.622, -2.2599 -2.3475 -0.9055, -2.3458 -2.3857 -0.622, -2.3753 -2.4033 -0.9055, -2.4154 -2.4306 -0.622, -2.4154 -2.4306 -0.9055, -2.4154 -3.5575 -0.622, -2.4154 -3.5575 -0.9055, -2.3458 -3.6024 -0.622, -2.3753 -3.5849 -0.9055, -2.2589 -3.6378 -0.622, -1.5886 -3.5575 -0.9055, -1.5886 -3.5575 -0.622, -1.6287 -3.5849 -0.9055, -1.6581 -3.6024 -0.622, -1.7441 -3.6407 -0.9055, -1.7451 -3.6378 -0.622, -1.7702 -3.6533 -0.9055, -1.8242 -3.6699 -0.622, -1.914 -3.6863 -0.9055, -1.9145 -3.6816 -0.622, -1.9234 -3.6885 -0.9055, -2.002 -3.6929 -0.622, -2.0806 -3.6885 -0.9055, -2.0895 -3.6816 -0.622, -2.09 -3.6863 -0.9055, -2.1798 -3.6699 -0.622, -2.2338 -3.6533 -0.9055, -2.2599 -3.6407 -0.9055, 0.7024 -2.2382 3.878, 0.7024 -2.2382 2.1063, -0.7063 -2.2382 3.878, -0.7063 -2.2382 2.1063, 2.4114 -2.4306 -0.622, 2.4114 -2.4306 -0.9055, 2.3419 -2.3857 -0.622, 2.3713 -2.4033 -0.9055, 2.2549 -2.3504 -0.622, 2.2559 -2.3475 -0.9055, 2.1758 -2.3183 -0.622, 2.2298 -2.3348 -0.9055, 2.0855 -2.3066 -0.622, 2.086 -2.3019 -0.9055, 1.998 -2.2953 -0.622, 2.0766 -2.2997 -0.9055, 1.9194 -2.2997 -0.9055, 1.9105 -2.3066 -0.622, 1.91 -2.3019 -0.9055, 1.8202 -2.3183 -0.622, 1.7662 -2.3348 -0.9055, 1.7411 -2.3504 -0.622, 1.7401 -2.3475 -0.9055, 1.6542 -2.3857 -0.622, 1.6247 -2.4033 -0.9055, 1.5846 -2.4306 -0.622, 1.5846 -2.4306 -0.9055, 1.5846 -3.5575 -0.622, 1.5846 -3.5575 -0.9055, 1.6542 -3.6024 -0.622, 1.6247 -3.5849 -0.9055, 1.7411 -3.6378 -0.622, 2.4114 -3.5575 -0.9055, 2.4114 -3.5575 -0.622, 2.3713 -3.5849 -0.9055, 2.3419 -3.6024 -0.622, 2.2559 -3.6407 -0.9055, 2.2549 -3.6378 -0.622, 2.2298 -3.6533 -0.9055, 2.1758 -3.6699 -0.622, 2.086 -3.6863 -0.9055, 2.0855 -3.6816 -0.622, 2.0766 -3.6885 -0.9055, 1.998 -3.6929 -0.622, 1.9194 -3.6885 -0.9055, 1.9105 -3.6816 -0.622, 1.91 -3.6863 -0.9055, 1.8202 -3.6699 -0.622, 1.7662 -3.6533 -0.9055, 1.7401 -3.6407 -0.9055, -2.3161 -2.497 -1.3189, -2.4154 -2.5759 -1.3189, -2.197 -2.4393 -1.3189, -2.0681 -2.4098 -1.3189, -1.9358 -2.4098 -1.3189, -1.8069 -2.4393 -1.3189, -1.5886 -2.5759 -1.3189, -1.6879 -2.497 -1.3189, -1.6879 -3.4912 -1.3189, -1.5886 -3.4123 -1.3189, -1.8069 -3.5488 -1.3189, -1.9358 -3.5784 -1.3189, -2.0681 -3.5784 -1.3189, -2.197 -3.5488 -1.3189, -2.4154 -3.4123 -1.3189, -2.3161 -3.4912 -1.3189, -1.5886 -2.5614 -0.5217, -1.7075 -2.4731 -0.5217, -1.7108 -2.4718 -0.5217, -2.4154 -2.5614 -0.5217, -1.8497 -2.4154 -0.5217, -2.002 -2.3957 -0.5217, -1.8515 -2.4151 -0.5217, -2.2964 -2.4731 -0.5217, -2.2931 -2.4718 -0.5217, -2.1542 -2.4154 -0.5217, -2.1524 -2.4151 -0.5217, -1.5886 -3.4268 -0.5217, -2.4154 -3.4268 -0.5217, -2.2964 -3.515 -0.5217, -2.2931 -3.5164 -0.5217, -2.1542 -3.5728 -0.5217, -2.002 -3.5925 -0.5217, -2.1524 -3.5731 -0.5217, -1.7075 -3.515 -0.5217, -1.7108 -3.5164 -0.5217, -1.8497 -3.5728 -0.5217, -1.8515 -3.5731 -0.5217, 0.7024 -2.376 3.878, 0.7024 -2.376 2.1063, -0.7063 -2.376 2.1063, -0.7063 -2.376 3.878, -0.8976 -2.2382 2.1063, -1.3012 -2.2382 2.1063, -1.3012 -1.7657 2.1063, -0.8976 -2.376 2.1063, 1.2972 -1.7657 2.1063, 0.8937 -2.2382 2.1063, 1.2972 -2.2382 2.1063, 0.8937 -2.376 2.1063, 2.3121 -3.4912 -1.3189, 2.4114 -3.4123 -1.3189, 2.1931 -3.5488 -1.3189, 2.0642 -3.5784 -1.3189, 1.9319 -3.5784 -1.3189, 1.803 -3.5488 -1.3189, 1.5846 -3.4123 -1.3189, 1.6839 -3.4912 -1.3189, 1.6839 -2.497 -1.3189, 1.5846 -2.5759 -1.3189, 1.803 -2.4393 -1.3189, 1.9319 -2.4098 -1.3189, 2.0642 -2.4098 -1.3189, 2.1931 -2.4393 -1.3189, 2.4114 -2.5759 -1.3189, 2.3121 -2.497 -1.3189, 2.4114 -2.5614 -0.5217, 2.2925 -2.4731 -0.5217, 2.2892 -2.4718 -0.5217, 1.5846 -2.5614 -0.5217, 2.1503 -2.4154 -0.5217, 1.998 -2.3957 -0.5217, 2.1485 -2.4151 -0.5217, 1.7036 -2.4731 -0.5217, 1.7069 -2.4718 -0.5217, 1.8458 -2.4154 -0.5217, 1.8476 -2.4151 -0.5217, 2.4114 -3.4268 -0.5217, 1.5846 -3.4268 -0.5217, 1.7036 -3.515 -0.5217, 1.7069 -3.5164 -0.5217, 1.8458 -3.5728 -0.5217, 1.998 -3.5925 -0.5217, 1.8476 -3.5731 -0.5217, 2.2925 -3.515 -0.5217, 2.2892 -3.5164 -0.5217, 2.1503 -3.5728 -0.5217, 2.1485 -3.5731 -0.5217, -1.8518 -2.4157 0.2165, -1.7767 -2.4397 0.2165, -1.7112 -2.4724 0.2165, -1.6942 -2.4809 0.2165, -1.6189 -2.5343 0.2165, -1.5886 -2.5614 0.2165, -1.9558 -2.3974 0.2165, -1.8647 -2.4116 0.2165, -2.1522 -2.4157 0.2165, -2.1393 -2.4116 0.2165, -2.0481 -2.3974 0.2165, -2.002 -2.3974 0.2165, -2.2272 -2.4397 0.2165, -2.2927 -2.4724 0.2165, -2.3097 -2.4809 0.2165, -2.385 -2.5343 0.2165, -2.4154 -2.5614 0.2165, -2.4154 -3.4268 0.2165, -2.385 -3.4539 0.2165, -2.1522 -3.5724 0.2165, -2.2272 -3.5485 0.2165, -2.2927 -3.5158 0.2165, -2.3097 -3.5073 0.2165, -1.9558 -3.5907 0.2165, -2.002 -3.5907 0.2165, -2.0481 -3.5907 0.2165, -2.1393 -3.5765 0.2165, -1.8647 -3.5765 0.2165, -1.8518 -3.5724 0.2165, -1.7112 -3.5158 0.2165, -1.7767 -3.5485 0.2165, -1.6942 -3.5073 0.2165, -1.6189 -3.4539 0.2165, -1.5886 -3.4268 0.2165, -0.8012 -5.3878 0.5315, -1.3012 -5.3878 0.5315, -0.8012 -6.0964 0.5315, -1.3012 -6.0964 0.5315, 0.798 -2.376 3.878, 0.8937 -2.376 3.878, -0.8976 -2.376 3.878, -0.802 -2.376 3.878, 1.2972 -5.3878 0.5315, 0.7972 -5.3878 0.5315, 1.2972 -6.0964 0.5315, 0.7972 -6.0964 0.5315, -1.3012 -1.7657 0.5315, 1.2972 -1.7657 0.5315, 2.1482 -2.4157 0.2165, 2.2233 -2.4397 0.2165, 2.2888 -2.4724 0.2165, 2.3058 -2.4809 0.2165, 2.3811 -2.5343 0.2165, 2.4114 -2.5614 0.2165, 2.0442 -2.3974 0.2165, 2.1353 -2.4116 0.2165, 1.8478 -2.4157 0.2165, 1.8607 -2.4116 0.2165, 1.9519 -2.3974 0.2165, 1.998 -2.3974 0.2165, 1.7728 -2.4397 0.2165, 1.7073 -2.4724 0.2165, 1.6903 -2.4809 0.2165, 1.615 -2.5343 0.2165, 1.5846 -2.5614 0.2165, 1.5846 -3.4268 0.2165, 1.615 -3.4539 0.2165, 1.8478 -3.5724 0.2165, 1.7728 -3.5485 0.2165, 1.7073 -3.5158 0.2165, 1.6903 -3.5073 0.2165, 2.0442 -3.5907 0.2165, 1.998 -3.5907 0.2165, 1.9519 -3.5907 0.2165, 1.8607 -3.5765 0.2165, 2.1353 -3.5765 0.2165, 2.1482 -3.5724 0.2165, 2.2888 -3.5158 0.2165, 2.2233 -3.5485 0.2165, 2.3058 -3.5073 0.2165, 2.3811 -3.4539 0.2165, 2.4114 -3.4268 0.2165, -1.3012 -2.0413 0.5315, 1.2972 -2.0413 0.5315
            ]
        }
        coordIndex [
            0,1,2,-1,3,4,5,-1,6,7,8,-1,9,10,11,-1,12,13,14,-1,15,16,17,-1,18,19,20,-1,20,19,21,-1,22,23,20,-1,20,23,24,-1,20,24,25,-1,25,26,20,-1,20,26,27,-1,20,27,18,-1,28,29,30,-1,30,29,31,-1,31,29,32,-1,31,32,33,-1,28,30,34,-1,34,30,35,-1,34,35,36,-1,37,38,35,-1,35,38,39,-1,35,39,40,-1,35,41,36,-1,36,41,42,-1,36,42,43,-1,43,42,44,-1,43,44,45,-1,40,46,35,-1,35,46,47,-1,35,47,41,-1,48,49,50,-1,50,49,51,-1,50,51,52,-1,52,53,50,-1,50,53,54,-1,50,54,55,-1,55,54,56,-1,56,57,55,-1,55,57,58,-1,55,58,37,-1,37,58,59,-1,37,59,38,-1,60,61,62,-1,62,61,63,-1,62,63,50,-1,50,63,64,-1,50,64,48,-1,65,66,67,-1,65,67,68,-1,67,69,68,-1,68,69,70,-1,68,70,62,-1,62,70,71,-1,62,71,60,-1,72,73,74,-1,74,73,75,-1,75,76,74,-1,74,76,77,-1,74,77,78,-1,79,80,81,-1,81,80,82,-1,83,84,72,-1,72,84,85,-1,72,85,86,-1,87,88,80,-1,80,88,89,-1,80,89,90,-1,91,92,93,-1,93,92,94,-1,95,96,97,-1,97,96,98,-1,97,98,99,-1,100,101,102,-1,102,101,103,-1,102,103,104,-1,105,90,106,-1,106,90,107,-1,106,107,102,-1,102,107,108,-1,102,108,100,-1,109,110,111,-1,111,110,112,-1,111,112,97,-1,97,112,113,-1,97,113,95,-1,99,114,97,-1,97,114,115,-1,97,115,72,-1,72,115,116,-1,72,116,83,-1,117,118,119,-1,119,118,120,-1,119,120,93,-1,93,120,121,-1,93,121,91,-1,105,122,90,-1,90,122,123,-1,90,123,80,-1,80,123,124,-1,80,124,82,-1,86,125,72,-1,72,125,126,-1,72,126,127,-1,127,126,117,-1,127,117,128,-1,128,117,119,-1,94,129,93,-1,93,129,130,-1,93,130,131,-1,132,133,93,-1,93,133,134,-1,93,134,80,-1,80,134,135,-1,80,135,87,-1,131,136,93,-1,93,136,137,-1,93,137,138,-1,138,139,93,-1,93,139,140,-1,93,140,132,-1,141,142,143,-1,143,142,144,-1,143,144,145,-1,145,90,143,-1,143,90,89,-1,143,89,146,-1,146,89,147,-1,147,148,146,-1,146,148,149,-1,146,149,150,-1,151,142,152,-1,152,142,141,-1,152,141,153,-1,154,155,156,-1,156,155,157,-1,156,157,141,-1,141,157,158,-1,141,158,159,-1,159,160,141,-1,141,160,161,-1,141,161,162,-1,151,163,142,-1,142,163,164,-1,142,164,165,-1,162,166,141,-1,141,166,167,-1,141,167,153,-1,168,169,165,-1,165,169,170,-1,165,170,142,-1,19,171,21,-1,21,171,172,-1,21,172,111,-1,111,172,173,-1,111,173,109,-1,15,2,174,-1,174,2,1,-1,174,1,175,-1,175,1,176,-1,175,176,177,-1,178,179,180,-1,15,17,2,-1,2,17,181,-1,2,181,178,-1,180,179,182,-1,182,179,183,-1,182,183,177,-1,177,183,184,-1,177,184,175,-1,185,186,187,-1,187,186,188,-1,189,190,191,-1,192,193,194,-1,189,191,195,-1,195,191,194,-1,195,194,196,-1,196,194,193,-1,196,193,197,-1,185,187,197,-1,197,187,198,-1,197,198,196,-1,196,198,199,-1,196,199,200,-1,194,201,192,-1,192,201,202,-1,192,202,203,-1,190,189,204,-1,204,189,205,-1,204,205,206,-1,207,205,208,-1,208,205,209,-1,199,210,200,-1,200,210,206,-1,200,206,14,-1,14,206,205,-1,14,205,211,-1,211,205,207,-1,12,14,212,-1,213,214,211,-1,211,214,215,-1,211,215,14,-1,14,215,216,-1,14,216,212,-1,217,218,211,-1,211,218,219,-1,211,219,220,-1,220,221,211,-1,211,221,222,-1,211,222,213,-1,223,224,225,-1,225,224,226,-1,225,226,227,-1,223,228,224,-1,224,228,229,-1,224,229,230,-1,230,229,231,-1,230,231,232,-1,227,233,225,-1,225,233,234,-1,225,234,211,-1,211,234,235,-1,211,235,217,-1,236,237,238,-1,238,237,239,-1,238,239,209,-1,11,240,241,-1,241,242,11,-1,11,242,243,-1,11,243,9,-1,244,245,246,-1,246,245,247,-1,247,248,249,-1,249,248,250,-1,249,250,11,-1,11,250,251,-1,11,251,240,-1,252,253,254,-1,254,253,255,-1,254,255,256,-1,256,257,254,-1,254,257,258,-1,254,258,259,-1,260,261,252,-1,252,261,262,-1,252,262,253,-1,263,264,265,-1,265,264,266,-1,265,266,267,-1,266,268,267,-1,267,268,269,-1,267,269,270,-1,270,269,271,-1,270,271,272,-1,272,271,273,-1,272,273,274,-1,274,273,275,-1,274,275,276,-1,276,275,277,-1,276,277,278,-1,279,280,281,-1,281,280,282,-1,65,283,284,-1,282,280,284,-1,284,280,74,-1,284,74,65,-1,65,74,78,-1,65,78,66,-1,285,286,180,-1,287,288,182,-1,182,288,289,-1,290,291,292,-1,292,291,180,-1,292,180,293,-1,293,180,286,-1,289,294,182,-1,182,294,295,-1,182,295,296,-1,296,297,182,-1,182,297,298,-1,182,298,180,-1,180,298,299,-1,180,299,285,-1,195,300,287,-1,287,300,301,-1,287,301,288,-1,290,302,291,-1,291,302,303,-1,291,303,196,-1,196,303,304,-1,196,304,195,-1,195,304,305,-1,195,305,300,-1,306,307,308,-1,309,310,311,-1,311,310,312,-1,306,308,313,-1,314,252,315,-1,315,252,316,-1,317,318,319,-1,319,318,320,-1,309,321,310,-1,310,321,322,-1,310,322,323,-1,323,322,324,-1,325,326,324,-1,324,326,327,-1,324,327,323,-1,320,328,319,-1,319,328,329,-1,319,329,330,-1,331,332,308,-1,308,332,333,-1,308,333,313,-1,334,335,336,-1,336,335,337,-1,336,337,338,-1,314,339,252,-1,252,339,340,-1,252,340,341,-1,342,343,324,-1,324,343,344,-1,324,344,345,-1,330,346,319,-1,319,346,347,-1,319,347,252,-1,252,347,312,-1,252,312,316,-1,316,312,310,-1,348,349,350,-1,350,349,351,-1,350,351,352,-1,260,252,353,-1,353,252,341,-1,353,341,334,-1,334,341,354,-1,334,354,335,-1,345,355,324,-1,324,355,356,-1,324,356,325,-1,357,358,359,-1,359,358,360,-1,359,360,338,-1,338,360,361,-1,338,361,336,-1,307,362,277,-1,277,362,279,-1,277,279,278,-1,278,279,281,-1,362,363,279,-1,279,363,364,-1,279,364,365,-1,348,357,349,-1,349,357,359,-1,349,359,366,-1,366,359,367,-1,366,367,368,-1,368,367,369,-1,368,369,370,-1,370,369,371,-1,372,371,277,-1,277,371,369,-1,277,369,307,-1,307,369,367,-1,307,367,308,-1,373,374,8,-1,375,376,8,-1,8,376,377,-1,353,378,260,-1,260,378,379,-1,260,379,380,-1,380,381,260,-1,260,381,382,-1,260,382,383,-1,383,382,384,-1,383,384,373,-1,385,386,374,-1,374,386,387,-1,374,387,8,-1,8,387,388,-1,8,388,375,-1,377,389,8,-1,8,389,390,-1,8,390,6,-1,391,392,393,-1,393,392,394,-1,393,394,395,-1,393,396,391,-1,391,396,397,-1,391,397,398,-1,398,399,391,-1,391,399,400,-1,391,400,401,-1,401,400,402,-1,401,402,403,-1,403,402,404,-1,403,404,374,-1,374,404,405,-1,374,405,385,-1,406,407,395,-1,395,407,408,-1,395,408,393,-1,409,410,352,-1,352,410,411,-1,352,411,350,-1,409,412,410,-1,410,412,413,-1,410,413,414,-1,414,413,415,-1,414,416,417,-1,415,418,414,-1,414,418,419,-1,414,419,420,-1,420,421,414,-1,414,421,422,-1,414,422,416,-1,417,423,414,-1,414,423,424,-1,414,424,425,-1,426,427,428,-1,428,427,429,-1,428,429,430,-1,431,432,433,-1,429,434,430,-1,430,434,435,-1,430,435,436,-1,436,435,431,-1,436,431,437,-1,437,431,433,-1,438,439,8,-1,8,439,440,-1,373,8,383,-1,383,8,440,-1,383,440,434,-1,434,440,441,-1,434,441,435,-1,442,439,443,-1,443,439,438,-1,443,438,444,-1,275,445,446,-1,447,448,8,-1,372,277,7,-1,7,277,275,-1,7,275,8,-1,8,275,446,-1,8,446,447,-1,448,449,8,-1,8,449,450,-1,8,450,451,-1,451,452,8,-1,8,452,453,-1,8,453,438,-1,438,453,454,-1,438,454,444,-1,455,456,273,-1,273,456,457,-1,273,457,275,-1,275,457,458,-1,275,458,445,-1,459,460,271,-1,459,271,426,-1,460,461,271,-1,271,461,462,-1,271,462,273,-1,273,462,463,-1,273,463,455,-1,464,465,466,-1,5,4,467,-1,4,468,467,-1,467,468,469,-1,467,469,470,-1,470,469,471,-1,472,473,466,-1,466,473,474,-1,466,474,464,-1,470,473,467,-1,467,473,472,-1,467,472,475,-1,475,472,476,-1,475,476,477,-1,469,478,471,-1,471,478,479,-1,471,479,480,-1,476,481,477,-1,477,481,482,-1,477,482,427,-1,427,482,3,-1,427,3,429,-1,429,3,5,-1,209,205,238,-1,238,205,189,-1,238,189,483,-1,483,189,195,-1,483,195,484,-1,484,195,287,-1,484,287,485,-1,485,287,182,-1,485,182,486,-1,486,182,177,-1,486,177,487,-1,487,177,176,-1,487,176,488,-1,31,249,489,-1,489,249,11,-1,489,11,236,-1,236,11,10,-1,236,10,237,-1,247,249,246,-1,246,249,490,-1,246,490,491,-1,21,492,20,-1,20,492,493,-1,20,493,494,-1,495,490,494,-1,494,490,249,-1,494,249,20,-1,20,249,31,-1,20,31,22,-1,22,31,33,-1,467,180,5,-1,5,180,291,-1,5,291,429,-1,429,291,196,-1,429,196,434,-1,434,196,200,-1,434,200,383,-1,383,200,14,-1,383,14,260,-1,260,14,13,-1,260,13,261,-1,491,492,246,-1,246,492,21,-1,246,21,496,-1,496,21,111,-1,497,498,499,-1,499,498,500,-1,501,502,475,-1,475,502,503,-1,475,503,467,-1,467,503,504,-1,467,505,506,-1,497,499,507,-1,507,499,505,-1,507,505,508,-1,500,509,499,-1,499,509,510,-1,499,510,511,-1,512,513,505,-1,505,513,514,-1,505,514,508,-1,504,515,467,-1,467,515,516,-1,467,516,505,-1,505,516,517,-1,505,517,512,-1,178,180,2,-1,2,180,467,-1,2,467,0,-1,0,467,506,-1,0,506,501,-1,501,506,518,-1,501,518,519,-1,511,502,499,-1,499,502,501,-1,499,501,520,-1,520,501,519,-1,520,519,521,-1,521,519,522,-1,259,244,254,-1,254,244,246,-1,254,246,252,-1,252,246,496,-1,252,496,319,-1,319,496,523,-1,496,524,525,-1,524,496,526,-1,526,496,111,-1,526,111,527,-1,527,111,97,-1,527,97,523,-1,528,529,530,-1,530,529,531,-1,530,531,532,-1,533,534,525,-1,525,534,532,-1,525,532,496,-1,496,532,531,-1,496,531,523,-1,523,531,535,-1,523,535,527,-1,426,271,427,-1,427,271,269,-1,427,269,477,-1,477,269,268,-1,477,268,475,-1,475,268,266,-1,475,266,501,-1,72,74,97,-1,97,74,280,-1,97,280,523,-1,523,280,279,-1,523,279,319,-1,319,279,365,-1,319,365,317,-1,30,536,35,-1,35,536,537,-1,35,537,37,-1,37,537,538,-1,37,538,55,-1,55,538,539,-1,55,539,50,-1,50,539,540,-1,50,540,62,-1,62,540,541,-1,62,541,68,-1,68,541,542,-1,543,544,545,-1,546,547,548,-1,549,550,551,-1,552,553,554,-1,554,553,549,-1,554,549,555,-1,555,549,551,-1,556,557,558,-1,559,560,554,-1,561,562,563,-1,563,562,564,-1,563,564,555,-1,555,564,565,-1,555,565,566,-1,566,567,555,-1,555,567,568,-1,555,568,554,-1,554,568,569,-1,554,569,559,-1,570,571,572,-1,573,574,572,-1,572,574,552,-1,572,552,570,-1,575,576,577,-1,578,579,580,-1,570,581,582,-1,575,577,583,-1,583,577,584,-1,583,584,585,-1,585,586,583,-1,583,586,587,-1,583,587,588,-1,589,571,548,-1,548,571,570,-1,548,570,546,-1,546,570,582,-1,582,590,546,-1,546,590,576,-1,546,576,591,-1,591,576,575,-1,591,575,592,-1,592,575,593,-1,594,595,580,-1,588,578,583,-1,583,578,580,-1,583,580,596,-1,596,580,595,-1,596,595,597,-1,597,595,598,-1,599,600,601,-1,599,601,602,-1,603,604,605,-1,606,607,594,-1,608,609,610,-1,611,605,612,-1,612,605,613,-1,594,607,605,-1,605,607,614,-1,605,614,613,-1,608,610,594,-1,594,610,615,-1,594,615,606,-1,616,556,563,-1,563,556,558,-1,563,558,561,-1,617,618,619,-1,620,621,622,-1,617,619,623,-1,618,624,619,-1,619,624,625,-1,619,625,622,-1,622,625,626,-1,622,626,620,-1,621,627,622,-1,622,627,628,-1,622,628,608,-1,608,628,629,-1,608,629,609,-1,630,631,632,-1,579,633,580,-1,580,633,634,-1,580,634,635,-1,635,634,636,-1,635,636,637,-1,637,638,635,-1,635,638,639,-1,635,639,632,-1,632,639,640,-1,632,640,630,-1,631,641,632,-1,632,641,642,-1,632,642,570,-1,570,642,643,-1,570,643,581,-1,644,645,646,-1,560,647,554,-1,554,647,648,-1,554,648,545,-1,545,648,649,-1,545,649,650,-1,650,651,545,-1,545,651,652,-1,545,652,646,-1,646,652,653,-1,646,653,644,-1,645,654,646,-1,646,654,655,-1,646,655,556,-1,556,655,656,-1,556,656,557,-1,657,658,659,-1,660,661,646,-1,646,661,662,-1,646,662,663,-1,663,664,646,-1,646,664,665,-1,646,665,666,-1,667,668,669,-1,669,668,670,-1,658,671,659,-1,659,671,672,-1,659,672,669,-1,669,672,673,-1,669,673,667,-1,674,675,676,-1,674,677,659,-1,659,677,678,-1,659,678,657,-1,679,680,616,-1,616,680,681,-1,616,681,556,-1,556,681,669,-1,556,669,646,-1,646,669,670,-1,646,670,660,-1,676,682,674,-1,674,682,683,-1,674,683,684,-1,684,685,674,-1,674,685,686,-1,674,686,677,-1,666,675,646,-1,646,675,674,-1,646,674,545,-1,545,674,687,-1,688,689,632,-1,552,554,570,-1,570,554,545,-1,570,545,632,-1,632,545,544,-1,632,544,688,-1,690,691,692,-1,692,691,693,-1,692,693,687,-1,687,693,694,-1,687,694,695,-1,695,696,687,-1,687,696,697,-1,687,697,698,-1,689,699,632,-1,632,699,700,-1,632,700,701,-1,702,703,692,-1,692,703,704,-1,692,704,690,-1,705,706,545,-1,545,706,707,-1,545,707,543,-1,698,708,687,-1,687,708,709,-1,687,709,545,-1,545,709,710,-1,545,710,705,-1,701,702,632,-1,632,702,692,-1,632,692,635,-1,635,692,711,-1,712,713,622,-1,714,715,635,-1,715,716,635,-1,635,716,717,-1,635,717,718,-1,594,580,608,-1,608,580,635,-1,608,635,622,-1,622,635,718,-1,622,718,712,-1,713,719,622,-1,622,719,720,-1,622,720,721,-1,722,723,724,-1,724,723,725,-1,724,725,726,-1,727,728,711,-1,711,728,729,-1,711,729,730,-1,730,731,711,-1,711,731,732,-1,711,732,635,-1,635,732,733,-1,635,733,714,-1,726,734,724,-1,724,734,735,-1,724,735,711,-1,711,735,736,-1,711,736,727,-1,611,737,605,-1,605,737,602,-1,605,602,603,-1,603,602,601,-1,603,601,738,-1,738,601,739,-1,600,623,601,-1,601,623,619,-1,601,619,739,-1,739,619,740,-1,721,722,622,-1,622,722,724,-1,622,724,619,-1,619,724,741,-1,619,741,740,-1,740,741,742,-1,659,743,674,-1,674,743,744,-1,674,744,687,-1,687,744,745,-1,687,745,692,-1,692,745,746,-1,692,746,711,-1,711,746,747,-1,711,747,724,-1,724,747,748,-1,724,748,741,-1,741,748,749,-1,741,749,742,-1,742,749,750,-1,751,752,738,-1,738,752,753,-1,738,753,603,-1,603,753,754,-1,603,754,604,-1,755,756,598,-1,598,756,597,-1,757,758,593,-1,593,758,592,-1,759,760,761,-1,762,763,764,-1,764,763,765,-1,766,767,768,-1,769,770,771,-1,771,770,772,-1,761,768,759,-1,759,768,767,-1,759,767,765,-1,765,767,773,-1,765,773,764,-1,764,773,774,-1,764,774,775,-1,775,774,776,-1,775,776,777,-1,777,776,778,-1,779,780,772,-1,772,780,766,-1,772,766,771,-1,771,766,768,-1,781,782,779,-1,779,782,783,-1,779,783,780,-1,780,783,784,-1,785,786,787,-1,787,786,788,-1,789,790,791,-1,791,790,792,-1,791,792,788,-1,788,792,784,-1,788,784,787,-1,787,784,783,-1,793,794,795,-1,795,794,796,-1,795,796,797,-1,797,796,798,-1,798,796,799,-1,798,799,800,-1,800,799,801,-1,801,799,802,-1,801,802,803,-1,803,802,804,-1,804,802,805,-1,804,805,806,-1,806,805,807,-1,807,805,808,-1,807,808,809,-1,809,808,810,-1,810,808,754,-1,810,754,753,-1,811,812,813,-1,811,813,814,-1,814,813,815,-1,814,815,816,-1,816,815,817,-1,816,817,818,-1,818,817,819,-1,818,819,820,-1,820,819,821,-1,820,821,822,-1,822,821,756,-1,822,756,755,-1,823,824,825,-1,823,825,826,-1,826,825,827,-1,826,827,828,-1,828,827,829,-1,828,829,830,-1,830,829,831,-1,830,831,832,-1,832,831,833,-1,832,833,834,-1,834,833,758,-1,834,758,757,-1,835,836,790,-1,789,794,790,-1,790,794,793,-1,790,793,835,-1,785,812,786,-1,786,812,811,-1,781,824,782,-1,782,824,823,-1,550,837,551,-1,551,837,838,-1,573,839,574,-1,574,839,840,-1,841,842,843,-1,841,843,844,-1,844,843,845,-1,844,845,846,-1,846,845,847,-1,846,847,848,-1,848,847,849,-1,848,849,850,-1,850,849,851,-1,850,851,852,-1,852,851,838,-1,852,838,837,-1,853,854,855,-1,853,855,856,-1,856,855,857,-1,856,857,858,-1,858,857,859,-1,858,859,860,-1,860,859,861,-1,860,861,862,-1,862,861,863,-1,862,863,864,-1,864,863,840,-1,864,840,839,-1,842,841,762,-1,762,841,763,-1,854,853,760,-1,760,853,761,-1,547,865,548,-1,548,865,866,-1,548,866,589,-1,867,868,869,-1,867,869,870,-1,870,869,871,-1,870,871,872,-1,872,871,873,-1,872,873,874,-1,874,873,875,-1,874,875,876,-1,876,875,877,-1,876,877,878,-1,878,877,866,-1,878,866,865,-1,769,868,770,-1,770,868,867,-1,879,880,881,-1,881,880,882,-1,881,882,883,-1,884,885,882,-1,882,885,883,-1,886,887,879,-1,879,887,880,-1,885,884,888,-1,888,884,889,-1,890,891,886,-1,886,891,887,-1,888,889,892,-1,892,889,893,-1,891,890,894,-1,894,890,895,-1,892,893,896,-1,896,893,897,-1,896,897,898,-1,899,900,901,-1,901,900,894,-1,901,894,895,-1,902,903,897,-1,897,903,898,-1,904,905,899,-1,899,905,900,-1,906,907,908,-1,908,907,909,-1,908,909,910,-1,910,909,911,-1,910,911,912,-1,912,911,913,-1,912,913,914,-1,914,913,915,-1,914,915,916,-1,915,917,916,-1,916,917,918,-1,916,918,919,-1,919,918,920,-1,919,920,921,-1,921,920,922,-1,921,922,923,-1,923,922,924,-1,923,924,925,-1,925,924,926,-1,925,926,927,-1,927,926,928,-1,929,930,931,-1,931,930,932,-1,931,932,933,-1,934,935,936,-1,936,935,937,-1,936,937,938,-1,938,937,939,-1,938,939,940,-1,940,939,941,-1,940,941,942,-1,942,941,943,-1,942,943,944,-1,944,943,945,-1,944,945,946,-1,946,945,947,-1,946,947,948,-1,948,947,949,-1,948,949,950,-1,950,949,933,-1,950,933,951,-1,951,933,932,-1,903,902,952,-1,952,902,953,-1,954,955,904,-1,904,955,905,-1,956,957,958,-1,958,957,959,-1,958,959,960,-1,960,959,961,-1,960,961,962,-1,962,961,963,-1,962,963,964,-1,964,963,965,-1,964,965,966,-1,965,967,966,-1,966,967,968,-1,966,968,969,-1,969,968,970,-1,969,970,971,-1,971,970,972,-1,971,972,973,-1,973,972,974,-1,973,974,975,-1,975,974,976,-1,975,976,977,-1,977,976,978,-1,979,980,981,-1,981,980,982,-1,981,982,983,-1,984,985,986,-1,986,985,987,-1,986,987,988,-1,988,987,989,-1,988,989,990,-1,990,989,991,-1,990,991,992,-1,992,991,993,-1,992,993,994,-1,994,993,995,-1,994,995,996,-1,996,995,997,-1,996,997,998,-1,998,997,999,-1,998,999,1000,-1,1000,999,983,-1,1000,983,1001,-1,1001,983,982,-1,1002,1003,928,-1,928,926,1002,-1,1002,926,924,-1,1002,924,1004,-1,924,922,1004,-1,1004,922,920,-1,1004,920,1005,-1,920,918,1005,-1,1005,918,917,-1,1005,917,1006,-1,1006,917,915,-1,1006,915,1007,-1,907,1008,909,-1,909,1008,1009,-1,909,1009,911,-1,911,1009,1007,-1,911,1007,913,-1,913,1007,915,-1,1010,1011,934,-1,934,936,1010,-1,1010,936,938,-1,1010,938,1012,-1,938,940,1012,-1,1012,940,942,-1,1012,942,1013,-1,942,944,1013,-1,1013,944,946,-1,1013,946,1014,-1,1014,946,948,-1,1014,948,1015,-1,930,1016,932,-1,932,1016,1017,-1,932,1017,951,-1,951,1017,1015,-1,951,1015,950,-1,950,1015,948,-1,1018,906,1019,-1,1019,906,908,-1,1019,908,1020,-1,925,927,1021,-1,1020,908,1022,-1,1022,908,910,-1,1022,910,912,-1,914,1023,912,-1,912,1023,1024,-1,912,1024,1022,-1,1021,1025,925,-1,925,1025,1026,-1,925,1026,923,-1,923,1026,1027,-1,923,1027,921,-1,921,1027,1028,-1,921,1028,919,-1,919,1028,1023,-1,919,1023,916,-1,916,1023,914,-1,937,935,1029,-1,1030,929,1031,-1,1031,929,931,-1,1031,931,1032,-1,1032,931,1033,-1,1033,931,933,-1,1033,933,949,-1,947,1034,949,-1,949,1034,1035,-1,949,1035,1033,-1,1029,1036,937,-1,937,1036,1037,-1,937,1037,939,-1,939,1037,1038,-1,939,1038,941,-1,941,1038,1039,-1,941,1039,943,-1,943,1039,1034,-1,943,1034,945,-1,945,1034,947,-1,952,953,1040,-1,1040,953,1041,-1,955,954,1042,-1,1042,954,1043,-1,1044,1045,1046,-1,955,1042,1047,-1,1046,1048,1049,-1,1049,1048,1050,-1,902,1046,953,-1,953,1046,1049,-1,953,1049,1041,-1,1041,1049,1051,-1,884,882,880,-1,887,891,1046,-1,880,887,884,-1,884,887,1046,-1,884,1046,889,-1,889,1046,902,-1,889,902,893,-1,893,902,897,-1,1047,1044,955,-1,955,1044,1046,-1,955,1046,905,-1,905,1046,891,-1,905,891,900,-1,900,891,894,-1,1052,1053,984,-1,984,986,1052,-1,1052,986,988,-1,1052,988,1054,-1,988,990,1054,-1,1054,990,992,-1,1054,992,1055,-1,992,994,1055,-1,1055,994,996,-1,1055,996,1056,-1,1056,996,998,-1,1056,998,1057,-1,980,1058,982,-1,982,1058,1059,-1,982,1059,1001,-1,1001,1059,1057,-1,1001,1057,1000,-1,1000,1057,998,-1,1060,1061,978,-1,978,976,1060,-1,1060,976,974,-1,1060,974,1062,-1,974,972,1062,-1,1062,972,970,-1,1062,970,1063,-1,970,968,1063,-1,1063,968,967,-1,1063,967,1064,-1,1064,967,965,-1,1064,965,1065,-1,957,1066,959,-1,959,1066,1067,-1,959,1067,961,-1,961,1067,1065,-1,961,1065,963,-1,963,1065,965,-1,1068,956,1069,-1,1069,956,958,-1,1069,958,1070,-1,975,977,1071,-1,1070,958,1072,-1,1072,958,960,-1,1072,960,962,-1,964,1073,962,-1,962,1073,1074,-1,962,1074,1072,-1,1071,1075,975,-1,975,1075,1076,-1,975,1076,973,-1,973,1076,1077,-1,973,1077,971,-1,971,1077,1078,-1,971,1078,969,-1,969,1078,1073,-1,969,1073,966,-1,966,1073,964,-1,987,985,1079,-1,1080,979,1081,-1,1081,979,981,-1,1081,981,1082,-1,1082,981,1083,-1,1083,981,983,-1,1083,983,999,-1,997,1084,999,-1,999,1084,1085,-1,999,1085,1083,-1,1079,1086,987,-1,987,1086,1087,-1,987,1087,989,-1,989,1087,1088,-1,989,1088,991,-1,991,1088,1089,-1,991,1089,993,-1,993,1089,1084,-1,993,1084,995,-1,995,1084,997,-1,1015,1017,1009,-1,1017,1016,1003,-1,1008,1011,1009,-1,1009,1011,1010,-1,1009,1010,1012,-1,1003,1002,1017,-1,1017,1002,1004,-1,1017,1004,1005,-1,1005,1006,1017,-1,1017,1006,1007,-1,1017,1007,1009,-1,1012,1013,1009,-1,1009,1013,1014,-1,1009,1014,1015,-1,1024,1090,1022,-1,1022,1090,1091,-1,1022,1091,1020,-1,1020,1091,1092,-1,1020,1092,1019,-1,1019,1092,1093,-1,1019,1093,1018,-1,1018,1093,1094,-1,1018,1094,1095,-1,1023,1096,1024,-1,1024,1096,1097,-1,1024,1097,1090,-1,1098,1099,1028,-1,1028,1099,1100,-1,1028,1100,1023,-1,1023,1100,1101,-1,1023,1101,1096,-1,1098,1028,1102,-1,1102,1028,1027,-1,1102,1027,1103,-1,1103,1027,1026,-1,1103,1026,1104,-1,1104,1026,1025,-1,1104,1025,1105,-1,1105,1025,1021,-1,1105,1021,1106,-1,1107,1030,1108,-1,1108,1030,1031,-1,1035,1109,1033,-1,1033,1109,1110,-1,1033,1110,1032,-1,1032,1110,1111,-1,1032,1111,1031,-1,1031,1111,1112,-1,1031,1112,1108,-1,1113,1114,1034,-1,1034,1114,1115,-1,1034,1115,1035,-1,1035,1115,1116,-1,1035,1116,1109,-1,1113,1034,1117,-1,1117,1034,1039,-1,1117,1039,1118,-1,1037,1119,1120,-1,1118,1039,1120,-1,1120,1039,1038,-1,1120,1038,1037,-1,1119,1037,1121,-1,1121,1037,1036,-1,1121,1036,1122,-1,1122,1036,1029,-1,1122,1029,1123,-1,1124,1125,1126,-1,1126,1125,1127,-1,1040,1041,1128,-1,1128,1041,1051,-1,1128,1051,1129,-1,1130,1047,1131,-1,1131,1047,1042,-1,1131,1042,1043,-1,1132,1133,1134,-1,1134,1133,1135,-1,1046,1136,1048,-1,1048,1136,1137,-1,1057,1059,1067,-1,1059,1058,1061,-1,1066,1053,1067,-1,1067,1053,1052,-1,1067,1052,1054,-1,1061,1060,1059,-1,1059,1060,1062,-1,1059,1062,1063,-1,1063,1064,1059,-1,1059,1064,1065,-1,1059,1065,1067,-1,1054,1055,1067,-1,1067,1055,1056,-1,1067,1056,1057,-1,1074,1138,1072,-1,1072,1138,1139,-1,1072,1139,1070,-1,1070,1139,1140,-1,1070,1140,1069,-1,1069,1140,1141,-1,1069,1141,1068,-1,1068,1141,1142,-1,1068,1142,1143,-1,1073,1144,1074,-1,1074,1144,1145,-1,1074,1145,1138,-1,1146,1147,1078,-1,1078,1147,1148,-1,1078,1148,1073,-1,1073,1148,1149,-1,1073,1149,1144,-1,1146,1078,1150,-1,1150,1078,1077,-1,1150,1077,1151,-1,1151,1077,1076,-1,1151,1076,1152,-1,1152,1076,1075,-1,1152,1075,1153,-1,1153,1075,1071,-1,1153,1071,1154,-1,1155,1080,1156,-1,1156,1080,1081,-1,1085,1157,1083,-1,1083,1157,1158,-1,1083,1158,1082,-1,1082,1158,1159,-1,1082,1159,1081,-1,1081,1159,1160,-1,1081,1160,1156,-1,1161,1162,1084,-1,1084,1162,1163,-1,1084,1163,1085,-1,1085,1163,1164,-1,1085,1164,1157,-1,1161,1084,1165,-1,1165,1084,1089,-1,1165,1089,1166,-1,1087,1167,1168,-1,1166,1089,1168,-1,1168,1089,1088,-1,1168,1088,1087,-1,1167,1087,1169,-1,1169,1087,1086,-1,1169,1086,1170,-1,1170,1086,1079,-1,1170,1079,1171,-1,1172,1173,1136,-1,1136,1173,1137,-1,
        ]
    }
}
Shape{
    appearance Appearance {
        material  Material 	{
            diffuseColor 0.7529411764705882 0.7529411764705882 0.7529411764705882
            specularColor 0.3764705882352941 0.3764705882352941 0.3764705882352941
            ambientIntensity 0.7529
            transparency 0.0
            shininess 0.5
        }
    }
    geometry IndexedFaceSet {
        ccw TRUE
        solid FALSE
        coord DEF co Coordinate {
            point [
                -0.7067 -0.5725 -1.4173, -0.7285 -0.5816 -1.4173, -0.752 -0.4941 -1.4173, -0.752 -0.5846 -1.4173, -0.7754 -0.5816 -1.4173, -0.6645 -0.5175 -1.4173, -0.6735 -0.5394 -1.4173, -0.6879 -0.5581 -1.4173, -0.6735 -0.4488 -1.4173, -0.6645 -0.4706 -1.4173, -0.6614 -0.4941 -1.4173, -0.7285 -0.4066 -1.4173, -0.7067 -0.4157 -1.4173, -0.6879 -0.4301 -1.4173, -0.7972 -0.4157 -1.4173, -0.7754 -0.4066 -1.4173, -0.752 -0.4035 -1.4173, -0.8394 -0.4706 -1.4173, -0.8304 -0.4488 -1.4173, -0.816 -0.4301 -1.4173, -0.8304 -0.5394 -1.4173, -0.8394 -0.5175 -1.4173, -0.8425 -0.4941 -1.4173, -0.7972 -0.5725 -1.4173, -0.816 -0.5581 -1.4173, -1.2067 0.4275 -1.4173, -1.2285 0.4184 -1.4173, -1.252 0.5059 -1.4173, -1.252 0.4154 -1.4173, -1.2754 0.4184 -1.4173, -1.1645 0.4825 -1.4173, -1.1735 0.4606 -1.4173, -1.1879 0.4419 -1.4173, -1.1735 0.5512 -1.4173, -1.1645 0.5294 -1.4173, -1.1614 0.5059 -1.4173, -1.2285 0.5934 -1.4173, -1.2067 0.5843 -1.4173, -1.1879 0.5699 -1.4173, -1.2972 0.5843 -1.4173, -1.2754 0.5934 -1.4173, -1.252 0.5965 -1.4173, -1.3394 0.5294 -1.4173, -1.3304 0.5512 -1.4173, -1.316 0.5699 -1.4173, -1.3304 0.4606 -1.4173, -1.3394 0.4825 -1.4173, -1.3425 0.5059 -1.4173, -1.2972 0.4275 -1.4173, -1.316 0.4419 -1.4173, 0.2933 -0.5725 -1.4173, 0.2715 -0.5816 -1.4173, 0.248 -0.4941 -1.4173, 0.248 -0.5846 -1.4173, 0.2246 -0.5816 -1.4173, 0.3355 -0.5175 -1.4173, 0.3265 -0.5394 -1.4173, 0.3121 -0.5581 -1.4173, 0.3265 -0.4488 -1.4173, 0.3355 -0.4706 -1.4173, 0.3386 -0.4941 -1.4173, 0.2715 -0.4066 -1.4173, 0.2933 -0.4157 -1.4173, 0.3121 -0.4301 -1.4173, 0.2028 -0.4157 -1.4173, 0.2246 -0.4066 -1.4173, 0.248 -0.4035 -1.4173, 0.1606 -0.4706 -1.4173, 0.1696 -0.4488 -1.4173, 0.184 -0.4301 -1.4173, 0.1696 -0.5394 -1.4173, 0.1606 -0.5175 -1.4173, 0.1575 -0.4941 -1.4173, 0.2028 -0.5725 -1.4173, 0.184 -0.5581 -1.4173, -0.2067 0.4275 -1.4173, -0.2285 0.4184 -1.4173, -0.252 0.5059 -1.4173, -0.252 0.4154 -1.4173, -0.2754 0.4184 -1.4173, -0.1645 0.4825 -1.4173, -0.1735 0.4606 -1.4173, -0.1879 0.4419 -1.4173, -0.1735 0.5512 -1.4173, -0.1645 0.5294 -1.4173, -0.1614 0.5059 -1.4173, -0.2285 0.5934 -1.4173, -0.2067 0.5843 -1.4173, -0.1879 0.5699 -1.4173, -0.2972 0.5843 -1.4173, -0.2754 0.5934 -1.4173, -0.252 0.5965 -1.4173, -0.3394 0.5294 -1.4173, -0.3304 0.5512 -1.4173, -0.316 0.5699 -1.4173, -0.3304 0.4606 -1.4173, -0.3394 0.4825 -1.4173, -0.3425 0.5059 -1.4173, -0.2972 0.4275 -1.4173, -0.316 0.4419 -1.4173, 1.2933 -0.5725 -1.4173, 1.2715 -0.5816 -1.4173, 1.248 -0.4941 -1.4173, 1.248 -0.5846 -1.4173, 1.2246 -0.5816 -1.4173, 1.3355 -0.5175 -1.4173, 1.3265 -0.5394 -1.4173, 1.3121 -0.5581 -1.4173, 1.3265 -0.4488 -1.4173, 1.3355 -0.4706 -1.4173, 1.3386 -0.4941 -1.4173, 1.2715 -0.4066 -1.4173, 1.2933 -0.4157 -1.4173, 1.3121 -0.4301 -1.4173, 1.2028 -0.4157 -1.4173, 1.2246 -0.4066 -1.4173, 1.248 -0.4035 -1.4173, 1.1606 -0.4706 -1.4173, 1.1696 -0.4488 -1.4173, 1.184 -0.4301 -1.4173, 1.1696 -0.5394 -1.4173, 1.1606 -0.5175 -1.4173, 1.1575 -0.4941 -1.4173, 1.2028 -0.5725 -1.4173, 1.184 -0.5581 -1.4173, 0.7933 0.4275 -1.4173, 0.7715 0.4184 -1.4173, 0.748 0.5059 -1.4173, 0.748 0.4154 -1.4173, 0.7246 0.4184 -1.4173, 0.8355 0.4825 -1.4173, 0.8265 0.4606 -1.4173, 0.8121 0.4419 -1.4173, 0.8265 0.5512 -1.4173, 0.8355 0.5294 -1.4173, 0.8386 0.5059 -1.4173, 0.7715 0.5934 -1.4173, 0.7933 0.5843 -1.4173, 0.8121 0.5699 -1.4173, 0.7028 0.5843 -1.4173, 0.7246 0.5934 -1.4173, 0.748 0.5965 -1.4173, 0.6606 0.5294 -1.4173, 0.6696 0.5512 -1.4173, 0.684 0.5699 -1.4173, 0.6696 0.4606 -1.4173, 0.6606 0.4825 -1.4173, 0.6575 0.5059 -1.4173, 0.7028 0.4275 -1.4173, 0.684 0.4419 -1.4173
            ]
        }
        coordIndex [
            0,1,2,-1,2,1,3,-1,2,3,4,-1,5,6,2,-1,2,6,7,-1,2,7,0,-1,8,9,2,-1,2,9,10,-1,2,10,5,-1,11,12,2,-1,2,12,13,-1,2,13,8,-1,14,15,2,-1,2,15,16,-1,2,16,11,-1,17,18,2,-1,2,18,19,-1,2,19,14,-1,20,21,2,-1,2,21,22,-1,2,22,17,-1,4,23,2,-1,2,23,24,-1,2,24,20,-1,25,26,27,-1,27,26,28,-1,27,28,29,-1,30,31,27,-1,27,31,32,-1,27,32,25,-1,33,34,27,-1,27,34,35,-1,27,35,30,-1,36,37,27,-1,27,37,38,-1,27,38,33,-1,39,40,27,-1,27,40,41,-1,27,41,36,-1,42,43,27,-1,27,43,44,-1,27,44,39,-1,45,46,27,-1,27,46,47,-1,27,47,42,-1,29,48,27,-1,27,48,49,-1,27,49,45,-1,50,51,52,-1,52,51,53,-1,52,53,54,-1,55,56,52,-1,52,56,57,-1,52,57,50,-1,58,59,52,-1,52,59,60,-1,52,60,55,-1,61,62,52,-1,52,62,63,-1,52,63,58,-1,64,65,52,-1,52,65,66,-1,52,66,61,-1,67,68,52,-1,52,68,69,-1,52,69,64,-1,70,71,52,-1,52,71,72,-1,52,72,67,-1,54,73,52,-1,52,73,74,-1,52,74,70,-1,75,76,77,-1,77,76,78,-1,77,78,79,-1,80,81,77,-1,77,81,82,-1,77,82,75,-1,83,84,77,-1,77,84,85,-1,77,85,80,-1,86,87,77,-1,77,87,88,-1,77,88,83,-1,89,90,77,-1,77,90,91,-1,77,91,86,-1,92,93,77,-1,77,93,94,-1,77,94,89,-1,95,96,77,-1,77,96,97,-1,77,97,92,-1,79,98,77,-1,77,98,99,-1,77,99,95,-1,100,101,102,-1,102,101,103,-1,102,103,104,-1,105,106,102,-1,102,106,107,-1,102,107,100,-1,108,109,102,-1,102,109,110,-1,102,110,105,-1,111,112,102,-1,102,112,113,-1,102,113,108,-1,114,115,102,-1,102,115,116,-1,102,116,111,-1,117,118,102,-1,102,118,119,-1,102,119,114,-1,120,121,102,-1,102,121,122,-1,102,122,117,-1,104,123,102,-1,102,123,124,-1,102,124,120,-1,125,126,127,-1,127,126,128,-1,127,128,129,-1,130,131,127,-1,127,131,132,-1,127,132,125,-1,133,134,127,-1,127,134,135,-1,127,135,130,-1,136,137,127,-1,127,137,138,-1,127,138,133,-1,139,140,127,-1,127,140,141,-1,127,141,136,-1,142,143,127,-1,127,143,144,-1,127,144,139,-1,145,146,127,-1,127,146,147,-1,127,147,142,-1,129,148,127,-1,127,148,149,-1,127,149,145,-1,
        ]
    }
}
Shape{
    appearance Appearance {
        material  Material 	{
            diffuseColor 0.25098039215686274 0.25098039215686274 0.25098039215686274
            specularColor 0.12549019607843137 0.12549019607843137 0.12549019607843137
            ambientIntensity 0.251
            transparency 0.0
            shininess 0.5
        }
    }
    geometry IndexedFaceSet {
        ccw TRUE
        solid FALSE
        coord DEF co Coordinate {
            point [
                -1.5886 -2.4306 -0.622, -1.5886 -2.5614 -0.5217, -1.5886 -2.4306 -0.9055, -1.5886 -3.5575 -0.9055, -1.5886 -2.5759 -1.3189, -1.5886 -3.4123 -1.3189, -1.5886 -2.555 0.2693, -1.5886 -2.5448 0.303, -1.5886 -3.7422 0.526, -1.5886 -2.5559 0.2664, -1.5886 -3.4619 0.3416, -1.5886 -3.4401 0.2942, -1.5886 -3.4912 0.3838, -1.5886 -3.4904 0.3826, -1.5886 -3.4632 0.3435, -1.5886 -2.5243 0.3433, -1.5886 -2.5197 0.3523, -1.5886 -2.501 0.3788, -1.5886 -3.5385 0.4319, -1.5886 -3.5837 0.4644, -1.5886 -3.5917 0.4702, -1.5886 -3.5575 -0.622, -1.5886 -3.4268 -0.5217, -1.5886 -3.4268 0.2165, -1.5886 -2.5614 0.2165, -1.5886 -3.4312 0.2615, -1.5886 -3.4333 0.2692, -1.5886 -2.4579 0.4248, -1.5886 -2.4074 0.4633, -1.5886 -3.7489 0.5265, -1.5886 -2.3042 0.5112, -1.5886 -2.2906 0.5161, -1.5886 -3.8086 0.5315, -1.5886 -3.6837 0.5114, -1.5886 -3.6772 0.5098, -1.5886 -3.6631 0.5045, -1.5886 -3.6511 0.5001, -1.5886 -3.5325 0.4267, -1.5886 -3.5158 0.4094, -1.5886 -2.4977 0.3823, -1.5886 -2.4723 0.4094, -1.5886 -2.3249 0.5037, -1.5886 -2.3479 0.4955, -1.5886 -2.2392 0.5262, -1.5886 -2.2258 0.5288, -1.5886 -2.1796 0.5315, -1.5975 -2.3197 0.5047, -2.4154 -2.2392 0.5262, -2.4154 -2.2258 0.5288, -2.3259 -2.1967 0.527, -2.4154 -2.1796 0.5315, -2.3901 -2.1672 0.5315, -2.4154 -2.2906 0.5161, -2.2979 -2.2655 0.5047, -2.4154 -2.3042 0.5112, -2.4064 -2.3197 0.5047, -2.4154 -2.3249 0.5037, -2.3722 -2.3768 0.465, -2.4154 -2.4074 0.4633, -2.4154 -2.3479 0.4955, -2.344 -2.4238 0.4101, -2.4154 -2.4723 0.4094, -2.4154 -2.4579 0.4248, -2.3235 -2.4579 0.3436, -2.4021 -2.5137 0.3436, -2.4154 -2.4977 0.3823, -2.4154 -2.5243 0.3433, -2.4154 -2.5197 0.3523, -2.4154 -2.501 0.3788, -2.4154 -2.5559 0.2664, -2.4154 -2.555 0.2693, -2.3878 -2.5309 0.2693, -2.4154 -2.5448 0.303, -2.385 -2.5343 0.2165, -2.4154 -2.5614 0.2165, -2.312 -2.4771 0.2693, -2.3097 -2.4809 0.2165, -2.2927 -2.4724 0.2165, -2.2289 -2.4355 0.2693, -2.2272 -2.4397 0.2165, -2.1522 -2.4157 0.2165, -2.1403 -2.4073 0.2693, -2.1393 -2.4116 0.2165, -2.0484 -2.393 0.2693, -2.0481 -2.3974 0.2165, -2.002 -2.3974 0.2165, -1.9555 -2.393 0.2693, -1.9558 -2.3974 0.2165, -1.8636 -2.4073 0.2693, -1.8647 -2.4116 0.2165, -1.8518 -2.4157 0.2165, -1.7751 -2.4355 0.2693, -1.7767 -2.4397 0.2165, -1.7112 -2.4724 0.2165, -1.6919 -2.4771 0.2693, -1.6942 -2.4809 0.2165, -1.6161 -2.5309 0.2693, -1.6189 -2.5343 0.2165, -1.6018 -2.5137 0.3436, -1.66 -2.4238 0.4101, -1.6318 -2.3768 0.465, -1.706 -2.2655 0.5047, -1.6781 -2.1967 0.527, -1.6587 -2.1489 0.5315, -1.8045 -2.1564 0.527, -1.7839 -2.1071 0.5315, -1.6841 -2.1378 0.5315, -1.9934 -2.0807 0.5315, -1.9316 -2.0848 0.5315, -1.9356 -2.136 0.527, -1.8892 -2.0877 0.5315, -1.7925 -2.1055 0.5315, -2.0723 -2.0845 0.5315, -2.0683 -2.136 0.527, -2.0976 -2.0857 0.5315, -2.1994 -2.1564 0.527, -2.2004 -2.1025 0.5315, -2.3452 -2.1491 0.5315, -2.2986 -2.1302 0.5315, -2.2114 -2.1056 0.5315, -1.8215 -2.2287 0.5047, -1.9413 -2.2101 0.5047, -2.0626 -2.2101 0.5047, -2.1824 -2.2287 0.5047, -1.7311 -2.3272 0.465, -1.8368 -2.2935 0.465, -1.9465 -2.2764 0.465, -2.0575 -2.2764 0.465, -2.1671 -2.2935 0.465, -2.2729 -2.3272 0.465, -1.7517 -2.378 0.4101, -1.8494 -2.3469 0.4101, -1.9507 -2.3311 0.4101, -2.0532 -2.3311 0.4101, -2.1545 -2.3469 0.4101, -2.2522 -2.378 0.4101, -1.6804 -2.4579 0.3436, -1.7667 -2.4149 0.3436, -1.8585 -2.3856 0.3436, -1.9538 -2.3708 0.3436, -2.0502 -2.3708 0.3436, -2.1454 -2.3856 0.3436, -2.2373 -2.4149 0.3436, -2.4154 -3.5575 -0.622, -2.4154 -3.4268 -0.5217, -2.4154 -3.5575 -0.9055, -2.4154 -2.4306 -0.9055, -2.4154 -3.4123 -1.3189, -2.4154 -2.5759 -1.3189, -2.4154 -3.4322 0.2664, -2.4154 -2.4306 -0.622, -2.4154 -2.5614 -0.5217, -2.4154 -3.4268 0.2165, -2.4154 -3.4434 0.303, -2.4154 -3.4331 0.2693, -2.4154 -3.4639 0.3433, -2.4154 -3.4684 0.3523, -2.4154 -3.4871 0.3788, -2.4154 -3.6402 0.4955, -2.4154 -3.5807 0.4633, -2.4154 -3.5303 0.4248, -2.4154 -3.4905 0.3823, -2.4154 -3.5159 0.4094, -2.4154 -3.6632 0.5037, -2.4154 -3.684 0.5112, -2.4154 -3.6976 0.5161, -2.4154 -3.749 0.5262, -2.4154 -3.7624 0.5288, -2.4154 -3.8086 0.5315, -2.4064 -3.6685 0.5047, -1.6781 -3.7914 0.527, -1.6139 -3.8209 0.5315, -1.706 -3.7226 0.5047, -1.5975 -3.6685 0.5047, -1.6318 -3.6114 0.465, -1.66 -3.5643 0.4101, -1.6804 -3.5302 0.3436, -1.6018 -3.4744 0.3436, -1.6161 -3.4573 0.2693, -1.6189 -3.4539 0.2165, -1.6919 -3.5111 0.2693, -1.6942 -3.5073 0.2165, -1.7112 -3.5158 0.2165, -1.7751 -3.5526 0.2693, -1.7767 -3.5485 0.2165, -1.8518 -3.5724 0.2165, -1.8636 -3.5809 0.2693, -1.8647 -3.5765 0.2165, -1.9555 -3.5952 0.2693, -1.9558 -3.5907 0.2165, -2.002 -3.5907 0.2165, -2.0484 -3.5952 0.2693, -2.0481 -3.5907 0.2165, -2.1403 -3.5809 0.2693, -2.1393 -3.5765 0.2165, -2.1522 -3.5724 0.2165, -2.2289 -3.5526 0.2693, -2.2272 -3.5485 0.2165, -2.2927 -3.5158 0.2165, -2.312 -3.5111 0.2693, -2.3097 -3.5073 0.2165, -2.3878 -3.4573 0.2693, -2.385 -3.4539 0.2165, -2.4021 -3.4744 0.3436, -2.344 -3.5643 0.4101, -2.3722 -3.6114 0.465, -2.2979 -3.7226 0.5047, -2.3259 -3.7914 0.527, -2.3453 -3.8393 0.5315, -2.1994 -3.8318 0.527, -2.2201 -3.881 0.5315, -2.3198 -3.8504 0.5315, -2.0106 -3.9074 0.5315, -2.0723 -3.9033 0.5315, -2.0683 -3.8522 0.527, -2.1147 -3.9005 0.5315, -2.2115 -3.8826 0.5315, -1.9316 -3.9037 0.5315, -1.9356 -3.8522 0.527, -1.9064 -3.9025 0.5315, -1.8045 -3.8318 0.527, -1.8035 -3.8856 0.5315, -1.6587 -3.8391 0.5315, -1.7053 -3.858 0.5315, -1.7925 -3.8826 0.5315, -2.1824 -3.7595 0.5047, -2.0626 -3.7781 0.5047, -1.9413 -3.7781 0.5047, -1.8215 -3.7595 0.5047, -2.2729 -3.6609 0.465, -2.1671 -3.6947 0.465, -2.0575 -3.7117 0.465, -1.9465 -3.7117 0.465, -1.8368 -3.6947 0.465, -1.7311 -3.6609 0.465, -2.2522 -3.6101 0.4101, -2.1545 -3.6413 0.4101, -2.0532 -3.6571 0.4101, -1.9507 -3.6571 0.4101, -1.8494 -3.6413 0.4101, -1.7517 -3.6101 0.4101, -2.3235 -3.5302 0.3436, -2.2373 -3.5733 0.3436, -2.1454 -3.6026 0.3436, -2.0502 -3.6174 0.3436, -1.9538 -3.6174 0.3436, -1.8585 -3.6026 0.3436, -1.7667 -3.5733 0.3436, -2.6004 -3.9468 0.0591, -2.6004 -3.9468 0.5315, -1.3012 -3.9468 0.0591, -1.3012 -3.9468 0.5315, -1.3012 -2.8366 1.1811, -1.3012 -6.0964 1.1811, -1.3012 -5.3878 0.5315, -1.3012 -6.0964 0.5315, -1.3012 -2.2382 2.1063, -1.3012 -2.376 2.1063, -1.3012 -2.376 1.6614, -1.3012 -2.8366 1.6614, -1.3012 -1.7657 2.1063, -1.3012 -1.7657 0.5315, -1.3012 -2.0413 0.5315, -1.3012 -5.3878 0.0591, -0.8012 -5.3878 0.5315, -0.8012 -5.3878 0.0591, -0.8012 -6.0964 0.0591, -0.8012 -6.0964 0.5315, 1.2972 -2.376 2.1063, 1.9469 -2.376 2.1063, 1.2972 -2.2382 2.1063, 1.9469 -2.2382 2.1063, 0.8937 -2.2382 2.1063, 0.8937 -2.2382 3.878, 0.8937 -2.376 2.1063, 0.8937 -2.376 3.878, -1.9508 -2.376 2.1063, -1.9508 -2.2382 2.1063, -0.8976 -2.2382 3.878, -0.8976 -2.2382 2.1063, -0.8976 -2.376 3.878, -0.8976 -2.376 2.1063, -1.9508 -2.8366 1.1811, -1.9508 -2.8366 1.6614, -1.9508 -6.0964 1.1811, -1.9508 -2.376 1.6614, -0.6472 -2.2799 2.949, -0.6254 -2.2761 2.9572, -0.602 -2.3131 2.878, -0.602 -2.2748 2.96, -0.5785 -2.2761 2.9572, -0.6894 -2.3032 2.8992, -0.6804 -2.294 2.919, -0.666 -2.286 2.936, -0.6804 -2.3322 2.8369, -0.6894 -2.323 2.8567, -0.6925 -2.3131 2.878, -0.6254 -2.3501 2.7987, -0.6472 -2.3462 2.8069, -0.666 -2.3402 2.8199, -0.5567 -2.3462 2.8069, -0.5785 -2.3501 2.7987, -0.602 -2.3514 2.7959, -0.5145 -2.323 2.8567, -0.5235 -2.3322 2.8369, -0.5379 -2.3402 2.8199, -0.5235 -2.294 2.919, -0.5145 -2.3032 2.8992, -0.5114 -2.3131 2.878, -0.5567 -2.2799 2.949, -0.5379 -2.286 2.936, -1.0472 -2.2799 2.949, -1.0254 -2.2761 2.9572, -1.002 -2.3131 2.878, -1.002 -2.2748 2.96, -0.9785 -2.2761 2.9572, -1.0894 -2.3032 2.8992, -1.0804 -2.294 2.919, -1.066 -2.286 2.936, -1.0804 -2.3322 2.8369, -1.0894 -2.323 2.8567, -1.0925 -2.3131 2.878, -1.0254 -2.3501 2.7987, -1.0472 -2.3462 2.8069, -1.066 -2.3402 2.8199, -0.9567 -2.3462 2.8069, -0.9785 -2.3501 2.7987, -1.002 -2.3514 2.7959, -0.9145 -2.323 2.8567, -0.9235 -2.3322 2.8369, -0.9379 -2.3402 2.8199, -0.9235 -2.294 2.919, -0.9145 -2.3032 2.8992, -0.9114 -2.3131 2.878, -0.9567 -2.2799 2.949, -0.9379 -2.286 2.936, 0.1528 -2.2799 2.949, 0.1746 -2.2761 2.9572, 0.198 -2.3131 2.878, 0.198 -2.2748 2.96, 0.2215 -2.2761 2.9572, 0.1106 -2.3032 2.8992, 0.1196 -2.294 2.919, 0.134 -2.286 2.936, 0.1196 -2.3322 2.8369, 0.1106 -2.323 2.8567, 0.1075 -2.3131 2.878, 0.1746 -2.3501 2.7987, 0.1528 -2.3462 2.8069, 0.134 -2.3402 2.8199, 0.2433 -2.3462 2.8069, 0.2215 -2.3501 2.7987, 0.198 -2.3514 2.7959, 0.2855 -2.323 2.8567, 0.2765 -2.3322 2.8369, 0.2621 -2.3402 2.8199, 0.2765 -2.294 2.919, 0.2855 -2.3032 2.8992, 0.2886 -2.3131 2.878, 0.2433 -2.2799 2.949, 0.2621 -2.286 2.936, -0.2472 -2.2799 2.949, -0.2254 -2.2761 2.9572, -0.202 -2.3131 2.878, -0.202 -2.2748 2.96, -0.1785 -2.2761 2.9572, -0.2894 -2.3032 2.8992, -0.2804 -2.294 2.919, -0.266 -2.286 2.936, -0.2804 -2.3322 2.8369, -0.2894 -2.323 2.8567, -0.2925 -2.3131 2.878, -0.2254 -2.3501 2.7987, -0.2472 -2.3462 2.8069, -0.266 -2.3402 2.8199, -0.1567 -2.3462 2.8069, -0.1785 -2.3501 2.7987, -0.202 -2.3514 2.7959, -0.1145 -2.323 2.8567, -0.1235 -2.3322 2.8369, -0.1379 -2.3402 2.8199, -0.1235 -2.294 2.919, -0.1145 -2.3032 2.8992, -0.1114 -2.3131 2.878, -0.1567 -2.2799 2.949, -0.1379 -2.286 2.936, 0.9528 -2.2799 2.949, 0.9746 -2.2761 2.9572, 0.998 -2.3131 2.878, 0.998 -2.2748 2.96, 1.0215 -2.2761 2.9572, 0.9106 -2.3032 2.8992, 0.9196 -2.294 2.919, 0.934 -2.286 2.936, 0.9196 -2.3322 2.8369, 0.9106 -2.323 2.8567, 0.9075 -2.3131 2.878, 0.9746 -2.3501 2.7987, 0.9528 -2.3462 2.8069, 0.934 -2.3402 2.8199, 1.0433 -2.3462 2.8069, 1.0215 -2.3501 2.7987, 0.998 -2.3514 2.7959, 1.0855 -2.323 2.8567, 1.0765 -2.3322 2.8369, 1.0621 -2.3402 2.8199, 1.0765 -2.294 2.919, 1.0855 -2.3032 2.8992, 1.0886 -2.3131 2.878, 1.0433 -2.2799 2.949, 1.0621 -2.286 2.936, 0.5528 -2.2799 2.949, 0.5746 -2.2761 2.9572, 0.598 -2.3131 2.878, 0.598 -2.2748 2.96, 0.6215 -2.2761 2.9572, 0.5106 -2.3032 2.8992, 0.5196 -2.294 2.919, 0.534 -2.286 2.936, 0.5196 -2.3322 2.8369, 0.5106 -2.323 2.8567, 0.5075 -2.3131 2.878, 0.5746 -2.3501 2.7987, 0.5528 -2.3462 2.8069, 0.534 -2.3402 2.8199, 0.6433 -2.3462 2.8069, 0.6215 -2.3501 2.7987, 0.598 -2.3514 2.7959, 0.6855 -2.323 2.8567, 0.6765 -2.3322 2.8369, 0.6621 -2.3402 2.8199, 0.6765 -2.294 2.919, 0.6855 -2.3032 2.8992, 0.6886 -2.3131 2.878, 0.6433 -2.2799 2.949, 0.6621 -2.286 2.936, 1.9469 -2.8366 1.1811, 1.9469 -2.8366 1.6614, 1.2972 -2.8366 1.1811, 1.2972 -2.8366 1.6614, 1.9469 -2.376 1.6614, 1.2972 -2.376 1.6614, 1.9469 -6.0964 1.1811, 1.2972 -6.0964 1.1811, 0.7972 -5.3878 0.5315, 0.7972 -5.3878 0.0591, 0.7972 -6.0964 0.5315, 0.7972 -6.0964 0.0591, 1.2972 -5.3878 0.0591, 1.2972 -5.3878 0.5315, 2.5965 -3.9468 0.0591, 1.2972 -3.9468 0.0591, 2.5965 -3.9468 0.5315, 1.2972 -3.9468 0.5315, 1.2972 -6.0964 0.5315, 1.2972 -1.7657 0.5315, 1.2972 -2.0413 0.5315, 1.2972 -1.7657 2.1063, 2.3811 -3.4539 0.2165, 2.3839 -3.4573 0.2693, 2.3081 -3.5111 0.2693, 1.5846 -3.5325 0.4267, 1.5846 -3.5158 0.4094, 1.656 -3.5643 0.4101, 1.5846 -3.4312 0.2615, 1.5846 -3.4268 0.2165, 1.615 -3.4539 0.2165, 1.5846 -3.4619 0.3416, 1.5846 -3.4401 0.2942, 1.6122 -3.4573 0.2693, 1.5846 -3.4333 0.2692, 1.5846 -3.4904 0.3826, 1.5846 -3.4632 0.3435, 1.5979 -3.4744 0.3436, 1.5846 -3.4912 0.3838, 1.6765 -3.5302 0.3436, 1.5846 -3.5385 0.4319, 1.5846 -3.6631 0.5045, 1.5846 -3.6511 0.5001, 1.6278 -3.6114 0.465, 1.5846 -3.5917 0.4702, 1.5846 -3.5837 0.4644, 1.5936 -3.6685 0.5047, 1.5846 -3.6772 0.5098, 1.5846 -3.6837 0.5114, 1.5846 -3.7422 0.526, 1.7021 -3.7226 0.5047, 1.5846 -3.7489 0.5265, 1.5846 -3.8086 0.5315, 1.6547 -3.8393 0.5315, 1.6741 -3.7914 0.527, 1.6802 -3.8504 0.5315, 1.7799 -3.881 0.5315, 1.8006 -3.8318 0.527, 1.7885 -3.8826 0.5315, 1.8853 -3.9005 0.5315, 1.9317 -3.8522 0.527, 1.9277 -3.9033 0.5315, 2.2075 -3.8826 0.5315, 2.1965 -3.8856 0.5315, 2.1955 -3.8318 0.527, 2.0936 -3.9025 0.5315, 2.0644 -3.8522 0.527, 2.0684 -3.9037 0.5315, 1.9894 -3.9074 0.5315, 2.2947 -3.858 0.5315, 2.3219 -3.7914 0.527, 2.3413 -3.8391 0.5315, 2.4114 -3.749 0.5262, 2.4114 -3.7624 0.5288, 2.4114 -3.8086 0.5315, 2.3861 -3.8209 0.5315, 2.4114 -3.6976 0.5161, 2.294 -3.7226 0.5047, 2.4114 -3.684 0.5112, 2.4025 -3.6685 0.5047, 2.4114 -3.6632 0.5037, 2.3682 -3.6114 0.465, 2.4114 -3.5807 0.4633, 2.4114 -3.6402 0.4955, 2.34 -3.5643 0.4101, 2.4114 -3.5159 0.4094, 2.4114 -3.5303 0.4248, 2.3196 -3.5302 0.3436, 2.3982 -3.4744 0.3436, 2.4114 -3.4905 0.3823, 2.4114 -3.4639 0.3433, 2.4114 -3.4684 0.3523, 2.4114 -3.4871 0.3788, 2.4114 -3.4331 0.2693, 2.4114 -3.4434 0.303, 2.4114 -3.4322 0.2664, 2.4114 -3.4268 0.2165, 2.2249 -3.5526 0.2693, 2.2888 -3.5158 0.2165, 2.3058 -3.5073 0.2165, 2.0445 -3.5952 0.2693, 2.1353 -3.5765 0.2165, 2.1364 -3.5809 0.2693, 2.1482 -3.5724 0.2165, 2.2233 -3.5485 0.2165, 1.8597 -3.5809 0.2693, 1.9519 -3.5907 0.2165, 1.9516 -3.5952 0.2693, 1.998 -3.5907 0.2165, 2.0442 -3.5907 0.2165, 1.7711 -3.5526 0.2693, 1.8478 -3.5724 0.2165, 1.8607 -3.5765 0.2165, 1.6903 -3.5073 0.2165, 1.688 -3.5111 0.2693, 1.7073 -3.5158 0.2165, 1.7728 -3.5485 0.2165, 1.8176 -3.7595 0.5047, 1.9374 -3.7781 0.5047, 2.0587 -3.7781 0.5047, 2.1785 -3.7595 0.5047, 1.7271 -3.6609 0.465, 1.8329 -3.6947 0.465, 1.9425 -3.7117 0.465, 2.0535 -3.7117 0.465, 2.1632 -3.6947 0.465, 2.2689 -3.6609 0.465, 1.7478 -3.6101 0.4101, 1.8455 -3.6413 0.4101, 1.9468 -3.6571 0.4101, 2.0493 -3.6571 0.4101, 2.1506 -3.6413 0.4101, 2.2483 -3.6101 0.4101, 1.7627 -3.5733 0.3436, 1.8546 -3.6026 0.3436, 1.9498 -3.6174 0.3436, 2.0462 -3.6174 0.3436, 2.1415 -3.6026 0.3436, 2.2333 -3.5733 0.3436, 2.4114 -2.4306 -0.622, 2.4114 -2.5614 -0.5217, 2.4114 -2.4306 -0.9055, 2.4114 -3.5575 -0.9055, 2.4114 -2.5759 -1.3189, 2.4114 -3.4123 -1.3189, 2.4114 -2.555 0.2693, 2.4114 -2.5448 0.303, 2.4114 -2.1796 0.5315, 2.4114 -2.2906 0.5161, 2.4114 -2.2392 0.5262, 2.4114 -2.2258 0.5288, 2.4114 -3.5575 -0.622, 2.4114 -3.4268 -0.5217, 2.4114 -2.5614 0.2165, 2.4114 -2.5559 0.2664, 2.4114 -2.5243 0.3433, 2.4114 -2.5197 0.3523, 2.4114 -2.501 0.3788, 2.4114 -2.4579 0.4248, 2.4114 -2.4074 0.4633, 2.4114 -2.3479 0.4955, 2.4114 -2.3249 0.5037, 2.4114 -2.3042 0.5112, 2.4114 -2.4977 0.3823, 2.4114 -2.4723 0.4094, 1.615 -2.5343 0.2165, 1.6122 -2.5309 0.2693, 1.688 -2.4771 0.2693, 2.3219 -2.1967 0.527, 2.4025 -2.3197 0.5047, 2.3811 -2.5343 0.2165, 2.3839 -2.5309 0.2693, 2.3982 -2.5137 0.3436, 2.34 -2.4238 0.4101, 2.3682 -2.3768 0.465, 2.294 -2.2655 0.5047, 2.3413 -2.1489 0.5315, 2.3159 -2.1378 0.5315, 2.2161 -2.1071 0.5315, 2.1955 -2.1564 0.527, 2.2075 -2.1055 0.5315, 2.1108 -2.0877 0.5315, 2.0644 -2.136 0.527, 2.0684 -2.0848 0.5315, 1.7886 -2.1056 0.5315, 1.7996 -2.1025 0.5315, 1.8006 -2.1564 0.527, 1.9024 -2.0857 0.5315, 1.9317 -2.136 0.527, 1.9277 -2.0845 0.5315, 2.0066 -2.0807 0.5315, 1.7014 -2.1302 0.5315, 1.6741 -2.1967 0.527, 1.6548 -2.1491 0.5315, 1.5846 -2.2392 0.5262, 1.5846 -2.2258 0.5288, 1.5846 -2.1796 0.5315, 1.6099 -2.1672 0.5315, 1.5846 -2.2906 0.5161, 1.7021 -2.2655 0.5047, 1.5846 -2.3042 0.5112, 1.5936 -2.3197 0.5047, 1.5846 -2.3249 0.5037, 1.6278 -2.3768 0.465, 1.5846 -2.4074 0.4633, 1.5846 -2.3479 0.4955, 1.656 -2.4238 0.4101, 1.5846 -2.4723 0.4094, 1.5846 -2.4579 0.4248, 1.6765 -2.4579 0.3436, 1.5979 -2.5137 0.3436, 1.5846 -2.4977 0.3823, 1.5846 -2.5243 0.3433, 1.5846 -2.5197 0.3523, 1.5846 -2.501 0.3788, 1.5846 -2.555 0.2693, 1.5846 -2.5448 0.303, 1.5846 -2.5559 0.2664, 1.5846 -2.5614 0.2165, 1.7711 -2.4355 0.2693, 1.7073 -2.4724 0.2165, 1.6903 -2.4809 0.2165, 1.9516 -2.393 0.2693, 1.8607 -2.4116 0.2165, 1.8597 -2.4073 0.2693, 1.8478 -2.4157 0.2165, 1.7728 -2.4397 0.2165, 2.1364 -2.4073 0.2693, 2.0442 -2.3974 0.2165, 2.0445 -2.393 0.2693, 1.998 -2.3974 0.2165, 1.9519 -2.3974 0.2165, 2.2249 -2.4355 0.2693, 2.1482 -2.4157 0.2165, 2.1353 -2.4116 0.2165, 2.3058 -2.4809 0.2165, 2.3081 -2.4771 0.2693, 2.2888 -2.4724 0.2165, 2.2233 -2.4397 0.2165, 2.1785 -2.2287 0.5047, 2.0587 -2.2101 0.5047, 1.9374 -2.2101 0.5047, 1.8176 -2.2287 0.5047, 2.2689 -2.3272 0.465, 2.1632 -2.2935 0.465, 2.0535 -2.2764 0.465, 1.9425 -2.2764 0.465, 1.8329 -2.2935 0.465, 1.7271 -2.3272 0.465, 2.2483 -2.378 0.4101, 2.1506 -2.3469 0.4101, 2.0493 -2.3311 0.4101, 1.9468 -2.3311 0.4101, 1.8455 -2.3469 0.4101, 1.7478 -2.378 0.4101, 2.3196 -2.4579 0.3436, 2.2333 -2.4149 0.3436, 2.1415 -2.3856 0.3436, 2.0462 -2.3708 0.3436, 1.9498 -2.3708 0.3436, 1.8546 -2.3856 0.3436, 1.7627 -2.4149 0.3436, 1.5846 -3.5575 -0.9055, 1.5846 -3.5575 -0.622, 1.5846 -3.4268 -0.5217, 1.5846 -2.5614 -0.5217, 1.5846 -2.5759 -1.3189, 1.5846 -3.4123 -1.3189, 1.5846 -2.4306 -0.9055, 1.5846 -2.4306 -0.622, 2.5965 -2.0413 0.0591, 2.5965 -2.0413 0.5315, -2.6004 -2.0413 0.0591, -2.6004 -2.0413 0.5315, 2.2028 0.5059 0.4528, 2.2028 0.9902 0.4528, 2.2028 0.9902 0.0591, 2.2028 -1.2933 0.0591, 2.2028 -1.2933 0.4528, 2.2028 -0.939 0.4528, 2.2028 0.0059 0.4528, 0.998 -1.2933 0.4528, -2.2067 -1.2933 0.4528, -1.7746 -1.2933 0.4528, -2.2067 -1.2933 0.0591, -1.002 -1.2933 0.4528, -0.502 -1.2933 0.4528, -0.002 -1.2933 0.4528, 0.498 -1.2933 0.4528, -2.2067 0.9902 0.4528, -2.2067 0.5059 0.4528, -2.2067 0.9902 0.0591, -2.2067 0.0059 0.4528, -2.2067 -0.939 0.4528
            ]
        }
        coordIndex [
            0,1,2,-1,2,1,3,-1,2,3,4,-1,4,3,5,-1,6,7,8,-1,9,10,11,-1,12,13,9,-1,9,13,14,-1,9,14,10,-1,7,15,8,-1,8,15,16,-1,8,16,17,-1,18,9,19,-1,19,9,20,-1,21,3,22,-1,22,3,1,-1,22,1,23,-1,23,1,24,-1,23,24,25,-1,25,24,9,-1,25,9,26,-1,26,9,11,-1,27,28,8,-1,8,28,29,-1,30,31,32,-1,6,8,9,-1,9,8,33,-1,9,33,34,-1,34,35,9,-1,9,35,36,-1,9,36,20,-1,18,37,9,-1,9,37,38,-1,9,38,12,-1,17,39,8,-1,8,39,40,-1,8,40,27,-1,30,32,41,-1,29,28,32,-1,32,28,42,-1,32,42,41,-1,31,43,32,-1,32,43,44,-1,32,44,45,-1,41,46,30,-1,47,48,49,-1,49,48,50,-1,49,50,51,-1,52,53,54,-1,54,53,55,-1,54,55,56,-1,57,58,59,-1,60,61,62,-1,63,64,65,-1,66,67,64,-1,64,67,68,-1,64,68,65,-1,69,70,71,-1,71,70,72,-1,73,74,69,-1,69,71,73,-1,73,71,75,-1,73,75,76,-1,76,75,77,-1,77,75,78,-1,77,78,79,-1,79,78,80,-1,80,78,81,-1,80,81,82,-1,82,81,83,-1,82,83,84,-1,84,83,85,-1,85,83,86,-1,85,86,87,-1,87,86,88,-1,87,88,89,-1,89,88,90,-1,90,88,91,-1,90,91,92,-1,92,91,93,-1,93,91,94,-1,93,94,95,-1,95,94,96,-1,95,96,97,-1,97,96,9,-1,97,9,24,-1,15,7,96,-1,96,7,6,-1,96,6,9,-1,15,98,16,-1,16,98,17,-1,27,40,99,-1,99,40,39,-1,41,42,100,-1,100,42,28,-1,100,28,27,-1,30,46,31,-1,31,46,101,-1,31,101,43,-1,43,102,44,-1,44,102,103,-1,44,103,45,-1,104,105,102,-1,102,105,106,-1,102,106,103,-1,107,108,109,-1,109,108,110,-1,109,110,104,-1,104,110,111,-1,104,111,105,-1,107,109,112,-1,112,109,113,-1,112,113,114,-1,114,113,115,-1,114,115,116,-1,51,117,49,-1,49,117,118,-1,49,118,115,-1,115,118,119,-1,115,119,116,-1,43,101,102,-1,102,101,120,-1,102,120,104,-1,104,120,121,-1,104,121,109,-1,109,121,122,-1,109,122,113,-1,113,122,123,-1,113,123,115,-1,115,123,53,-1,115,53,49,-1,49,53,52,-1,49,52,47,-1,41,100,46,-1,46,100,124,-1,46,124,101,-1,101,124,125,-1,101,125,120,-1,120,125,126,-1,120,126,121,-1,121,126,127,-1,121,127,122,-1,122,127,128,-1,122,128,123,-1,123,128,129,-1,123,129,53,-1,53,129,57,-1,53,57,55,-1,55,57,59,-1,55,59,56,-1,27,99,100,-1,100,99,130,-1,100,130,124,-1,124,130,131,-1,124,131,125,-1,125,131,132,-1,125,132,126,-1,126,132,133,-1,126,133,127,-1,127,133,134,-1,127,134,128,-1,128,134,135,-1,128,135,129,-1,129,135,60,-1,129,60,57,-1,57,60,62,-1,57,62,58,-1,17,98,39,-1,39,98,136,-1,39,136,99,-1,99,136,137,-1,99,137,130,-1,130,137,138,-1,130,138,131,-1,131,138,139,-1,131,139,132,-1,132,139,140,-1,132,140,133,-1,133,140,141,-1,133,141,134,-1,134,141,142,-1,134,142,135,-1,135,142,63,-1,135,63,60,-1,60,63,65,-1,60,65,61,-1,15,96,98,-1,98,96,94,-1,98,94,136,-1,136,94,91,-1,136,91,137,-1,137,91,88,-1,137,88,138,-1,138,88,86,-1,138,86,139,-1,139,86,83,-1,139,83,140,-1,140,83,81,-1,140,81,141,-1,141,81,78,-1,141,78,142,-1,142,78,75,-1,142,75,63,-1,63,75,71,-1,63,71,64,-1,64,71,72,-1,64,72,66,-1,143,144,145,-1,145,144,146,-1,145,146,147,-1,147,146,148,-1,70,69,149,-1,149,69,74,-1,56,59,149,-1,149,59,58,-1,149,58,62,-1,68,67,149,-1,150,146,151,-1,151,146,144,-1,151,144,74,-1,74,144,152,-1,74,152,149,-1,48,47,153,-1,153,47,52,-1,153,52,154,-1,154,52,149,-1,149,52,54,-1,149,54,56,-1,153,155,48,-1,48,155,156,-1,48,156,157,-1,158,50,159,-1,159,50,48,-1,159,48,160,-1,67,66,149,-1,149,66,72,-1,149,72,70,-1,157,161,48,-1,48,161,162,-1,48,162,160,-1,62,61,149,-1,149,61,65,-1,149,65,68,-1,158,163,50,-1,50,163,164,-1,50,164,165,-1,165,166,50,-1,50,166,167,-1,50,167,168,-1,163,169,164,-1,29,32,170,-1,170,32,171,-1,8,172,33,-1,33,172,173,-1,33,173,34,-1,34,173,35,-1,36,174,20,-1,20,174,19,-1,38,37,175,-1,175,37,18,-1,12,176,13,-1,13,176,177,-1,13,177,14,-1,25,26,178,-1,178,26,11,-1,178,11,10,-1,179,23,25,-1,25,178,179,-1,179,178,180,-1,179,180,181,-1,181,180,182,-1,182,180,183,-1,182,183,184,-1,184,183,185,-1,185,183,186,-1,185,186,187,-1,187,186,188,-1,187,188,189,-1,189,188,190,-1,190,188,191,-1,190,191,192,-1,192,191,193,-1,192,193,194,-1,194,193,195,-1,195,193,196,-1,195,196,197,-1,197,196,198,-1,198,196,199,-1,198,199,200,-1,200,199,201,-1,200,201,202,-1,202,201,149,-1,202,149,152,-1,155,153,201,-1,201,153,154,-1,201,154,149,-1,155,203,156,-1,156,203,157,-1,160,162,204,-1,204,162,161,-1,163,158,205,-1,205,158,159,-1,205,159,160,-1,164,169,165,-1,165,169,206,-1,165,206,166,-1,166,207,167,-1,167,207,208,-1,167,208,168,-1,209,210,207,-1,207,210,211,-1,207,211,208,-1,212,213,214,-1,214,213,215,-1,214,215,209,-1,209,215,216,-1,209,216,210,-1,212,214,217,-1,217,214,218,-1,217,218,219,-1,219,218,220,-1,219,220,221,-1,171,222,170,-1,170,222,223,-1,170,223,220,-1,220,223,224,-1,220,224,221,-1,166,206,207,-1,207,206,225,-1,207,225,209,-1,209,225,226,-1,209,226,214,-1,214,226,227,-1,214,227,218,-1,218,227,228,-1,218,228,220,-1,220,228,172,-1,220,172,170,-1,170,172,8,-1,170,8,29,-1,163,205,169,-1,169,205,229,-1,169,229,206,-1,206,229,230,-1,206,230,225,-1,225,230,231,-1,225,231,226,-1,226,231,232,-1,226,232,227,-1,227,232,233,-1,227,233,228,-1,228,233,234,-1,228,234,172,-1,172,234,174,-1,172,174,173,-1,173,174,36,-1,173,36,35,-1,160,204,205,-1,205,204,235,-1,205,235,229,-1,229,235,236,-1,229,236,230,-1,230,236,237,-1,230,237,231,-1,231,237,238,-1,231,238,232,-1,232,238,239,-1,232,239,233,-1,233,239,240,-1,233,240,234,-1,234,240,175,-1,234,175,174,-1,174,175,18,-1,174,18,19,-1,157,203,161,-1,161,203,241,-1,161,241,204,-1,204,241,242,-1,204,242,235,-1,235,242,243,-1,235,243,236,-1,236,243,244,-1,236,244,237,-1,237,244,245,-1,237,245,238,-1,238,245,246,-1,238,246,239,-1,239,246,247,-1,239,247,240,-1,240,247,176,-1,240,176,175,-1,175,176,12,-1,175,12,38,-1,155,201,203,-1,203,201,199,-1,203,199,241,-1,241,199,196,-1,241,196,242,-1,242,196,193,-1,242,193,243,-1,243,193,191,-1,243,191,244,-1,244,191,188,-1,244,188,245,-1,245,188,186,-1,245,186,246,-1,246,186,183,-1,246,183,247,-1,247,183,180,-1,247,180,176,-1,176,180,178,-1,176,178,177,-1,177,178,10,-1,177,10,14,-1,248,249,250,-1,250,249,251,-1,252,253,254,-1,254,253,255,-1,256,257,258,-1,258,259,252,-1,260,256,261,-1,261,256,258,-1,261,258,262,-1,262,258,252,-1,262,252,251,-1,251,252,254,-1,251,254,250,-1,250,254,263,-1,254,264,263,-1,263,264,265,-1,265,264,266,-1,266,264,267,-1,268,269,270,-1,270,269,271,-1,272,273,274,-1,274,273,275,-1,276,257,277,-1,277,257,256,-1,278,279,280,-1,280,279,281,-1,282,252,283,-1,283,252,259,-1,252,282,253,-1,253,282,284,-1,258,257,285,-1,285,257,276,-1,283,259,285,-1,285,259,258,-1,286,287,288,-1,288,287,289,-1,288,289,290,-1,291,292,288,-1,288,292,293,-1,288,293,286,-1,294,295,288,-1,288,295,296,-1,288,296,291,-1,297,298,288,-1,288,298,299,-1,288,299,294,-1,300,301,288,-1,288,301,302,-1,288,302,297,-1,303,304,288,-1,288,304,305,-1,288,305,300,-1,306,307,288,-1,288,307,308,-1,288,308,303,-1,290,309,288,-1,288,309,310,-1,288,310,306,-1,311,312,313,-1,313,312,314,-1,313,314,315,-1,316,317,313,-1,313,317,318,-1,313,318,311,-1,319,320,313,-1,313,320,321,-1,313,321,316,-1,322,323,313,-1,313,323,324,-1,313,324,319,-1,325,326,313,-1,313,326,327,-1,313,327,322,-1,328,329,313,-1,313,329,330,-1,313,330,325,-1,331,332,313,-1,313,332,333,-1,313,333,328,-1,315,334,313,-1,313,334,335,-1,313,335,331,-1,336,337,338,-1,338,337,339,-1,338,339,340,-1,341,342,338,-1,338,342,343,-1,338,343,336,-1,344,345,338,-1,338,345,346,-1,338,346,341,-1,347,348,338,-1,338,348,349,-1,338,349,344,-1,350,351,338,-1,338,351,352,-1,338,352,347,-1,353,354,338,-1,338,354,355,-1,338,355,350,-1,356,357,338,-1,338,357,358,-1,338,358,353,-1,340,359,338,-1,338,359,360,-1,338,360,356,-1,361,362,363,-1,363,362,364,-1,363,364,365,-1,366,367,363,-1,363,367,368,-1,363,368,361,-1,369,370,363,-1,363,370,371,-1,363,371,366,-1,372,373,363,-1,363,373,374,-1,363,374,369,-1,375,376,363,-1,363,376,377,-1,363,377,372,-1,378,379,363,-1,363,379,380,-1,363,380,375,-1,381,382,363,-1,363,382,383,-1,363,383,378,-1,365,384,363,-1,363,384,385,-1,363,385,381,-1,386,387,388,-1,388,387,389,-1,388,389,390,-1,391,392,388,-1,388,392,393,-1,388,393,386,-1,394,395,388,-1,388,395,396,-1,388,396,391,-1,397,398,388,-1,388,398,399,-1,388,399,394,-1,400,401,388,-1,388,401,402,-1,388,402,397,-1,403,404,388,-1,388,404,405,-1,388,405,400,-1,406,407,388,-1,388,407,408,-1,388,408,403,-1,390,409,388,-1,388,409,410,-1,388,410,406,-1,411,412,413,-1,413,412,414,-1,413,414,415,-1,416,417,413,-1,413,417,418,-1,413,418,411,-1,419,420,413,-1,413,420,421,-1,413,421,416,-1,422,423,413,-1,413,423,424,-1,413,424,419,-1,425,426,413,-1,413,426,427,-1,413,427,422,-1,428,429,413,-1,413,429,430,-1,413,430,425,-1,431,432,413,-1,413,432,433,-1,413,433,428,-1,415,434,413,-1,413,434,435,-1,413,435,431,-1,436,437,438,-1,438,437,439,-1,440,441,437,-1,437,441,439,-1,440,269,441,-1,441,269,268,-1,436,438,442,-1,442,438,443,-1,444,445,446,-1,446,445,447,-1,445,444,448,-1,448,444,449,-1,450,451,452,-1,452,451,453,-1,449,454,443,-1,451,448,453,-1,453,448,449,-1,441,455,456,-1,441,268,455,-1,455,268,270,-1,455,270,457,-1,449,443,453,-1,453,443,438,-1,453,438,456,-1,456,438,439,-1,456,439,441,-1,458,459,460,-1,461,462,463,-1,464,465,466,-1,467,468,469,-1,469,468,470,-1,469,470,464,-1,471,472,473,-1,473,472,467,-1,471,473,474,-1,474,473,475,-1,474,475,462,-1,461,463,476,-1,477,478,479,-1,478,480,479,-1,479,480,481,-1,479,481,476,-1,477,482,483,-1,483,482,484,-1,484,482,485,-1,485,482,486,-1,485,486,487,-1,488,487,489,-1,489,487,490,-1,489,490,491,-1,491,490,492,-1,492,490,493,-1,492,493,494,-1,494,493,495,-1,495,493,496,-1,495,496,497,-1,498,499,500,-1,500,499,501,-1,500,501,502,-1,502,501,503,-1,502,503,496,-1,496,503,504,-1,496,504,497,-1,498,500,505,-1,505,500,506,-1,505,506,507,-1,506,508,509,-1,509,510,506,-1,506,510,511,-1,506,511,507,-1,512,513,514,-1,514,513,515,-1,514,515,516,-1,517,518,519,-1,520,521,522,-1,523,524,525,-1,526,527,524,-1,524,527,528,-1,524,528,525,-1,459,529,530,-1,529,459,531,-1,531,459,458,-1,531,458,532,-1,533,534,460,-1,460,534,535,-1,460,535,458,-1,536,537,538,-1,538,537,539,-1,538,539,533,-1,533,539,540,-1,533,540,534,-1,541,542,543,-1,543,542,544,-1,543,544,536,-1,536,544,545,-1,536,545,537,-1,546,547,541,-1,541,547,548,-1,541,548,542,-1,464,466,469,-1,469,466,549,-1,469,549,550,-1,550,549,551,-1,550,551,546,-1,546,551,552,-1,546,552,547,-1,487,486,490,-1,490,486,553,-1,490,553,493,-1,493,553,554,-1,493,554,496,-1,496,554,555,-1,496,555,502,-1,502,555,556,-1,502,556,500,-1,500,556,513,-1,500,513,506,-1,506,513,512,-1,506,512,508,-1,477,479,482,-1,482,479,557,-1,482,557,486,-1,486,557,558,-1,486,558,553,-1,553,558,559,-1,553,559,554,-1,554,559,560,-1,554,560,555,-1,555,560,561,-1,555,561,556,-1,556,561,562,-1,556,562,513,-1,513,562,517,-1,513,517,515,-1,515,517,519,-1,515,519,516,-1,476,463,479,-1,479,463,563,-1,479,563,557,-1,557,563,564,-1,557,564,558,-1,558,564,565,-1,558,565,559,-1,559,565,566,-1,559,566,560,-1,560,566,567,-1,560,567,561,-1,561,567,568,-1,561,568,562,-1,562,568,520,-1,562,520,517,-1,517,520,522,-1,517,522,518,-1,462,475,463,-1,463,475,569,-1,463,569,563,-1,563,569,570,-1,563,570,564,-1,564,570,571,-1,564,571,565,-1,565,571,572,-1,565,572,566,-1,566,572,573,-1,566,573,567,-1,567,573,574,-1,567,574,568,-1,568,574,523,-1,568,523,520,-1,520,523,525,-1,520,525,521,-1,467,469,473,-1,473,469,550,-1,473,550,475,-1,475,550,546,-1,475,546,569,-1,569,546,541,-1,569,541,570,-1,570,541,543,-1,570,543,571,-1,571,543,536,-1,571,536,572,-1,572,536,538,-1,572,538,573,-1,573,538,533,-1,573,533,574,-1,574,533,460,-1,574,460,523,-1,523,460,459,-1,523,459,524,-1,524,459,530,-1,524,530,526,-1,575,576,577,-1,577,576,578,-1,577,578,579,-1,579,578,580,-1,581,582,531,-1,519,518,583,-1,584,585,530,-1,530,585,586,-1,530,586,526,-1,526,586,527,-1,587,578,588,-1,588,578,576,-1,588,576,532,-1,532,576,589,-1,532,589,531,-1,531,589,590,-1,531,590,581,-1,583,518,586,-1,586,518,522,-1,586,522,521,-1,582,591,531,-1,531,591,592,-1,531,592,593,-1,521,525,586,-1,586,525,528,-1,586,528,527,-1,594,595,531,-1,531,595,596,-1,531,596,529,-1,529,596,597,-1,529,597,530,-1,530,597,598,-1,530,598,584,-1,510,509,583,-1,583,509,508,-1,583,508,512,-1,512,514,583,-1,583,514,516,-1,583,516,519,-1,593,599,531,-1,531,599,600,-1,531,600,594,-1,601,602,603,-1,586,585,604,-1,597,605,598,-1,590,589,606,-1,591,582,607,-1,607,582,581,-1,607,581,590,-1,591,608,592,-1,592,608,593,-1,594,600,609,-1,609,600,599,-1,597,596,610,-1,610,596,595,-1,610,595,594,-1,598,605,584,-1,584,605,611,-1,584,611,585,-1,583,586,612,-1,612,586,604,-1,612,604,613,-1,613,604,614,-1,614,604,615,-1,614,615,616,-1,616,615,617,-1,617,615,618,-1,617,618,619,-1,620,621,622,-1,622,621,623,-1,622,623,624,-1,624,623,625,-1,624,625,618,-1,618,625,626,-1,618,626,619,-1,620,622,627,-1,627,622,628,-1,627,628,629,-1,628,630,631,-1,631,632,628,-1,628,632,633,-1,628,633,629,-1,634,635,636,-1,636,635,637,-1,636,637,638,-1,639,640,641,-1,642,643,644,-1,645,646,647,-1,648,649,646,-1,646,649,650,-1,646,650,647,-1,602,651,652,-1,651,602,653,-1,653,602,601,-1,653,601,654,-1,655,656,603,-1,603,656,657,-1,603,657,601,-1,658,659,660,-1,660,659,661,-1,660,661,655,-1,655,661,662,-1,655,662,656,-1,663,664,665,-1,665,664,666,-1,665,666,658,-1,658,666,667,-1,658,667,659,-1,668,669,663,-1,663,669,670,-1,663,670,664,-1,590,606,607,-1,607,606,671,-1,607,671,672,-1,672,671,673,-1,672,673,668,-1,668,673,674,-1,668,674,669,-1,585,611,604,-1,604,611,675,-1,604,675,615,-1,615,675,676,-1,615,676,618,-1,618,676,677,-1,618,677,624,-1,624,677,678,-1,624,678,622,-1,622,678,635,-1,622,635,628,-1,628,635,634,-1,628,634,630,-1,597,610,605,-1,605,610,679,-1,605,679,611,-1,611,679,680,-1,611,680,675,-1,675,680,681,-1,675,681,676,-1,676,681,682,-1,676,682,677,-1,677,682,683,-1,677,683,678,-1,678,683,684,-1,678,684,635,-1,635,684,639,-1,635,639,637,-1,637,639,641,-1,637,641,638,-1,594,609,610,-1,610,609,685,-1,610,685,679,-1,679,685,686,-1,679,686,680,-1,680,686,687,-1,680,687,681,-1,681,687,688,-1,681,688,682,-1,682,688,689,-1,682,689,683,-1,683,689,690,-1,683,690,684,-1,684,690,642,-1,684,642,639,-1,639,642,644,-1,639,644,640,-1,593,608,599,-1,599,608,691,-1,599,691,609,-1,609,691,692,-1,609,692,685,-1,685,692,693,-1,685,693,686,-1,686,693,694,-1,686,694,687,-1,687,694,695,-1,687,695,688,-1,688,695,696,-1,688,696,689,-1,689,696,697,-1,689,697,690,-1,690,697,645,-1,690,645,642,-1,642,645,647,-1,642,647,643,-1,591,607,608,-1,608,607,672,-1,608,672,691,-1,691,672,668,-1,691,668,692,-1,692,668,663,-1,692,663,693,-1,693,663,665,-1,693,665,694,-1,694,665,658,-1,694,658,695,-1,695,658,660,-1,695,660,696,-1,696,660,655,-1,696,655,697,-1,697,655,603,-1,697,603,645,-1,645,603,602,-1,645,602,646,-1,646,602,652,-1,646,652,648,-1,698,699,700,-1,654,701,700,-1,702,703,704,-1,704,703,698,-1,484,485,652,-1,698,700,704,-1,704,700,701,-1,704,701,705,-1,652,485,648,-1,468,467,652,-1,641,640,488,-1,488,640,644,-1,488,644,487,-1,647,650,485,-1,485,650,649,-1,485,649,648,-1,467,472,652,-1,652,472,471,-1,652,471,474,-1,654,700,653,-1,653,700,465,-1,653,465,651,-1,651,465,464,-1,651,464,652,-1,652,464,470,-1,652,470,468,-1,476,481,652,-1,652,481,480,-1,652,480,478,-1,632,631,488,-1,488,631,630,-1,488,630,634,-1,634,636,488,-1,488,636,638,-1,488,638,641,-1,487,644,485,-1,485,644,643,-1,485,643,647,-1,474,462,652,-1,652,462,461,-1,652,461,476,-1,478,477,652,-1,652,477,483,-1,652,483,484,-1,706,707,456,-1,706,456,708,-1,708,456,262,-1,708,262,709,-1,710,711,712,-1,713,714,715,-1,713,715,712,-1,712,715,716,-1,712,716,710,-1,717,714,713,-1,718,719,720,-1,720,719,721,-1,721,722,720,-1,720,722,723,-1,720,723,713,-1,713,723,724,-1,713,724,717,-1,725,726,727,-1,727,726,728,-1,727,728,720,-1,720,728,729,-1,720,729,718,-1,
        ]
    }
}
Shape{
    appearance Appearance {
        material  Material 	{
            diffuseColor 0.7529411764705882 0.7529411764705882 0.7529411764705882
            specularColor 0.3764705882352941 0.3764705882352941 0.3764705882352941
            ambientIntensity 0.7529
            transparency 0.0
            shininess 0.5
        }
    }
    geometry IndexedFaceSet {
        ccw TRUE
        solid FALSE
        coord DEF co Coordinate {
            point [
                -0.752 -0.5846 0.4528, -0.7285 -0.5816 -1.4173, -0.7285 -0.5816 0.4528, -0.7067 -0.5725 -1.4173, -0.7067 -0.5725 0.4528, -0.6879 -0.5581 -1.4173, -0.6879 -0.5581 0.4528, -0.6735 -0.5394 -1.4173, -0.6735 -0.5394 0.4528, -0.6645 -0.5175 -1.4173, -0.6645 -0.5175 0.4528, -0.6614 -0.4941 -1.4173, -0.6614 -0.4941 0.4528, -0.6645 -0.4706 -1.4173, -0.6645 -0.4706 0.4528, -0.6735 -0.4488 -1.4173, -0.6735 -0.4488 0.4528, -0.6879 -0.4301 -1.4173, -0.6879 -0.4301 0.4528, -0.7067 -0.4157 -1.4173, -0.7067 -0.4157 0.4528, -0.7285 -0.4066 -1.4173, -0.7285 -0.4066 0.4528, -0.752 -0.4035 -1.4173, -0.752 -0.4035 0.4528, -0.7754 -0.4066 -1.4173, -0.7754 -0.4066 0.4528, -0.7972 -0.4157 -1.4173, -0.7972 -0.4157 0.4528, -0.816 -0.4301 -1.4173, -0.816 -0.4301 0.4528, -0.8304 -0.4488 -1.4173, -0.8304 -0.4488 0.4528, -0.8394 -0.4706 -1.4173, -0.8394 -0.4706 0.4528, -0.8425 -0.4941 -1.4173, -0.8425 -0.4941 0.4528, -0.8394 -0.5175 -1.4173, -0.8394 -0.5175 0.4528, -0.8304 -0.5394 -1.4173, -0.8304 -0.5394 0.4528, -0.816 -0.5581 -1.4173, -0.816 -0.5581 0.4528, -0.7972 -0.5725 -1.4173, -0.7972 -0.5725 0.4528, -0.7754 -0.5816 -1.4173, -0.7754 -0.5816 0.4528, -0.752 -0.5846 -1.4173, -1.252 0.4154 0.4528, -1.2285 0.4184 -1.4173, -1.2285 0.4184 0.4528, -1.2067 0.4275 -1.4173, -1.2067 0.4275 0.4528, -1.1879 0.4419 -1.4173, -1.1879 0.4419 0.4528, -1.1735 0.4606 -1.4173, -1.1735 0.4606 0.4528, -1.1645 0.4825 -1.4173, -1.1645 0.4825 0.4528, -1.1614 0.5059 -1.4173, -1.1614 0.5059 0.4528, -1.1645 0.5294 -1.4173, -1.1645 0.5294 0.4528, -1.1735 0.5512 -1.4173, -1.1735 0.5512 0.4528, -1.1879 0.5699 -1.4173, -1.1879 0.5699 0.4528, -1.2067 0.5843 -1.4173, -1.2067 0.5843 0.4528, -1.2285 0.5934 -1.4173, -1.2285 0.5934 0.4528, -1.252 0.5965 -1.4173, -1.252 0.5965 0.4528, -1.2754 0.5934 -1.4173, -1.2754 0.5934 0.4528, -1.2972 0.5843 -1.4173, -1.2972 0.5843 0.4528, -1.316 0.5699 -1.4173, -1.316 0.5699 0.4528, -1.3304 0.5512 -1.4173, -1.3304 0.5512 0.4528, -1.3394 0.5294 -1.4173, -1.3394 0.5294 0.4528, -1.3425 0.5059 -1.4173, -1.3425 0.5059 0.4528, -1.3394 0.4825 -1.4173, -1.3394 0.4825 0.4528, -1.3304 0.4606 -1.4173, -1.3304 0.4606 0.4528, -1.316 0.4419 -1.4173, -1.316 0.4419 0.4528, -1.2972 0.4275 -1.4173, -1.2972 0.4275 0.4528, -1.2754 0.4184 -1.4173, -1.2754 0.4184 0.4528, -1.252 0.4154 -1.4173, 0.248 -0.5846 0.4528, 0.2715 -0.5816 -1.4173, 0.2715 -0.5816 0.4528, 0.2933 -0.5725 -1.4173, 0.2933 -0.5725 0.4528, 0.3121 -0.5581 -1.4173, 0.3121 -0.5581 0.4528, 0.3265 -0.5394 -1.4173, 0.3265 -0.5394 0.4528, 0.3355 -0.5175 -1.4173, 0.3355 -0.5175 0.4528, 0.3386 -0.4941 -1.4173, 0.3386 -0.4941 0.4528, 0.3355 -0.4706 -1.4173, 0.3355 -0.4706 0.4528, 0.3265 -0.4488 -1.4173, 0.3265 -0.4488 0.4528, 0.3121 -0.4301 -1.4173, 0.3121 -0.4301 0.4528, 0.2933 -0.4157 -1.4173, 0.2933 -0.4157 0.4528, 0.2715 -0.4066 -1.4173, 0.2715 -0.4066 0.4528, 0.248 -0.4035 -1.4173, 0.248 -0.4035 0.4528, 0.2246 -0.4066 -1.4173, 0.2246 -0.4066 0.4528, 0.2028 -0.4157 -1.4173, 0.2028 -0.4157 0.4528, 0.184 -0.4301 -1.4173, 0.184 -0.4301 0.4528, 0.1696 -0.4488 -1.4173, 0.1696 -0.4488 0.4528, 0.1606 -0.4706 -1.4173, 0.1606 -0.4706 0.4528, 0.1575 -0.4941 -1.4173, 0.1575 -0.4941 0.4528, 0.1606 -0.5175 -1.4173, 0.1606 -0.5175 0.4528, 0.1696 -0.5394 -1.4173, 0.1696 -0.5394 0.4528, 0.184 -0.5581 -1.4173, 0.184 -0.5581 0.4528, 0.2028 -0.5725 -1.4173, 0.2028 -0.5725 0.4528, 0.2246 -0.5816 -1.4173, 0.2246 -0.5816 0.4528, 0.248 -0.5846 -1.4173, -0.252 0.4154 0.4528, -0.2285 0.4184 -1.4173, -0.2285 0.4184 0.4528, -0.2067 0.4275 -1.4173, -0.2067 0.4275 0.4528, -0.1879 0.4419 -1.4173, -0.1879 0.4419 0.4528, -0.1735 0.4606 -1.4173, -0.1735 0.4606 0.4528, -0.1645 0.4825 -1.4173, -0.1645 0.4825 0.4528, -0.1614 0.5059 -1.4173, -0.1614 0.5059 0.4528, -0.1645 0.5294 -1.4173, -0.1645 0.5294 0.4528, -0.1735 0.5512 -1.4173, -0.1735 0.5512 0.4528, -0.1879 0.5699 -1.4173, -0.1879 0.5699 0.4528, -0.2067 0.5843 -1.4173, -0.2067 0.5843 0.4528, -0.2285 0.5934 -1.4173, -0.2285 0.5934 0.4528, -0.252 0.5965 -1.4173, -0.252 0.5965 0.4528, -0.2754 0.5934 -1.4173, -0.2754 0.5934 0.4528, -0.2972 0.5843 -1.4173, -0.2972 0.5843 0.4528, -0.316 0.5699 -1.4173, -0.316 0.5699 0.4528, -0.3304 0.5512 -1.4173, -0.3304 0.5512 0.4528, -0.3394 0.5294 -1.4173, -0.3394 0.5294 0.4528, -0.3425 0.5059 -1.4173, -0.3425 0.5059 0.4528, -0.3394 0.4825 -1.4173, -0.3394 0.4825 0.4528, -0.3304 0.4606 -1.4173, -0.3304 0.4606 0.4528, -0.316 0.4419 -1.4173, -0.316 0.4419 0.4528, -0.2972 0.4275 -1.4173, -0.2972 0.4275 0.4528, -0.2754 0.4184 -1.4173, -0.2754 0.4184 0.4528, -0.252 0.4154 -1.4173, 1.248 -0.5846 0.4528, 1.2715 -0.5816 -1.4173, 1.2715 -0.5816 0.4528, 1.2933 -0.5725 -1.4173, 1.2933 -0.5725 0.4528, 1.3121 -0.5581 -1.4173, 1.3121 -0.5581 0.4528, 1.3265 -0.5394 -1.4173, 1.3265 -0.5394 0.4528, 1.3355 -0.5175 -1.4173, 1.3355 -0.5175 0.4528, 1.3386 -0.4941 -1.4173, 1.3386 -0.4941 0.4528, 1.3355 -0.4706 -1.4173, 1.3355 -0.4706 0.4528, 1.3265 -0.4488 -1.4173, 1.3265 -0.4488 0.4528, 1.3121 -0.4301 -1.4173, 1.3121 -0.4301 0.4528, 1.2933 -0.4157 -1.4173, 1.2933 -0.4157 0.4528, 1.2715 -0.4066 -1.4173, 1.2715 -0.4066 0.4528, 1.248 -0.4035 -1.4173, 1.248 -0.4035 0.4528, 1.2246 -0.4066 -1.4173, 1.2246 -0.4066 0.4528, 1.2028 -0.4157 -1.4173, 1.2028 -0.4157 0.4528, 1.184 -0.4301 -1.4173, 1.184 -0.4301 0.4528, 1.1696 -0.4488 -1.4173, 1.1696 -0.4488 0.4528, 1.1606 -0.4706 -1.4173, 1.1606 -0.4706 0.4528, 1.1575 -0.4941 -1.4173, 1.1575 -0.4941 0.4528, 1.1606 -0.5175 -1.4173, 1.1606 -0.5175 0.4528, 1.1696 -0.5394 -1.4173, 1.1696 -0.5394 0.4528, 1.184 -0.5581 -1.4173, 1.184 -0.5581 0.4528, 1.2028 -0.5725 -1.4173, 1.2028 -0.5725 0.4528, 1.2246 -0.5816 -1.4173, 1.2246 -0.5816 0.4528, 1.248 -0.5846 -1.4173, 0.748 0.4154 0.4528, 0.7715 0.4184 -1.4173, 0.7715 0.4184 0.4528, 0.7933 0.4275 -1.4173, 0.7933 0.4275 0.4528, 0.8121 0.4419 -1.4173, 0.8121 0.4419 0.4528, 0.8265 0.4606 -1.4173, 0.8265 0.4606 0.4528, 0.8355 0.4825 -1.4173, 0.8355 0.4825 0.4528, 0.8386 0.5059 -1.4173, 0.8386 0.5059 0.4528, 0.8355 0.5294 -1.4173, 0.8355 0.5294 0.4528, 0.8265 0.5512 -1.4173, 0.8265 0.5512 0.4528, 0.8121 0.5699 -1.4173, 0.8121 0.5699 0.4528, 0.7933 0.5843 -1.4173, 0.7933 0.5843 0.4528, 0.7715 0.5934 -1.4173, 0.7715 0.5934 0.4528, 0.748 0.5965 -1.4173, 0.748 0.5965 0.4528, 0.7246 0.5934 -1.4173, 0.7246 0.5934 0.4528, 0.7028 0.5843 -1.4173, 0.7028 0.5843 0.4528, 0.684 0.5699 -1.4173, 0.684 0.5699 0.4528, 0.6696 0.5512 -1.4173, 0.6696 0.5512 0.4528, 0.6606 0.5294 -1.4173, 0.6606 0.5294 0.4528, 0.6575 0.5059 -1.4173, 0.6575 0.5059 0.4528, 0.6606 0.4825 -1.4173, 0.6606 0.4825 0.4528, 0.6696 0.4606 -1.4173, 0.6696 0.4606 0.4528, 0.684 0.4419 -1.4173, 0.684 0.4419 0.4528, 0.7028 0.4275 -1.4173, 0.7028 0.4275 0.4528, 0.7246 0.4184 -1.4173, 0.7246 0.4184 0.4528, 0.748 0.4154 -1.4173
            ]
        }
        coordIndex [
            0,1,2,-1,2,1,3,-1,2,3,4,-1,4,3,5,-1,4,5,6,-1,6,5,7,-1,6,7,8,-1,8,7,9,-1,8,9,10,-1,10,9,11,-1,10,11,12,-1,12,11,13,-1,12,13,14,-1,14,13,15,-1,14,15,16,-1,16,15,17,-1,16,17,18,-1,18,17,19,-1,18,19,20,-1,20,19,21,-1,20,21,22,-1,22,21,23,-1,22,23,24,-1,24,23,25,-1,24,25,26,-1,26,25,27,-1,26,27,28,-1,28,27,29,-1,28,29,30,-1,30,29,31,-1,30,31,32,-1,32,31,33,-1,32,33,34,-1,34,33,35,-1,34,35,36,-1,36,35,37,-1,36,37,38,-1,38,37,39,-1,38,39,40,-1,40,39,41,-1,40,41,42,-1,42,41,43,-1,42,43,44,-1,44,43,45,-1,44,45,46,-1,46,45,47,-1,46,47,0,-1,0,47,1,-1,48,49,50,-1,50,49,51,-1,50,51,52,-1,52,51,53,-1,52,53,54,-1,54,53,55,-1,54,55,56,-1,56,55,57,-1,56,57,58,-1,58,57,59,-1,58,59,60,-1,60,59,61,-1,60,61,62,-1,62,61,63,-1,62,63,64,-1,64,63,65,-1,64,65,66,-1,66,65,67,-1,66,67,68,-1,68,67,69,-1,68,69,70,-1,70,69,71,-1,70,71,72,-1,72,71,73,-1,72,73,74,-1,74,73,75,-1,74,75,76,-1,76,75,77,-1,76,77,78,-1,78,77,79,-1,78,79,80,-1,80,79,81,-1,80,81,82,-1,82,81,83,-1,82,83,84,-1,84,83,85,-1,84,85,86,-1,86,85,87,-1,86,87,88,-1,88,87,89,-1,88,89,90,-1,90,89,91,-1,90,91,92,-1,92,91,93,-1,92,93,94,-1,94,93,95,-1,94,95,48,-1,48,95,49,-1,96,97,98,-1,98,97,99,-1,98,99,100,-1,100,99,101,-1,100,101,102,-1,102,101,103,-1,102,103,104,-1,104,103,105,-1,104,105,106,-1,106,105,107,-1,106,107,108,-1,108,107,109,-1,108,109,110,-1,110,109,111,-1,110,111,112,-1,112,111,113,-1,112,113,114,-1,114,113,115,-1,114,115,116,-1,116,115,117,-1,116,117,118,-1,118,117,119,-1,118,119,120,-1,120,119,121,-1,120,121,122,-1,122,121,123,-1,122,123,124,-1,124,123,125,-1,124,125,126,-1,126,125,127,-1,126,127,128,-1,128,127,129,-1,128,129,130,-1,130,129,131,-1,130,131,132,-1,132,131,133,-1,132,133,134,-1,134,133,135,-1,134,135,136,-1,136,135,137,-1,136,137,138,-1,138,137,139,-1,138,139,140,-1,140,139,141,-1,140,141,142,-1,142,141,143,-1,142,143,96,-1,96,143,97,-1,144,145,146,-1,146,145,147,-1,146,147,148,-1,148,147,149,-1,148,149,150,-1,150,149,151,-1,150,151,152,-1,152,151,153,-1,152,153,154,-1,154,153,155,-1,154,155,156,-1,156,155,157,-1,156,157,158,-1,158,157,159,-1,158,159,160,-1,160,159,161,-1,160,161,162,-1,162,161,163,-1,162,163,164,-1,164,163,165,-1,164,165,166,-1,166,165,167,-1,166,167,168,-1,168,167,169,-1,168,169,170,-1,170,169,171,-1,170,171,172,-1,172,171,173,-1,172,173,174,-1,174,173,175,-1,174,175,176,-1,176,175,177,-1,176,177,178,-1,178,177,179,-1,178,179,180,-1,180,179,181,-1,180,181,182,-1,182,181,183,-1,182,183,184,-1,184,183,185,-1,184,185,186,-1,186,185,187,-1,186,187,188,-1,188,187,189,-1,188,189,190,-1,190,189,191,-1,190,191,144,-1,144,191,145,-1,192,193,194,-1,194,193,195,-1,194,195,196,-1,196,195,197,-1,196,197,198,-1,198,197,199,-1,198,199,200,-1,200,199,201,-1,200,201,202,-1,202,201,203,-1,202,203,204,-1,204,203,205,-1,204,205,206,-1,206,205,207,-1,206,207,208,-1,208,207,209,-1,208,209,210,-1,210,209,211,-1,210,211,212,-1,212,211,213,-1,212,213,214,-1,214,213,215,-1,214,215,216,-1,216,215,217,-1,216,217,218,-1,218,217,219,-1,218,219,220,-1,220,219,221,-1,220,221,222,-1,222,221,223,-1,222,223,224,-1,224,223,225,-1,224,225,226,-1,226,225,227,-1,226,227,228,-1,228,227,229,-1,228,229,230,-1,230,229,231,-1,230,231,232,-1,232,231,233,-1,232,233,234,-1,234,233,235,-1,234,235,236,-1,236,235,237,-1,236,237,238,-1,238,237,239,-1,238,239,192,-1,192,239,193,-1,240,241,242,-1,242,241,243,-1,242,243,244,-1,244,243,245,-1,244,245,246,-1,246,245,247,-1,246,247,248,-1,248,247,249,-1,248,249,250,-1,250,249,251,-1,250,251,252,-1,252,251,253,-1,252,253,254,-1,254,253,255,-1,254,255,256,-1,256,255,257,-1,256,257,258,-1,258,257,259,-1,258,259,260,-1,260,259,261,-1,260,261,262,-1,262,261,263,-1,262,263,264,-1,264,263,265,-1,264,265,266,-1,266,265,267,-1,266,267,268,-1,268,267,269,-1,268,269,270,-1,270,269,271,-1,270,271,272,-1,272,271,273,-1,272,273,274,-1,274,273,275,-1,274,275,276,-1,276,275,277,-1,276,277,278,-1,278,277,279,-1,278,279,280,-1,280,279,281,-1,280,281,282,-1,282,281,283,-1,282,283,284,-1,284,283,285,-1,284,285,286,-1,286,285,287,-1,286,287,240,-1,240,287,241,-1,
        ]
    }
}
Shape{
    appearance Appearance {
        material  Material 	{
            diffuseColor 0.25098039215686274 0.25098039215686274 0.25098039215686274
            specularColor 0.12549019607843137 0.12549019607843137 0.12549019607843137
            ambientIntensity 0.251
            transparency 0.0
            shininess 0.5
        }
    }
    geometry IndexedFaceSet {
        ccw TRUE
        solid FALSE
        coord DEF co Coordinate {
            point [
                -2.0723 -2.0845 0.5315, -2.0976 -2.0857 0.5315, -2.6004 -2.0413 0.5315, -2.2004 -2.1025 0.5315, -1.5886 -2.1796 0.5315, -1.3012 -2.0413 0.5315, -1.5886 -3.8086 0.5315, -1.3012 -3.9468 0.5315, -1.9934 -2.0807 0.5315, -1.9316 -2.0848 0.5315, -1.7839 -2.1071 0.5315, -1.7925 -2.1055 0.5315, -1.8892 -2.0877 0.5315, -2.3453 -3.8393 0.5315, -2.3198 -3.8504 0.5315, -2.6004 -3.9468 0.5315, -2.2201 -3.881 0.5315, -2.2115 -3.8826 0.5315, -2.1147 -3.9005 0.5315, -1.6587 -2.1489 0.5315, -1.6841 -2.1378 0.5315, -2.2114 -2.1056 0.5315, -2.2986 -2.1302 0.5315, -2.3452 -2.1491 0.5315, -2.3901 -2.1672 0.5315, -2.4154 -2.1796 0.5315, -2.4154 -3.8086 0.5315, -2.0723 -3.9033 0.5315, -2.0106 -3.9074 0.5315, -1.9316 -3.9037 0.5315, -1.9064 -3.9025 0.5315, -1.8035 -3.8856 0.5315, -1.7925 -3.8826 0.5315, -1.7053 -3.858 0.5315, -1.6587 -3.8391 0.5315, -1.6139 -3.8209 0.5315, -2.6004 -5.8996 0.0591, -2.5937 -5.9505 0.0591, -2.6004 -5.8996 4.3898, -2.5937 -5.9505 4.3898, -2.574 -5.998 0.0591, -2.5863 -5.9683 4.3898, -2.5901 -5.9592 4.3898, -2.5427 -6.0388 0.0591, -2.5427 -6.0388 4.3898, -2.5552 -6.0226 4.3898, -2.5583 -6.0185 4.3898, -2.574 -5.998 4.3898, -2.4545 -6.0897 4.3898, -2.4778 -6.0801 4.3898, -2.4545 -6.0897 0.0591, -2.4974 -6.072 4.3898, -2.502 -6.0701 0.0591, -2.502 -6.0701 4.3898, -2.5168 -6.0587 4.3898, -2.4403 -6.0916 4.3898, -2.4035 -6.0964 0.0591, -2.4035 -6.0964 4.3898, -2.6004 -3.9468 0.0591, -1.3012 -3.9468 0.0591, -1.3012 -5.3878 0.0591, -0.8012 -5.3878 0.0591, -0.8012 -6.0964 0.0591, 1.9469 -2.2382 2.1063, 1.9469 -2.2382 3.878, 1.2972 -2.2382 2.1063, 0.8937 -2.2382 3.878, 0.8937 -2.2382 2.1063, -1.9508 -2.2382 3.878, -1.9508 -2.2382 2.1063, -1.5217 -2.2382 3.878, -1.3012 -2.2382 2.1063, -0.8976 -2.2382 3.878, -0.8976 -2.2382 2.1063, -1.9508 -2.376 2.1063, -1.9508 -6.0964 3.878, -1.9508 -6.0964 1.1811, -1.9508 -2.8366 1.1811, -1.9508 -2.8366 1.6614, -1.9508 -2.376 1.6614, -1.9508 -3.2408 3.878
            ]
        }
        coordIndex [
            0,1,2,-1,2,1,3,-1,4,5,6,-1,6,5,7,-1,0,2,8,-1,8,2,5,-1,8,5,9,-1,10,11,5,-1,5,11,12,-1,5,12,9,-1,13,14,15,-1,14,16,15,-1,15,16,17,-1,15,17,18,-1,4,19,5,-1,5,19,20,-1,5,20,10,-1,3,21,2,-1,2,21,22,-1,2,22,23,-1,23,24,2,-1,2,24,25,-1,2,25,15,-1,15,25,26,-1,15,26,13,-1,18,27,15,-1,15,27,28,-1,15,28,7,-1,7,28,29,-1,7,29,30,-1,30,31,7,-1,7,31,32,-1,7,32,33,-1,33,34,7,-1,7,34,35,-1,7,35,6,-1,36,37,38,-1,38,37,39,-1,40,41,37,-1,37,41,42,-1,37,42,39,-1,43,44,40,-1,40,44,45,-1,45,46,40,-1,40,46,47,-1,40,47,41,-1,48,49,50,-1,50,49,51,-1,50,51,52,-1,52,51,53,-1,52,53,43,-1,43,53,54,-1,43,54,44,-1,48,50,55,-1,55,50,56,-1,55,56,57,-1,58,59,36,-1,36,59,60,-1,36,60,37,-1,37,60,40,-1,61,62,60,-1,60,62,56,-1,60,56,50,-1,50,52,60,-1,60,52,43,-1,60,43,40,-1,63,64,65,-1,65,64,66,-1,65,66,67,-1,68,69,70,-1,70,69,71,-1,70,71,72,-1,72,71,73,-1,74,69,68,-1,75,76,77,-1,78,79,74,-1,77,78,75,-1,75,78,74,-1,75,74,80,-1,80,74,68,-1,
        ]
    }
}
Shape{
    appearance Appearance {
        material  Material 	{
            diffuseColor 1.0 1.0 0.0
            specularColor 0.5019607843137255 0.5019607843137255 0.0
            ambientIntensity 0.886
            transparency 0.0
            shininess 0.5
        }
    }
    geometry IndexedFaceSet {
        ccw TRUE
        solid FALSE
        coord DEF co Coordinate {
            point [
                -0.6472 -2.3462 2.8069, -0.666 -4.6091 3.878, -0.666 -2.3402 2.8199, -0.6804 -4.5647 3.878, -0.6804 -2.3322 2.8369, -0.6894 -4.5131 3.878, -0.6894 -2.323 2.8567, -0.6925 -4.4576 3.878, -0.6925 -2.3131 2.878, -0.6894 -4.4021 3.878, -0.6894 -2.3032 2.8992, -0.6804 -4.3505 3.878, -0.6804 -2.294 2.919, -0.666 -4.3061 3.878, -0.666 -2.286 2.936, -0.6472 -4.272 3.878, -0.6472 -2.2799 2.949, -0.6366 -4.2596 3.878, -0.6254 -2.2761 2.9572, -0.6254 -4.2506 3.878, -0.6196 -4.2475 3.878, -0.6254 -2.3501 2.7987, -0.6366 -4.6555 3.878, -0.6472 -4.6432 3.878, -0.6079 -4.6714 3.878, -0.6138 -4.67 3.878, -0.602 -2.3514 2.7959, -0.6196 -4.6677 3.878, -0.6254 -4.6646 3.878, -0.5901 -4.67 3.878, -0.596 -4.6714 3.878, -0.602 -4.6719 3.878, -0.5567 -4.6432 3.878, -0.5673 -4.6555 3.878, -0.5785 -2.3501 2.7987, -0.5785 -4.6646 3.878, -0.5843 -4.6677 3.878, -0.5567 -2.3462 2.8069, -0.5379 -2.3402 2.8199, -0.5379 -4.6091 3.878, -0.5235 -2.3322 2.8369, -0.5235 -4.5647 3.878, -0.5145 -2.323 2.8567, -0.5145 -4.5131 3.878, -0.5114 -2.3131 2.878, -0.5114 -4.4576 3.878, -0.5145 -2.3032 2.8992, -0.5145 -4.4021 3.878, -0.5235 -2.294 2.919, -0.5235 -4.3505 3.878, -0.5379 -2.286 2.936, -0.5379 -4.3061 3.878, -0.5567 -2.2799 2.949, -0.5567 -4.272 3.878, -0.5901 -4.2452 3.878, -0.5843 -4.2475 3.878, -0.5785 -2.2761 2.9572, -0.5785 -4.2506 3.878, -0.5673 -4.2596 3.878, -0.6138 -4.2452 3.878, -0.6079 -4.2438 3.878, -0.602 -2.2748 2.96, -0.602 -4.2433 3.878, -0.596 -4.2438 3.878, -1.0472 -2.3462 2.8069, -1.066 -4.6091 3.878, -1.066 -2.3402 2.8199, -1.0804 -4.5647 3.878, -1.0804 -2.3322 2.8369, -1.0894 -4.5131 3.878, -1.0894 -2.323 2.8567, -1.0925 -4.4576 3.878, -1.0925 -2.3131 2.878, -1.0894 -4.4021 3.878, -1.0894 -2.3032 2.8992, -1.0804 -4.3505 3.878, -1.0804 -2.294 2.919, -1.066 -4.3061 3.878, -1.066 -2.286 2.936, -1.0472 -4.272 3.878, -1.0472 -2.2799 2.949, -1.0366 -4.2596 3.878, -1.0254 -2.2761 2.9572, -1.0254 -4.2506 3.878, -1.0196 -4.2475 3.878, -1.0254 -2.3501 2.7987, -1.0366 -4.6555 3.878, -1.0472 -4.6432 3.878, -1.0079 -4.6714 3.878, -1.0138 -4.67 3.878, -1.002 -2.3514 2.7959, -1.0196 -4.6677 3.878, -1.0254 -4.6646 3.878, -0.9901 -4.67 3.878, -0.996 -4.6714 3.878, -1.002 -4.6719 3.878, -0.9567 -4.6432 3.878, -0.9673 -4.6555 3.878, -0.9785 -2.3501 2.7987, -0.9785 -4.6646 3.878, -0.9843 -4.6677 3.878, -0.9567 -2.3462 2.8069, -0.9379 -2.3402 2.8199, -0.9379 -4.6091 3.878, -0.9235 -2.3322 2.8369, -0.9235 -4.5647 3.878, -0.9145 -2.323 2.8567, -0.9145 -4.5131 3.878, -0.9114 -2.3131 2.878, -0.9114 -4.4576 3.878, -0.9145 -2.3032 2.8992, -0.9145 -4.4021 3.878, -0.9235 -2.294 2.919, -0.9235 -4.3505 3.878, -0.9379 -2.286 2.936, -0.9379 -4.3061 3.878, -0.9567 -2.2799 2.949, -0.9567 -4.272 3.878, -0.9901 -4.2452 3.878, -0.9843 -4.2475 3.878, -0.9785 -2.2761 2.9572, -0.9785 -4.2506 3.878, -0.9673 -4.2596 3.878, -1.0138 -4.2452 3.878, -1.0079 -4.2438 3.878, -1.002 -2.2748 2.96, -1.002 -4.2433 3.878, -0.996 -4.2438 3.878, 0.1528 -2.3462 2.8069, 0.134 -4.6091 3.878, 0.134 -2.3402 2.8199, 0.1196 -4.5647 3.878, 0.1196 -2.3322 2.8369, 0.1106 -4.5131 3.878, 0.1106 -2.323 2.8567, 0.1075 -4.4576 3.878, 0.1075 -2.3131 2.878, 0.1106 -4.4021 3.878, 0.1106 -2.3032 2.8992, 0.1196 -4.3505 3.878, 0.1196 -2.294 2.919, 0.134 -4.3061 3.878, 0.134 -2.286 2.936, 0.1528 -4.272 3.878, 0.1528 -2.2799 2.949, 0.1634 -4.2596 3.878, 0.1746 -2.2761 2.9572, 0.1746 -4.2506 3.878, 0.1804 -4.2475 3.878, 0.1746 -2.3501 2.7987, 0.1634 -4.6555 3.878, 0.1528 -4.6432 3.878, 0.1921 -4.6714 3.878, 0.1862 -4.67 3.878, 0.198 -2.3514 2.7959, 0.1804 -4.6677 3.878, 0.1746 -4.6646 3.878, 0.2099 -4.67 3.878, 0.204 -4.6714 3.878, 0.198 -4.6719 3.878, 0.2433 -4.6432 3.878, 0.2327 -4.6555 3.878, 0.2215 -2.3501 2.7987, 0.2215 -4.6646 3.878, 0.2157 -4.6677 3.878, 0.2433 -2.3462 2.8069, 0.2621 -2.3402 2.8199, 0.2621 -4.6091 3.878, 0.2765 -2.3322 2.8369, 0.2765 -4.5647 3.878, 0.2855 -2.323 2.8567, 0.2855 -4.5131 3.878, 0.2886 -2.3131 2.878, 0.2886 -4.4576 3.878, 0.2855 -2.3032 2.8992, 0.2855 -4.4021 3.878, 0.2765 -2.294 2.919, 0.2765 -4.3505 3.878, 0.2621 -2.286 2.936, 0.2621 -4.3061 3.878, 0.2433 -2.2799 2.949, 0.2433 -4.272 3.878, 0.2099 -4.2452 3.878, 0.2157 -4.2475 3.878, 0.2215 -2.2761 2.9572, 0.2215 -4.2506 3.878, 0.2327 -4.2596 3.878, 0.1862 -4.2452 3.878, 0.1921 -4.2438 3.878, 0.198 -2.2748 2.96, 0.198 -4.2433 3.878, 0.204 -4.2438 3.878, -0.2472 -2.3462 2.8069, -0.266 -4.6091 3.878, -0.266 -2.3402 2.8199, -0.2804 -4.5647 3.878, -0.2804 -2.3322 2.8369, -0.2894 -4.5131 3.878, -0.2894 -2.323 2.8567, -0.2925 -4.4576 3.878, -0.2925 -2.3131 2.878, -0.2894 -4.4021 3.878, -0.2894 -2.3032 2.8992, -0.2804 -4.3505 3.878, -0.2804 -2.294 2.919, -0.266 -4.3061 3.878, -0.266 -2.286 2.936, -0.2472 -4.272 3.878, -0.2472 -2.2799 2.949, -0.2366 -4.2596 3.878, -0.2254 -2.2761 2.9572, -0.2254 -4.2506 3.878, -0.2196 -4.2475 3.878, -0.2254 -2.3501 2.7987, -0.2366 -4.6555 3.878, -0.2472 -4.6432 3.878, -0.2079 -4.6714 3.878, -0.2138 -4.67 3.878, -0.202 -2.3514 2.7959, -0.2196 -4.6677 3.878, -0.2254 -4.6646 3.878, -0.1901 -4.67 3.878, -0.196 -4.6714 3.878, -0.202 -4.6719 3.878, -0.1567 -4.6432 3.878, -0.1673 -4.6555 3.878, -0.1785 -2.3501 2.7987, -0.1785 -4.6646 3.878, -0.1843 -4.6677 3.878, -0.1567 -2.3462 2.8069, -0.1379 -2.3402 2.8199, -0.1379 -4.6091 3.878, -0.1235 -2.3322 2.8369, -0.1235 -4.5647 3.878, -0.1145 -2.323 2.8567, -0.1145 -4.5131 3.878, -0.1114 -2.3131 2.878, -0.1114 -4.4576 3.878, -0.1145 -2.3032 2.8992, -0.1145 -4.4021 3.878, -0.1235 -2.294 2.919, -0.1235 -4.3505 3.878, -0.1379 -2.286 2.936, -0.1379 -4.3061 3.878, -0.1567 -2.2799 2.949, -0.1567 -4.272 3.878, -0.1901 -4.2452 3.878, -0.1843 -4.2475 3.878, -0.1785 -2.2761 2.9572, -0.1785 -4.2506 3.878, -0.1673 -4.2596 3.878, -0.2138 -4.2452 3.878, -0.2079 -4.2438 3.878, -0.202 -2.2748 2.96, -0.202 -4.2433 3.878, -0.196 -4.2438 3.878, 0.9528 -2.3462 2.8069, 0.934 -4.6091 3.878, 0.934 -2.3402 2.8199, 0.9196 -4.5647 3.878, 0.9196 -2.3322 2.8369, 0.9106 -4.5131 3.878, 0.9106 -2.323 2.8567, 0.9075 -4.4576 3.878, 0.9075 -2.3131 2.878, 0.9106 -4.4021 3.878, 0.9106 -2.3032 2.8992, 0.9196 -4.3505 3.878, 0.9196 -2.294 2.919, 0.934 -4.3061 3.878, 0.934 -2.286 2.936, 0.9528 -4.272 3.878, 0.9528 -2.2799 2.949, 0.9634 -4.2596 3.878, 0.9746 -2.2761 2.9572, 0.9746 -4.2506 3.878, 0.9804 -4.2475 3.878, 0.9746 -2.3501 2.7987, 0.9634 -4.6555 3.878, 0.9528 -4.6432 3.878, 0.9921 -4.6714 3.878, 0.9862 -4.67 3.878, 0.998 -2.3514 2.7959, 0.9804 -4.6677 3.878, 0.9746 -4.6646 3.878, 1.0099 -4.67 3.878, 1.004 -4.6714 3.878, 0.998 -4.6719 3.878, 1.0433 -4.6432 3.878, 1.0327 -4.6555 3.878, 1.0215 -2.3501 2.7987, 1.0215 -4.6646 3.878, 1.0157 -4.6677 3.878, 1.0433 -2.3462 2.8069, 1.0621 -2.3402 2.8199, 1.0621 -4.6091 3.878, 1.0765 -2.3322 2.8369, 1.0765 -4.5647 3.878, 1.0855 -2.323 2.8567, 1.0855 -4.5131 3.878, 1.0886 -2.3131 2.878, 1.0886 -4.4576 3.878, 1.0855 -2.3032 2.8992, 1.0855 -4.4021 3.878, 1.0765 -2.294 2.919, 1.0765 -4.3505 3.878, 1.0621 -2.286 2.936, 1.0621 -4.3061 3.878, 1.0433 -2.2799 2.949, 1.0433 -4.272 3.878, 1.0099 -4.2452 3.878, 1.0157 -4.2475 3.878, 1.0215 -2.2761 2.9572, 1.0215 -4.2506 3.878, 1.0327 -4.2596 3.878, 0.9862 -4.2452 3.878, 0.9921 -4.2438 3.878, 0.998 -2.2748 2.96, 0.998 -4.2433 3.878, 1.004 -4.2438 3.878, 0.5528 -2.3462 2.8069, 0.534 -4.6091 3.878, 0.534 -2.3402 2.8199, 0.5196 -4.5647 3.878, 0.5196 -2.3322 2.8369, 0.5106 -4.5131 3.878, 0.5106 -2.323 2.8567, 0.5075 -4.4576 3.878, 0.5075 -2.3131 2.878, 0.5106 -4.4021 3.878, 0.5106 -2.3032 2.8992, 0.5196 -4.3505 3.878, 0.5196 -2.294 2.919, 0.534 -4.3061 3.878, 0.534 -2.286 2.936, 0.5528 -4.272 3.878, 0.5528 -2.2799 2.949, 0.5634 -4.2596 3.878, 0.5746 -2.2761 2.9572, 0.5746 -4.2506 3.878, 0.5804 -4.2475 3.878, 0.5746 -2.3501 2.7987, 0.5634 -4.6555 3.878, 0.5528 -4.6432 3.878, 0.5921 -4.6714 3.878, 0.5862 -4.67 3.878, 0.598 -2.3514 2.7959, 0.5804 -4.6677 3.878, 0.5746 -4.6646 3.878, 0.6099 -4.67 3.878, 0.604 -4.6714 3.878, 0.598 -4.6719 3.878, 0.6433 -4.6432 3.878, 0.6327 -4.6555 3.878, 0.6215 -2.3501 2.7987, 0.6215 -4.6646 3.878, 0.6157 -4.6677 3.878, 0.6433 -2.3462 2.8069, 0.6621 -2.3402 2.8199, 0.6621 -4.6091 3.878, 0.6765 -2.3322 2.8369, 0.6765 -4.5647 3.878, 0.6855 -2.323 2.8567, 0.6855 -4.5131 3.878, 0.6886 -2.3131 2.878, 0.6886 -4.4576 3.878, 0.6855 -2.3032 2.8992, 0.6855 -4.4021 3.878, 0.6765 -2.294 2.919, 0.6765 -4.3505 3.878, 0.6621 -2.286 2.936, 0.6621 -4.3061 3.878, 0.6433 -2.2799 2.949, 0.6433 -4.272 3.878, 0.6099 -4.2452 3.878, 0.6157 -4.2475 3.878, 0.6215 -2.2761 2.9572, 0.6215 -4.2506 3.878, 0.6327 -4.2596 3.878, 0.5862 -4.2452 3.878, 0.5921 -4.2438 3.878, 0.598 -2.2748 2.96, 0.598 -4.2433 3.878, 0.604 -4.2438 3.878
            ]
        }
        coordIndex [
            0,1,2,-1,2,1,3,-1,2,3,4,-1,4,3,5,-1,4,5,6,-1,6,5,7,-1,6,7,8,-1,8,7,9,-1,8,9,10,-1,10,9,11,-1,10,11,12,-1,12,11,13,-1,12,13,14,-1,14,13,15,-1,14,15,16,-1,16,15,17,-1,16,17,18,-1,18,17,19,-1,18,19,20,-1,21,22,0,-1,0,22,23,-1,0,23,1,-1,24,25,26,-1,26,25,27,-1,26,27,21,-1,21,27,28,-1,21,28,22,-1,29,30,26,-1,26,30,31,-1,26,31,24,-1,32,33,34,-1,34,33,35,-1,34,35,26,-1,26,35,36,-1,26,36,29,-1,34,37,32,-1,32,37,38,-1,32,38,39,-1,39,38,40,-1,39,40,41,-1,41,40,42,-1,41,42,43,-1,43,42,44,-1,43,44,45,-1,45,44,46,-1,45,46,47,-1,47,46,48,-1,47,48,49,-1,49,48,50,-1,49,50,51,-1,51,50,52,-1,51,52,53,-1,54,55,56,-1,56,55,57,-1,56,57,52,-1,52,57,58,-1,52,58,53,-1,20,59,18,-1,18,59,60,-1,18,60,61,-1,61,60,62,-1,61,62,56,-1,56,62,63,-1,56,63,54,-1,64,65,66,-1,66,65,67,-1,66,67,68,-1,68,67,69,-1,68,69,70,-1,70,69,71,-1,70,71,72,-1,72,71,73,-1,72,73,74,-1,74,73,75,-1,74,75,76,-1,76,75,77,-1,76,77,78,-1,78,77,79,-1,78,79,80,-1,80,79,81,-1,80,81,82,-1,82,81,83,-1,82,83,84,-1,85,86,64,-1,64,86,87,-1,64,87,65,-1,88,89,90,-1,90,89,91,-1,90,91,85,-1,85,91,92,-1,85,92,86,-1,93,94,90,-1,90,94,95,-1,90,95,88,-1,96,97,98,-1,98,97,99,-1,98,99,90,-1,90,99,100,-1,90,100,93,-1,98,101,96,-1,96,101,102,-1,96,102,103,-1,103,102,104,-1,103,104,105,-1,105,104,106,-1,105,106,107,-1,107,106,108,-1,107,108,109,-1,109,108,110,-1,109,110,111,-1,111,110,112,-1,111,112,113,-1,113,112,114,-1,113,114,115,-1,115,114,116,-1,115,116,117,-1,118,119,120,-1,120,119,121,-1,120,121,116,-1,116,121,122,-1,116,122,117,-1,84,123,82,-1,82,123,124,-1,82,124,125,-1,125,124,126,-1,125,126,120,-1,120,126,127,-1,120,127,118,-1,128,129,130,-1,130,129,131,-1,130,131,132,-1,132,131,133,-1,132,133,134,-1,134,133,135,-1,134,135,136,-1,136,135,137,-1,136,137,138,-1,138,137,139,-1,138,139,140,-1,140,139,141,-1,140,141,142,-1,142,141,143,-1,142,143,144,-1,144,143,145,-1,144,145,146,-1,146,145,147,-1,146,147,148,-1,149,150,128,-1,128,150,151,-1,128,151,129,-1,152,153,154,-1,154,153,155,-1,154,155,149,-1,149,155,156,-1,149,156,150,-1,157,158,154,-1,154,158,159,-1,154,159,152,-1,160,161,162,-1,162,161,163,-1,162,163,154,-1,154,163,164,-1,154,164,157,-1,162,165,160,-1,160,165,166,-1,160,166,167,-1,167,166,168,-1,167,168,169,-1,169,168,170,-1,169,170,171,-1,171,170,172,-1,171,172,173,-1,173,172,174,-1,173,174,175,-1,175,174,176,-1,175,176,177,-1,177,176,178,-1,177,178,179,-1,179,178,180,-1,179,180,181,-1,182,183,184,-1,184,183,185,-1,184,185,180,-1,180,185,186,-1,180,186,181,-1,148,187,146,-1,146,187,188,-1,146,188,189,-1,189,188,190,-1,189,190,184,-1,184,190,191,-1,184,191,182,-1,192,193,194,-1,194,193,195,-1,194,195,196,-1,196,195,197,-1,196,197,198,-1,198,197,199,-1,198,199,200,-1,200,199,201,-1,200,201,202,-1,202,201,203,-1,202,203,204,-1,204,203,205,-1,204,205,206,-1,206,205,207,-1,206,207,208,-1,208,207,209,-1,208,209,210,-1,210,209,211,-1,210,211,212,-1,213,214,192,-1,192,214,215,-1,192,215,193,-1,216,217,218,-1,218,217,219,-1,218,219,213,-1,213,219,220,-1,213,220,214,-1,221,222,218,-1,218,222,223,-1,218,223,216,-1,224,225,226,-1,226,225,227,-1,226,227,218,-1,218,227,228,-1,218,228,221,-1,226,229,224,-1,224,229,230,-1,224,230,231,-1,231,230,232,-1,231,232,233,-1,233,232,234,-1,233,234,235,-1,235,234,236,-1,235,236,237,-1,237,236,238,-1,237,238,239,-1,239,238,240,-1,239,240,241,-1,241,240,242,-1,241,242,243,-1,243,242,244,-1,243,244,245,-1,246,247,248,-1,248,247,249,-1,248,249,244,-1,244,249,250,-1,244,250,245,-1,212,251,210,-1,210,251,252,-1,210,252,253,-1,253,252,254,-1,253,254,248,-1,248,254,255,-1,248,255,246,-1,256,257,258,-1,258,257,259,-1,258,259,260,-1,260,259,261,-1,260,261,262,-1,262,261,263,-1,262,263,264,-1,264,263,265,-1,264,265,266,-1,266,265,267,-1,266,267,268,-1,268,267,269,-1,268,269,270,-1,270,269,271,-1,270,271,272,-1,272,271,273,-1,272,273,274,-1,274,273,275,-1,274,275,276,-1,277,278,256,-1,256,278,279,-1,256,279,257,-1,280,281,282,-1,282,281,283,-1,282,283,277,-1,277,283,284,-1,277,284,278,-1,285,286,282,-1,282,286,287,-1,282,287,280,-1,288,289,290,-1,290,289,291,-1,290,291,282,-1,282,291,292,-1,282,292,285,-1,290,293,288,-1,288,293,294,-1,288,294,295,-1,295,294,296,-1,295,296,297,-1,297,296,298,-1,297,298,299,-1,299,298,300,-1,299,300,301,-1,301,300,302,-1,301,302,303,-1,303,302,304,-1,303,304,305,-1,305,304,306,-1,305,306,307,-1,307,306,308,-1,307,308,309,-1,310,311,312,-1,312,311,313,-1,312,313,308,-1,308,313,314,-1,308,314,309,-1,276,315,274,-1,274,315,316,-1,274,316,317,-1,317,316,318,-1,317,318,312,-1,312,318,319,-1,312,319,310,-1,320,321,322,-1,322,321,323,-1,322,323,324,-1,324,323,325,-1,324,325,326,-1,326,325,327,-1,326,327,328,-1,328,327,329,-1,328,329,330,-1,330,329,331,-1,330,331,332,-1,332,331,333,-1,332,333,334,-1,334,333,335,-1,334,335,336,-1,336,335,337,-1,336,337,338,-1,338,337,339,-1,338,339,340,-1,341,342,320,-1,320,342,343,-1,320,343,321,-1,344,345,346,-1,346,345,347,-1,346,347,341,-1,341,347,348,-1,341,348,342,-1,349,350,346,-1,346,350,351,-1,346,351,344,-1,352,353,354,-1,354,353,355,-1,354,355,346,-1,346,355,356,-1,346,356,349,-1,354,357,352,-1,352,357,358,-1,352,358,359,-1,359,358,360,-1,359,360,361,-1,361,360,362,-1,361,362,363,-1,363,362,364,-1,363,364,365,-1,365,364,366,-1,365,366,367,-1,367,366,368,-1,367,368,369,-1,369,368,370,-1,369,370,371,-1,371,370,372,-1,371,372,373,-1,374,375,376,-1,376,375,377,-1,376,377,372,-1,372,377,378,-1,372,378,373,-1,340,379,338,-1,338,379,380,-1,338,380,381,-1,381,380,382,-1,381,382,376,-1,376,382,383,-1,376,383,374,-1,
        ]
    }
}
Shape{
    appearance Appearance {
        material  Material 	{
            diffuseColor 0.25098039215686274 0.25098039215686274 0.25098039215686274
            specularColor 0.12549019607843137 0.12549019607843137 0.12549019607843137
            ambientIntensity 0.251
            transparency 0.0
            shininess 0.5
        }
    }
    geometry IndexedFaceSet {
        ccw TRUE
        solid FALSE
        coord DEF co Coordinate {
            point [
                1.9469 -2.376 2.1063, 1.9469 -2.376 1.6614, 1.9469 -2.8366 1.6614, 1.9469 -2.8366 1.1811, 1.9469 -6.0964 1.1811, 1.9469 -6.0964 3.878, 1.9469 -3.2408 3.878, 1.9469 -2.2382 2.1063, 1.9469 -2.2382 3.878, 0.7972 -6.0964 0.0591, 0.7972 -5.3878 0.0591, 2.3996 -6.0964 0.0591, 1.2972 -5.3878 0.0591, 1.2972 -3.9468 0.0591, 2.5965 -3.9468 0.0591, 2.5965 -5.8996 0.0591, 2.5897 -5.9505 0.0591, 2.5701 -5.998 0.0591, 2.5388 -6.0388 0.0591, 2.498 -6.0701 0.0591, 2.4506 -6.0897 0.0591, 1.9277 -2.0845 0.5315, 1.9024 -2.0857 0.5315, 1.2972 -2.0413 0.5315, 1.7996 -2.1025 0.5315, 2.4114 -2.1796 0.5315, 2.5965 -2.0413 0.5315, 2.4114 -3.8086 0.5315, 2.5965 -3.9468 0.5315, 2.0066 -2.0807 0.5315, 2.0684 -2.0848 0.5315, 2.2161 -2.1071 0.5315, 2.2075 -2.1055 0.5315, 2.1108 -2.0877 0.5315, 1.6547 -3.8393 0.5315, 1.6802 -3.8504 0.5315, 1.2972 -3.9468 0.5315, 1.7799 -3.881 0.5315, 1.7885 -3.8826 0.5315, 1.8853 -3.9005 0.5315, 2.3413 -2.1489 0.5315, 2.3159 -2.1378 0.5315, 1.7886 -2.1056 0.5315, 1.7014 -2.1302 0.5315, 1.6548 -2.1491 0.5315, 1.6099 -2.1672 0.5315, 1.5846 -2.1796 0.5315, 1.5846 -3.8086 0.5315, 1.9277 -3.9033 0.5315, 1.9894 -3.9074 0.5315, 2.0684 -3.9037 0.5315, 2.0936 -3.9025 0.5315, 2.1965 -3.8856 0.5315, 2.2075 -3.8826 0.5315, 2.2947 -3.858 0.5315, 2.3413 -3.8391 0.5315, 2.3861 -3.8209 0.5315, -2.4035 0.9902 0.0591, -2.2067 0.9902 0.0591, -2.2067 -1.2933 0.0591, 2.2028 -1.2933 0.0591, 2.2028 0.9902 0.0591, 2.3996 0.9902 0.0591, -2.6004 0.7933 0.0591, -2.5937 0.8443 0.0591, 2.4506 0.9835 0.0591, 2.498 0.9638 0.0591, 2.5388 0.9325 0.0591, -2.6004 -2.0413 0.0591, 2.5965 -2.0413 0.0591, 2.5965 0.7933 0.0591, 2.5897 0.8443 0.0591, -2.502 0.9638 0.0591, -2.4545 0.9835 0.0591, -2.5427 0.9325 0.0591, -2.574 0.8917 0.0591, 2.5701 0.8917 0.0591, 2.5965 -5.8996 4.3898, 2.5897 -5.9505 4.3898, 2.5861 -5.9592 4.3898, 2.5824 -5.9683 4.3898, 2.5701 -5.998 4.3898, 2.5543 -6.0185 4.3898, 2.5512 -6.0226 4.3898, 2.5388 -6.0388 4.3898, 2.5129 -6.0587 4.3898, 2.498 -6.0701 4.3898, 2.4934 -6.072 4.3898, 2.4739 -6.0801 4.3898, 2.4506 -6.0897 4.3898, 2.4363 -6.0916 4.3898, 2.3996 -6.0964 4.3898, -2.6004 0.7933 4.3898, -2.5937 0.8443 4.3898, -2.5901 0.853 4.3898, -2.5863 0.8621 4.3898, -2.574 0.8917 4.3898, -2.5583 0.9123 4.3898, -2.5552 0.9163 4.3898, -2.5427 0.9325 4.3898, -2.5168 0.9524 4.3898, -2.502 0.9638 4.3898, -2.4974 0.9657 4.3898, -2.4778 0.9738 4.3898, -2.4545 0.9835 4.3898, -2.4403 0.9853 4.3898, -2.4035 0.9902 4.3898, 2.5965 0.7933 4.3898, 2.5897 0.8443 4.3898, 2.5824 0.8621 4.3898, 2.5861 0.853 4.3898, 2.5388 0.9325 4.3898, 2.5512 0.9163 4.3898, 2.5543 0.9123 4.3898, 2.5701 0.8917 4.3898, 2.4506 0.9835 4.3898, 2.4739 0.9738 4.3898, 2.4934 0.9657 4.3898, 2.498 0.9638 4.3898, 2.5129 0.9524 4.3898, 2.4363 0.9853 4.3898, 2.3996 0.9902 4.3898, -2.6004 -3.9468 0.0591, -2.6004 -5.8996 0.0591, -2.6004 -3.9468 0.5315, -2.6004 -5.8996 4.3898, -2.6004 -2.0413 0.5315, -2.4149 -6.0654 4.4953, -2.4035 -6.0664 4.4943, -2.4035 -6.0388 4.529, -2.4643 -5.9819 4.558, -2.4417 -6.0197 4.541, -2.4347 -6.0132 4.5475, -2.4545 -5.8996 4.5799, -2.4778 -5.8996 4.5702, -2.4652 -5.9325 4.5738, -2.5427 -5.8996 4.529, -2.5552 -5.8996 4.5128, -2.5374 -5.9311 4.5306, -2.5901 -5.9592 4.3898, -2.5863 -5.9683 4.3898, -2.5754 -5.9917 4.4168, -2.5427 -6.0388 4.3898, -2.5168 -6.0587 4.3898, -2.5128 -6.0631 4.3987, -2.4545 -6.0897 4.3898, -2.4403 -6.0916 4.3898, -2.4355 -6.0923 4.414, -2.4652 -6.0836 4.4227, -2.4778 -6.0801 4.3898, -2.502 -6.0701 4.3898, -2.4974 -6.072 4.3898, -2.4908 -6.0697 4.4366, -2.5374 -6.0404 4.4213, -2.5552 -6.0226 4.3898, -2.574 -5.998 4.3898, -2.5583 -6.0185 4.3898, -2.5528 -6.0141 4.4477, -2.5937 -5.9505 4.3898, -2.5958 -5.9295 4.4196, -2.5815 -5.9591 4.4493, -2.5901 -5.8996 4.4494, -2.5937 -5.8996 4.4407, -2.5528 -5.9575 4.5043, -2.5583 -5.8996 4.5087, -2.5754 -5.9266 4.4819, -2.574 -5.8996 4.4882, -2.5863 -5.8996 4.4585, -2.4908 -5.9464 4.5599, -2.4974 -5.8996 4.5621, -2.5128 -5.9085 4.5532, -2.502 -5.8996 4.5602, -2.5168 -5.8996 4.5489, -2.4355 -5.9238 4.5825, -2.4403 -5.8996 4.5818, -2.4035 -6.0041 4.5566, -2.4149 -6.0052 4.5555, -2.4035 -5.9977 4.5596, -2.4258 -5.9662 4.5737, -2.4465 -5.9722 4.5676, -2.4256 -6.0083 4.5524, -2.4258 -6.0835 4.4564, -2.4035 -6.0856 4.4543, -2.4035 -6.0695 4.4879, -2.4035 -5.8996 4.5866, -2.4035 -5.9208 4.5855, -2.4035 -5.9503 4.5788, -2.4035 -5.9641 4.5757, -2.4347 -6.0573 4.5034, -2.4256 -6.0622 4.4984, -2.4643 -6.0678 4.4721, -2.4465 -6.0774 4.4624, -2.4035 -6.0964 4.3898, -2.4035 -6.0953 4.411, -2.4035 -6.0887 4.4405, -2.4779 -5.9945 4.5454, -2.5104 -5.9645 4.5419, -2.4461 -6.0272 4.5335, -2.4865 -6.0091 4.5307, -2.5227 -5.9855 4.5208, -2.4461 -6.0433 4.5174, -2.4417 -6.0508 4.5099, -2.4865 -6.0406 4.4993, -2.4779 -6.0552 4.4846, -2.5227 -6.0306 4.4757, -2.5104 -6.0517 4.4546, -2.4476 -6.0353 4.5254, -2.4894 -6.0248 4.515, -2.5269 -6.0081 4.4982, -2.5581 -5.9858 4.476, -0.8012 -6.0964 0.0591, -0.8012 -6.0964 0.5315, -2.4035 -6.0964 0.0591, -1.3012 -6.0964 0.5315, -1.6319 -6.0964 3.878, -1.6319 -6.0964 4.3898, -1.9508 -6.0964 3.878, -1.9508 -6.0964 1.1811, -1.3012 -6.0964 1.1811, -0.4976 -2.376 3.878, -0.402 -2.376 3.878, -0.402 -3.2408 3.878, 0.3024 -2.376 3.878, 0.398 -2.376 3.878, 0.398 -3.2408 3.878, 0.604 -4.2438 3.878, 0.598 -4.2433 3.878, 0.798 -3.2408 3.878, -0.196 -4.2438 3.878, -0.202 -4.2433 3.878, -0.002 -3.2408 3.878, -0.996 -4.2438 3.878, -1.002 -4.2433 3.878, -0.802 -3.2408 3.878, -1.6319 -5.1122 3.878, -1.9508 -3.2408 3.878, -1.5217 -5.1122 3.878, -1.0366 -4.2596 3.878, -1.0472 -4.272 3.878, -1.5217 -3.2408 3.878, -0.9235 -4.3505 3.878, -0.9379 -4.3061 3.878, -1.066 -4.6091 3.878, -1.0472 -4.6432 3.878, -1.0366 -4.6555 3.878, -1.0254 -4.6646 3.878, -0.9567 -4.272 3.878, -0.9673 -4.2596 3.878, -0.9785 -4.2506 3.878, -1.0079 -4.2438 3.878, -1.0138 -4.2452 3.878, -0.9673 -4.6555 3.878, -0.9567 -4.6432 3.878, -0.802 -5.1122 3.878, -0.9379 -4.6091 3.878, -0.9235 -4.5647 3.878, -1.0196 -4.2475 3.878, -1.0254 -4.2506 3.878, -1.0925 -4.4576 3.878, -1.0894 -4.5131 3.878, -1.0804 -4.5647 3.878, -1.066 -4.3061 3.878, -1.0804 -4.3505 3.878, -1.0894 -4.4021 3.878, -0.9843 -4.2475 3.878, -0.9901 -4.2452 3.878, -1.002 -4.6719 3.878, -0.996 -4.6714 3.878, -0.9901 -4.67 3.878, -1.0196 -4.6677 3.878, -1.0138 -4.67 3.878, -1.0079 -4.6714 3.878, -0.9843 -4.6677 3.878, -0.9785 -4.6646 3.878, -0.9145 -4.5131 3.878, -0.9114 -4.4576 3.878, -0.9145 -4.4021 3.878, -0.5673 -4.2596 3.878, -0.5785 -4.2506 3.878, -0.5235 -4.3505 3.878, -0.5379 -4.3061 3.878, -0.5567 -4.272 3.878, -0.596 -4.2438 3.878, -0.6804 -4.5647 3.878, -0.666 -4.6091 3.878, -0.5673 -4.6555 3.878, -0.5567 -4.6432 3.878, -0.402 -5.1122 3.878, -0.5379 -4.6091 3.878, -0.5235 -4.5647 3.878, -0.5843 -4.2475 3.878, -0.5901 -4.2452 3.878, -0.6472 -4.6432 3.878, -0.6366 -4.6555 3.878, -0.6254 -4.6646 3.878, -0.602 -4.2433 3.878, -0.6079 -4.2438 3.878, -0.6138 -4.2452 3.878, -0.6366 -4.2596 3.878, -0.6472 -4.272 3.878, -0.666 -4.3061 3.878, -0.6804 -4.3505 3.878, -0.6196 -4.2475 3.878, -0.6254 -4.2506 3.878, -0.6079 -4.6714 3.878, -0.602 -4.6719 3.878, -0.596 -4.6714 3.878, -0.5901 -4.67 3.878, -0.5145 -4.5131 3.878, -0.5114 -4.4576 3.878, -0.5145 -4.4021 3.878, -0.6196 -4.6677 3.878, -0.6138 -4.67 3.878, -0.5843 -4.6677 3.878, -0.5785 -4.6646 3.878, -0.6894 -4.4021 3.878, -0.6925 -4.4576 3.878, -0.6894 -4.5131 3.878, -0.1235 -4.3505 3.878, -0.1379 -4.3061 3.878, -0.2804 -4.5647 3.878, -0.266 -4.6091 3.878, -0.1567 -4.272 3.878, -0.1673 -4.2596 3.878, -0.1785 -4.2506 3.878, -0.1673 -4.6555 3.878, -0.1567 -4.6432 3.878, -0.002 -5.1122 3.878, -0.1379 -4.6091 3.878, -0.1235 -4.5647 3.878, -0.2079 -4.2438 3.878, -0.2138 -4.2452 3.878, -0.2366 -4.2596 3.878, -0.2472 -4.272 3.878, -0.266 -4.3061 3.878, -0.2804 -4.3505 3.878, -0.2472 -4.6432 3.878, -0.2366 -4.6555 3.878, -0.2254 -4.6646 3.878, -0.2196 -4.2475 3.878, -0.2254 -4.2506 3.878, -0.1843 -4.2475 3.878, -0.1901 -4.2452 3.878, -0.2079 -4.6714 3.878, -0.202 -4.6719 3.878, -0.196 -4.6714 3.878, -0.1901 -4.67 3.878, -0.1145 -4.5131 3.878, -0.1114 -4.4576 3.878, -0.1145 -4.4021 3.878, -0.2894 -4.4021 3.878, -0.2925 -4.4576 3.878, -0.2894 -4.5131 3.878, -0.2196 -4.6677 3.878, -0.2138 -4.67 3.878, -0.1843 -4.6677 3.878, -0.1785 -4.6646 3.878, 0.1921 -4.2438 3.878, 0.1862 -4.2452 3.878, 0.1196 -4.5647 3.878, 0.134 -4.6091 3.878, 0.2765 -4.3505 3.878, 0.2621 -4.3061 3.878, 0.2433 -4.272 3.878, 0.2327 -4.2596 3.878, 0.2215 -4.2506 3.878, 0.1804 -4.2475 3.878, 0.1746 -4.2506 3.878, 0.1634 -4.2596 3.878, 0.1528 -4.272 3.878, 0.134 -4.3061 3.878, 0.1196 -4.3505 3.878, 0.1528 -4.6432 3.878, 0.1634 -4.6555 3.878, 0.1746 -4.6646 3.878, 0.2327 -4.6555 3.878, 0.2433 -4.6432 3.878, 0.398 -5.1122 3.878, 0.2621 -4.6091 3.878, 0.2765 -4.5647 3.878, 0.204 -4.2438 3.878, 0.198 -4.2433 3.878, 0.2157 -4.2475 3.878, 0.2099 -4.2452 3.878, 0.1921 -4.6714 3.878, 0.198 -4.6719 3.878, 0.204 -4.6714 3.878, 0.2099 -4.67 3.878, 0.1106 -4.4021 3.878, 0.1075 -4.4576 3.878, 0.1106 -4.5131 3.878, 0.1804 -4.6677 3.878, 0.1862 -4.67 3.878, 0.2157 -4.6677 3.878, 0.2215 -4.6646 3.878, 0.2855 -4.5131 3.878, 0.2886 -4.4576 3.878, 0.2855 -4.4021 3.878, 0.5196 -4.5647 3.878, 0.534 -4.6091 3.878, 0.6765 -4.3505 3.878, 0.6621 -4.3061 3.878, 0.6433 -4.272 3.878, 0.6327 -4.2596 3.878, 0.6215 -4.2506 3.878, 0.5634 -4.2596 3.878, 0.5528 -4.272 3.878, 0.534 -4.3061 3.878, 0.5196 -4.3505 3.878, 0.5921 -4.2438 3.878, 0.5862 -4.2452 3.878, 0.6327 -4.6555 3.878, 0.6433 -4.6432 3.878, 0.798 -5.1122 3.878, 0.6621 -4.6091 3.878, 0.6765 -4.5647 3.878, 0.5804 -4.2475 3.878, 0.5746 -4.2506 3.878, 0.5528 -4.6432 3.878, 0.5634 -4.6555 3.878, 0.5746 -4.6646 3.878, 0.6157 -4.2475 3.878, 0.6099 -4.2452 3.878, 0.5106 -4.4021 3.878, 0.5075 -4.4576 3.878, 0.5106 -4.5131 3.878, 0.5921 -4.6714 3.878, 0.598 -4.6719 3.878, 0.604 -4.6714 3.878, 0.6099 -4.67 3.878, 0.5804 -4.6677 3.878, 0.5862 -4.67 3.878, 0.6157 -4.6677 3.878, 0.6215 -4.6646 3.878, 0.6855 -4.5131 3.878, 0.6886 -4.4576 3.878, 0.6855 -4.4021 3.878, 1.628 -5.1122 3.878, 1.628 -6.0964 3.878, 0.9196 -4.5647 3.878, 0.934 -4.6091 3.878, 0.998 -4.2433 3.878, 0.9921 -4.2438 3.878, 0.9862 -4.2452 3.878, 1.0215 -4.6646 3.878, 1.0327 -4.6555 3.878, 1.0765 -4.3505 3.878, 1.0621 -4.3061 3.878, 1.0433 -4.272 3.878, 1.0327 -4.2596 3.878, 1.0215 -4.2506 3.878, 0.9804 -4.2475 3.878, 0.9746 -4.2506 3.878, 0.9634 -4.2596 3.878, 0.9528 -4.272 3.878, 0.934 -4.3061 3.878, 0.9196 -4.3505 3.878, 1.0157 -4.6677 3.878, 1.0433 -4.6432 3.878, 1.0621 -4.6091 3.878, 1.0765 -4.5647 3.878, 0.9528 -4.6432 3.878, 0.9634 -4.6555 3.878, 0.9746 -4.6646 3.878, 1.0157 -4.2475 3.878, 1.0099 -4.2452 3.878, 1.004 -4.2438 3.878, 0.9106 -4.4021 3.878, 0.9075 -4.4576 3.878, 0.9106 -4.5131 3.878, 0.9804 -4.6677 3.878, 0.9862 -4.67 3.878, 0.9921 -4.6714 3.878, 0.998 -4.6719 3.878, 1.004 -4.6714 3.878, 1.0099 -4.67 3.878, 1.0855 -4.5131 3.878, 1.0886 -4.4576 3.878, 1.0855 -4.4021 3.878, 0.4937 -2.376 3.878, 0.8937 -2.2382 3.878, 0.8937 -2.376 3.878, 0.798 -2.376 3.878, 0.7024 -2.376 3.878, 0.7024 -2.2382 3.878, 0.4937 -2.2382 3.878, 0.0937 -2.376 3.878, 0.0937 -2.2382 3.878, 0.3024 -2.2382 3.878, -0.3063 -2.376 3.878, -0.002 -2.376 3.878, -0.0976 -2.376 3.878, -0.0976 -2.2382 3.878, -0.3063 -2.2382 3.878, -0.7063 -2.376 3.878, -0.7063 -2.2382 3.878, -0.4976 -2.2382 3.878, -0.802 -2.376 3.878, -0.8976 -2.376 3.878, -0.8976 -2.2382 3.878, -1.5217 -2.2382 3.878, -1.9508 -2.2382 3.878, 1.628 -6.0964 4.3898, 0.7972 -6.0964 0.5315, 1.2972 -6.0964 0.5315, 1.2972 -6.0964 1.1811, 2.411 -6.0052 4.5555, 2.3996 -6.0041 4.5566, 2.3996 -6.0388 4.529, 2.4603 -6.0678 4.4721, 2.4378 -6.0508 4.5099, 2.4308 -6.0573 4.5034, 2.4613 -6.0836 4.4227, 2.5335 -6.0404 4.4213, 2.5861 -5.8996 4.4494, 2.5824 -5.8996 4.4585, 2.5715 -5.9266 4.4819, 2.5388 -5.8996 4.529, 2.5129 -5.8996 4.5489, 2.5089 -5.9085 4.5532, 2.4506 -5.8996 4.5799, 2.4363 -5.8996 4.5818, 2.4315 -5.9238 4.5825, 2.4613 -5.9325 4.5738, 2.4739 -5.8996 4.5702, 2.498 -5.8996 4.5602, 2.4934 -5.8996 4.5621, 2.4868 -5.9464 4.5599, 2.5335 -5.9311 4.5306, 2.5512 -5.8996 4.5128, 2.5701 -5.8996 4.4882, 2.5543 -5.8996 4.5087, 2.5489 -5.9575 4.5043, 2.5897 -5.8996 4.4407, 2.5919 -5.9295 4.4196, 2.5775 -5.9591 4.4493, 2.5489 -6.0141 4.4477, 2.5715 -5.9917 4.4168, 2.4868 -6.0697 4.4366, 2.5089 -6.0631 4.3987, 2.4315 -6.0923 4.414, 2.3996 -6.0664 4.4943, 2.411 -6.0654 4.4953, 2.3996 -6.0695 4.4879, 2.4218 -6.0835 4.4564, 2.4425 -6.0774 4.4624, 2.4216 -6.0622 4.4984, 2.4218 -5.9662 4.5737, 2.3996 -5.9641 4.5757, 2.3996 -5.9977 4.5596, 2.3996 -6.0953 4.411, 2.3996 -6.0887 4.4405, 2.3996 -6.0856 4.4543, 2.4308 -6.0132 4.5475, 2.4216 -6.0083 4.5524, 2.4603 -5.9819 4.558, 2.4425 -5.9722 4.5676, 2.3996 -5.8996 4.5866, 2.3996 -5.9208 4.5855, 2.3996 -5.9503 4.5788, 2.474 -6.0552 4.4846, 2.5064 -6.0517 4.4546, 2.4422 -6.0433 4.5174, 2.4826 -6.0406 4.4993, 2.5188 -6.0306 4.4757, 2.4422 -6.0272 4.5335, 2.4378 -6.0197 4.541, 2.4826 -6.0091 4.5307, 2.474 -5.9945 4.5454, 2.5188 -5.9855 4.5208, 2.5064 -5.9645 4.5419, 2.4437 -6.0353 4.5254, 2.4855 -6.0248 4.515, 2.523 -6.0081 4.4982, 2.5542 -5.9858 4.476, -2.4035 0.9325 4.529, -2.4149 0.9591 4.4953, -2.4256 0.956 4.4984, -2.4035 0.9601 4.4943, -2.4417 0.9446 4.5099, -2.4461 0.937 4.5174, -2.4347 0.951 4.5034, -2.4461 0.9209 4.5335, -2.4417 0.9134 4.541, -2.4476 0.929 4.5254, -2.4256 0.902 4.5524, -2.4149 0.8989 4.5555, -2.4347 0.9069 4.5475, -2.4035 0.9632 4.4879, -2.4035 0.9793 4.4543, -2.4258 0.9772 4.4564, -2.4035 0.9824 4.4405, -2.4035 0.989 4.411, -2.4355 0.986 4.414, -2.4652 0.8263 4.5738, -2.4545 0.7933 4.5799, -2.4355 0.8175 4.5825, -2.4403 0.7933 4.5818, -2.4035 0.7933 4.5866, -2.4908 0.8401 4.5599, -2.4974 0.7933 4.5621, -2.4778 0.7933 4.5702, -2.5374 0.8249 4.5306, -2.5427 0.7933 4.529, -2.5128 0.8022 4.5532, -2.5168 0.7933 4.5489, -2.502 0.7933 4.5602, -2.5528 0.8512 4.5043, -2.5583 0.7933 4.5087, -2.5552 0.7933 4.5128, -2.5901 0.7933 4.4494, -2.5863 0.7933 4.4585, -2.5754 0.8203 4.4819, -2.574 0.7933 4.4882, -2.5815 0.8529 4.4493, -2.5958 0.8232 4.4196, -2.5937 0.7933 4.4407, -2.5754 0.8854 4.4168, -2.5528 0.9078 4.4477, -2.5374 0.9342 4.4213, -2.5128 0.9568 4.3987, -2.4652 0.9773 4.4227, -2.5581 0.8795 4.476, -2.5104 0.8582 4.5419, -2.5227 0.8792 4.5208, -2.5269 0.9018 4.4982, -2.5227 0.9244 4.4757, -2.5104 0.9454 4.4546, -2.4908 0.9635 4.4366, -2.4035 0.8146 4.5855, -2.4035 0.844 4.5788, -2.4258 0.8599 4.5737, -2.4465 0.9712 4.4624, -2.4643 0.9615 4.4721, -2.4779 0.9489 4.4846, -2.4865 0.9343 4.4993, -2.4894 0.9186 4.515, -2.4865 0.9028 4.5307, -2.4779 0.8882 4.5454, -2.4643 0.8756 4.558, -2.4465 0.866 4.5676, -2.4035 0.8578 4.5757, -2.4035 0.8915 4.5596, -2.4035 0.8978 4.5566, 2.3996 0.9325 4.529, 2.411 0.8989 4.5555, 2.4216 0.902 4.5524, 2.3996 0.8978 4.5566, 2.4378 0.9134 4.541, 2.4422 0.9209 4.5335, 2.4308 0.9069 4.5475, 2.4422 0.937 4.5174, 2.4378 0.9446 4.5099, 2.4437 0.929 4.5254, 2.4216 0.956 4.4984, 2.411 0.9591 4.4953, 2.4308 0.951 4.5034, 2.3996 0.8915 4.5596, 2.3996 0.8578 4.5757, 2.4218 0.8599 4.5737, 2.3996 0.844 4.5788, 2.3996 0.8146 4.5855, 2.4315 0.8175 4.5825, 2.4613 0.9773 4.4227, 2.4315 0.986 4.414, 2.4868 0.9635 4.4366, 2.5335 0.9342 4.4213, 2.5089 0.9568 4.3987, 2.5489 0.9078 4.4477, 2.5715 0.8854 4.4168, 2.5775 0.8529 4.4493, 2.5919 0.8232 4.4196, 2.5543 0.7933 4.5087, 2.5701 0.7933 4.4882, 2.5715 0.8203 4.4819, 2.5824 0.7933 4.4585, 2.5861 0.7933 4.4494, 2.5897 0.7933 4.4407, 2.5489 0.8512 4.5043, 2.5335 0.8249 4.5306, 2.5512 0.7933 4.5128, 2.4934 0.7933 4.5621, 2.498 0.7933 4.5602, 2.5089 0.8022 4.5532, 2.5129 0.7933 4.5489, 2.5388 0.7933 4.529, 2.4506 0.7933 4.5799, 2.4613 0.8263 4.5738, 2.4363 0.7933 4.5818, 2.3996 0.7933 4.5866, 2.5542 0.8795 4.476, 2.5064 0.9454 4.4546, 2.5188 0.9244 4.4757, 2.523 0.9018 4.4982, 2.5188 0.8792 4.5208, 2.5064 0.8582 4.5419, 2.4868 0.8401 4.5599, 2.4739 0.7933 4.5702, 2.3996 0.989 4.411, 2.3996 0.9824 4.4405, 2.4218 0.9772 4.4564, 2.4425 0.866 4.5676, 2.4603 0.8756 4.558, 2.474 0.8882 4.5454, 2.4826 0.9028 4.5307, 2.4855 0.9186 4.515, 2.4826 0.9343 4.4993, 2.474 0.9489 4.4846, 2.4603 0.9615 4.4721, 2.4425 0.9712 4.4624, 2.3996 0.9793 4.4543, 2.3996 0.9632 4.4879, 2.3996 0.9601 4.4943, 2.2028 0.9902 0.4528, 1.1161 0.9902 0.4528, 1.1161 0.9902 4.3898, -1.6319 -6.0897 4.4407, -1.6319 -6.0701 4.4882, -1.6319 -6.0388 4.529, -1.6319 -5.998 4.5602, -1.6319 -5.9505 4.5799, -1.6319 -5.8996 4.5866, -1.6319 -5.1122 4.5866, 1.628 -5.8996 4.5866, 1.628 -5.1122 4.5866, 1.628 -6.0897 4.4407, 1.628 -5.998 4.5602, 1.628 -5.9505 4.5799, 1.628 -6.0388 4.529, 1.628 -6.0701 4.4882, 1.1161 0.7933 4.5866, 1.1161 0.8443 4.5799, 1.1161 0.8917 4.5602, 1.1161 0.9325 4.529, 1.1161 0.9638 4.4882, 1.1161 0.9835 4.4407, 1.1161 -5.1122 4.5866, 0.3161 0.7933 4.4291, 0.0799 0.7933 4.4291, 0.3161 -5.1122 4.4291, 0.0799 -5.1122 4.4291, 0.0799 -5.1122 4.5866, 0.0799 0.7933 4.5866, 0.0799 0.8443 4.5799, 0.0799 0.8021 4.4281, 0.0799 0.8917 4.5602, 0.0799 0.8104 4.4252, 0.0799 0.9325 4.529, 0.0799 0.8327 0.4528, 0.0799 0.9902 0.4528, 0.0799 0.8327 4.3898, 0.0799 0.9902 4.3898, 0.0799 0.8317 4.3985, 0.0799 0.9835 4.4407, 0.0799 0.8288 4.4068, 0.0799 0.9638 4.4882, 0.0799 0.8241 4.4143, 0.0799 0.8179 4.4205, 0.3161 -5.1122 4.5866, 0.3161 0.7933 4.5866, 0.3161 0.8021 4.4281, 0.3161 0.8443 4.5799, 0.3161 0.8104 4.4252, 0.3161 0.8917 4.5602, 0.3161 0.8179 4.4205, 0.3161 0.9325 4.529, 0.3161 0.9902 0.4528, 0.3161 0.8327 0.4528, 0.3161 0.9902 4.3898, 0.3161 0.8327 4.3898, 0.3161 0.9835 4.4407, 0.3161 0.8317 4.3985, 0.3161 0.9638 4.4882, 0.3161 0.8288 4.4068, 0.3161 0.8241 4.4143, 0.7161 0.7933 4.4291, 0.4799 0.7933 4.4291, 0.7161 -5.1122 4.4291, 0.4799 -5.1122 4.4291, 0.4799 -5.1122 4.5866, 0.4799 0.7933 4.5866, 0.4799 0.8443 4.5799, 0.4799 0.8021 4.4281, 0.4799 0.8917 4.5602, 0.4799 0.8104 4.4252, 0.4799 0.9325 4.529, 0.4799 0.8327 0.4528, 0.4799 0.9902 0.4528, 0.4799 0.8327 4.3898, 0.4799 0.9902 4.3898, 0.4799 0.8317 4.3985, 0.4799 0.9835 4.4407, 0.4799 0.8288 4.4068, 0.4799 0.9638 4.4882, 0.4799 0.8241 4.4143, 0.4799 0.8179 4.4205, 0.7161 -5.1122 4.5866, 0.7161 0.7933 4.5866, 0.7161 0.8021 4.4281, 0.7161 0.8443 4.5799, 0.7161 0.8104 4.4252, 0.7161 0.8917 4.5602, 0.7161 0.8179 4.4205, 0.7161 0.9325 4.529, 0.7161 0.9902 0.4528, 0.7161 0.8327 0.4528, 0.7161 0.9902 4.3898, 0.7161 0.8327 4.3898, 0.7161 0.9835 4.4407, 0.7161 0.8317 4.3985, 0.7161 0.9638 4.4882, 0.7161 0.8288 4.4068, 0.7161 0.8241 4.4143, 0.498 0.8327 0.4528, 1.1161 0.7933 4.4291, 0.8799 0.7933 4.4291, 1.1161 -5.1122 4.4291, 0.8799 -5.1122 4.4291, 0.8799 -5.1122 4.5866, 0.8799 0.7933 4.5866, 0.8799 0.8443 4.5799, 0.8799 0.8021 4.4281, 0.8799 0.8917 4.5602, 0.8799 0.8104 4.4252, 0.8799 0.9325 4.529, 0.8799 0.8327 0.4528, 0.8799 0.9902 0.4528, 0.8799 0.8327 4.3898, 0.8799 0.9902 4.3898, 0.8799 0.8317 4.3985, 0.8799 0.9835 4.4407, 0.8799 0.8288 4.4068, 0.8799 0.9638 4.4882, 0.8799 0.8241 4.4143, 0.8799 0.8179 4.4205, 1.1161 0.8021 4.4281, 1.1161 0.8104 4.4252, 1.1161 0.8179 4.4205, 1.1161 0.8327 0.4528, 1.1161 0.8327 4.3898, 1.1161 0.8317 4.3985, 1.1161 0.8288 4.4068, 1.1161 0.8241 4.4143, 0.998 0.8327 0.4528, -0.0839 0.7933 4.4291, -0.3201 0.7933 4.4291, -0.0839 -5.1122 4.4291, -0.3201 -5.1122 4.4291, -0.3201 -5.1122 4.5866, -0.3201 0.7933 4.5866, -0.3201 0.8443 4.5799, -0.3201 0.8021 4.4281, -0.3201 0.8917 4.5602, -0.3201 0.8104 4.4252, -0.3201 0.9325 4.529, -0.3201 0.8327 0.4528, -0.3201 0.9902 0.4528, -0.3201 0.8327 4.3898, -0.3201 0.9902 4.3898, -0.3201 0.8317 4.3985, -0.3201 0.9835 4.4407, -0.3201 0.8288 4.4068, -0.3201 0.9638 4.4882, -0.3201 0.8241 4.4143, -0.3201 0.8179 4.4205, -0.0839 -5.1122 4.5866, -0.0839 0.7933 4.5866, -0.0839 0.8021 4.4281, -0.0839 0.8443 4.5799, -0.0839 0.8104 4.4252, -0.0839 0.8917 4.5602, -0.0839 0.8179 4.4205, -0.0839 0.9325 4.529, -0.0839 0.9902 0.4528, -0.0839 0.8327 0.4528, -0.0839 0.9902 4.3898, -0.0839 0.8327 4.3898, -0.0839 0.9835 4.4407, -0.0839 0.8317 4.3985, -0.0839 0.9638 4.4882, -0.0839 0.8288 4.4068, -0.0839 0.8241 4.4143, -0.4839 0.7933 4.4291, -0.7201 0.7933 4.4291, -0.4839 -5.1122 4.4291, -0.7201 -5.1122 4.4291, -0.7201 -5.1122 4.5866, -0.7201 0.7933 4.5866, -0.7201 0.8443 4.5799, -0.7201 0.8021 4.4281, -0.7201 0.8917 4.5602, -0.7201 0.8104 4.4252, -0.7201 0.9325 4.529, -0.7201 0.8327 0.4528, -0.7201 0.9902 0.4528, -0.7201 0.8327 4.3898, -0.7201 0.9902 4.3898, -0.7201 0.8317 4.3985, -0.7201 0.9835 4.4407, -0.7201 0.8288 4.4068, -0.7201 0.9638 4.4882, -0.7201 0.8241 4.4143, -0.7201 0.8179 4.4205, -0.4839 -5.1122 4.5866, -0.4839 0.7933 4.5866, -0.4839 0.8021 4.4281, -0.4839 0.8443 4.5799, -0.4839 0.8104 4.4252, -0.4839 0.8917 4.5602, -0.4839 0.8179 4.4205, -0.4839 0.9325 4.529, -0.4839 0.9902 0.4528, -0.4839 0.8327 0.4528, -0.4839 0.9902 4.3898, -0.4839 0.8327 4.3898, -0.4839 0.9835 4.4407, -0.4839 0.8317 4.3985, -0.4839 0.9638 4.4882, -0.4839 0.8288 4.4068, -0.4839 0.8241 4.4143, -0.502 0.8327 0.4528, -0.8839 0.7933 4.4291, -1.1201 0.7933 4.4291, -0.8839 -5.1122 4.4291, -1.1201 -5.1122 4.4291, -1.1201 -5.1122 4.5866, -1.1201 0.7933 4.5866, -1.1201 0.8443 4.5799, -1.1201 0.8021 4.4281, -1.1201 0.8917 4.5602, -1.1201 0.8104 4.4252, -1.1201 0.9325 4.529, -1.1201 0.8327 0.4528, -1.1201 0.9902 0.4528, -1.1201 0.8327 4.3898, -1.1201 0.9902 4.3898, -1.1201 0.8317 4.3985, -1.1201 0.9835 4.4407, -1.1201 0.8288 4.4068, -1.1201 0.9638 4.4882, -1.1201 0.8241 4.4143, -1.1201 0.8179 4.4205, -0.8839 -5.1122 4.5866, -0.8839 0.7933 4.5866, -0.8839 0.8021 4.4281, -0.8839 0.8443 4.5799, -0.8839 0.8104 4.4252, -0.8839 0.8917 4.5602, -0.8839 0.8179 4.4205, -0.8839 0.9325 4.529, -0.8839 0.9902 0.4528, -0.8839 0.8327 0.4528, -0.8839 0.9902 4.3898, -0.8839 0.8327 4.3898, -0.8839 0.9835 4.4407, -0.8839 0.8317 4.3985, -0.8839 0.9638 4.4882, -0.8839 0.8288 4.4068, -0.8839 0.8241 4.4143, -1.002 0.8327 0.4528
            ]
        }
        coordIndex [
            0,1,2,-1,3,4,2,-1,2,4,5,-1,2,5,0,-1,0,5,6,-1,0,6,7,-1,7,6,8,-1,9,10,11,-1,11,10,12,-1,13,14,12,-1,12,14,15,-1,15,16,12,-1,12,16,17,-1,12,17,18,-1,18,19,12,-1,12,19,20,-1,12,20,11,-1,21,22,23,-1,23,22,24,-1,25,26,27,-1,27,26,28,-1,21,23,29,-1,29,23,26,-1,29,26,30,-1,31,32,26,-1,26,32,33,-1,26,33,30,-1,34,35,36,-1,35,37,36,-1,36,37,38,-1,36,38,39,-1,25,40,26,-1,26,40,41,-1,26,41,31,-1,24,42,23,-1,23,42,43,-1,23,43,44,-1,44,45,23,-1,23,45,46,-1,23,46,36,-1,36,46,47,-1,36,47,34,-1,39,48,36,-1,36,48,49,-1,36,49,28,-1,28,49,50,-1,28,50,51,-1,51,52,28,-1,28,52,53,-1,28,53,54,-1,54,55,28,-1,28,55,56,-1,28,56,27,-1,57,58,59,-1,60,61,62,-1,57,63,64,-1,65,66,67,-1,63,57,68,-1,68,57,59,-1,68,59,69,-1,69,59,60,-1,69,60,70,-1,70,60,62,-1,70,62,71,-1,72,73,74,-1,74,73,57,-1,74,57,75,-1,75,57,64,-1,65,67,62,-1,62,67,76,-1,62,76,71,-1,15,77,78,-1,79,17,78,-1,78,17,16,-1,78,16,15,-1,79,80,17,-1,17,80,81,-1,17,81,18,-1,18,81,82,-1,18,82,83,-1,83,84,18,-1,18,84,85,-1,18,85,19,-1,19,85,86,-1,19,86,20,-1,20,86,87,-1,87,88,20,-1,20,88,89,-1,20,89,11,-1,11,89,90,-1,11,90,91,-1,63,92,93,-1,94,75,93,-1,93,75,64,-1,93,64,63,-1,94,95,75,-1,75,95,96,-1,75,96,74,-1,74,96,97,-1,74,97,98,-1,98,99,74,-1,74,99,100,-1,74,100,72,-1,72,100,101,-1,72,101,73,-1,73,101,102,-1,102,103,73,-1,73,103,104,-1,73,104,57,-1,57,104,105,-1,57,105,106,-1,70,71,107,-1,107,71,108,-1,76,109,71,-1,71,109,110,-1,71,110,108,-1,67,111,76,-1,76,111,112,-1,112,113,76,-1,76,113,114,-1,76,114,109,-1,115,116,65,-1,65,116,117,-1,65,117,66,-1,66,117,118,-1,66,118,67,-1,67,118,119,-1,67,119,111,-1,115,65,120,-1,120,65,62,-1,120,62,121,-1,122,123,124,-1,124,123,125,-1,124,125,126,-1,126,125,92,-1,126,92,68,-1,68,92,63,-1,127,128,129,-1,130,131,132,-1,132,131,129,-1,133,134,135,-1,136,137,138,-1,139,140,141,-1,142,143,144,-1,145,146,147,-1,148,149,145,-1,143,150,144,-1,144,150,151,-1,144,151,152,-1,153,154,142,-1,140,155,141,-1,141,155,156,-1,141,156,157,-1,158,139,159,-1,159,139,160,-1,159,160,161,-1,161,162,159,-1,159,162,125,-1,159,125,158,-1,163,164,165,-1,165,164,166,-1,165,166,167,-1,168,169,170,-1,170,169,171,-1,170,171,172,-1,173,174,133,-1,129,175,176,-1,176,175,177,-1,176,177,178,-1,135,130,179,-1,179,130,132,-1,179,132,180,-1,180,132,129,-1,181,182,127,-1,127,182,183,-1,127,183,128,-1,184,174,185,-1,185,174,173,-1,185,173,186,-1,186,173,178,-1,186,178,187,-1,187,178,177,-1,133,135,173,-1,173,135,179,-1,173,179,178,-1,178,179,180,-1,178,180,176,-1,176,180,129,-1,129,188,189,-1,189,188,190,-1,189,190,191,-1,191,190,152,-1,191,152,148,-1,148,152,151,-1,148,151,149,-1,145,147,148,-1,148,147,181,-1,148,181,191,-1,191,181,127,-1,191,127,189,-1,189,127,129,-1,146,192,147,-1,147,192,193,-1,147,193,181,-1,181,193,194,-1,181,194,182,-1,195,168,196,-1,196,168,170,-1,196,170,138,-1,138,170,172,-1,138,172,136,-1,197,195,198,-1,198,195,196,-1,198,196,199,-1,199,196,138,-1,199,138,163,-1,163,138,137,-1,163,137,164,-1,129,200,201,-1,201,200,202,-1,201,202,203,-1,203,202,204,-1,203,204,205,-1,205,204,157,-1,205,157,153,-1,153,157,156,-1,153,156,154,-1,142,144,153,-1,153,144,152,-1,153,152,205,-1,205,152,190,-1,205,190,203,-1,203,190,188,-1,203,188,201,-1,201,188,129,-1,129,197,206,-1,206,197,198,-1,206,198,207,-1,207,198,199,-1,207,199,208,-1,208,199,163,-1,208,163,209,-1,209,163,165,-1,209,165,160,-1,160,165,167,-1,160,167,161,-1,139,141,160,-1,160,141,157,-1,160,157,209,-1,209,157,204,-1,209,204,208,-1,208,204,202,-1,208,202,207,-1,207,202,200,-1,207,200,206,-1,206,200,129,-1,134,169,135,-1,135,169,168,-1,135,168,130,-1,130,168,195,-1,130,195,131,-1,131,195,197,-1,131,197,129,-1,210,211,212,-1,212,211,213,-1,214,215,216,-1,216,215,192,-1,216,192,217,-1,217,192,212,-1,217,212,218,-1,218,212,213,-1,219,220,221,-1,222,223,224,-1,225,226,227,-1,228,229,230,-1,231,232,233,-1,214,216,234,-1,234,216,235,-1,234,235,236,-1,237,238,239,-1,240,241,233,-1,242,243,236,-1,236,243,244,-1,236,244,245,-1,241,246,233,-1,233,246,247,-1,233,247,248,-1,233,232,239,-1,239,232,249,-1,239,249,250,-1,251,252,253,-1,253,252,254,-1,253,254,255,-1,250,256,239,-1,239,256,257,-1,239,257,237,-1,258,259,236,-1,236,259,260,-1,236,260,242,-1,238,261,239,-1,239,261,262,-1,239,262,263,-1,248,264,233,-1,233,264,265,-1,233,265,231,-1,266,267,253,-1,253,267,268,-1,245,269,236,-1,236,269,270,-1,236,270,253,-1,253,270,271,-1,253,271,266,-1,268,272,253,-1,253,272,273,-1,253,273,251,-1,255,274,253,-1,253,274,275,-1,253,275,233,-1,233,275,276,-1,233,276,240,-1,221,277,278,-1,279,280,221,-1,221,280,281,-1,221,281,277,-1,233,221,282,-1,283,284,253,-1,285,286,287,-1,287,286,288,-1,287,288,289,-1,278,290,221,-1,221,290,291,-1,221,291,282,-1,284,292,253,-1,253,292,293,-1,253,293,294,-1,282,295,233,-1,233,295,296,-1,233,296,297,-1,298,299,233,-1,233,299,300,-1,233,300,301,-1,297,302,233,-1,233,302,303,-1,233,303,298,-1,287,253,304,-1,304,305,287,-1,287,305,306,-1,287,306,307,-1,289,308,287,-1,287,308,309,-1,287,309,221,-1,221,309,310,-1,221,310,279,-1,294,311,253,-1,253,311,312,-1,253,312,304,-1,307,313,287,-1,287,313,314,-1,287,314,285,-1,301,315,233,-1,233,315,316,-1,233,316,253,-1,253,316,317,-1,253,317,283,-1,318,319,230,-1,320,321,287,-1,319,322,230,-1,230,322,323,-1,230,323,324,-1,325,326,327,-1,327,326,328,-1,327,328,329,-1,229,330,221,-1,221,330,331,-1,332,333,221,-1,221,333,334,-1,221,334,335,-1,321,336,287,-1,287,336,337,-1,287,337,338,-1,331,339,221,-1,221,339,340,-1,221,340,332,-1,324,341,230,-1,230,341,342,-1,230,342,228,-1,327,287,343,-1,343,344,327,-1,327,344,345,-1,327,345,346,-1,329,347,327,-1,327,347,348,-1,327,348,230,-1,230,348,349,-1,230,349,318,-1,335,350,221,-1,221,350,351,-1,221,351,287,-1,287,351,352,-1,287,352,320,-1,338,353,287,-1,287,353,354,-1,287,354,343,-1,346,355,327,-1,327,355,356,-1,327,356,325,-1,230,357,358,-1,359,360,327,-1,361,362,224,-1,362,363,224,-1,224,363,364,-1,224,364,365,-1,358,366,230,-1,230,366,367,-1,230,367,368,-1,368,369,230,-1,230,369,370,-1,230,370,371,-1,360,372,327,-1,327,372,373,-1,327,373,374,-1,375,376,377,-1,377,376,378,-1,377,378,379,-1,224,380,230,-1,230,380,381,-1,230,381,357,-1,365,382,224,-1,224,382,383,-1,224,383,380,-1,377,327,384,-1,384,385,377,-1,377,385,386,-1,377,386,387,-1,371,388,230,-1,230,388,389,-1,230,389,327,-1,327,389,390,-1,327,390,359,-1,374,391,327,-1,327,391,392,-1,327,392,384,-1,387,393,377,-1,377,393,394,-1,377,394,375,-1,379,395,377,-1,377,395,396,-1,377,396,224,-1,224,396,397,-1,224,397,361,-1,398,399,377,-1,400,401,227,-1,401,402,227,-1,227,402,403,-1,227,403,404,-1,405,406,224,-1,224,406,407,-1,224,407,408,-1,226,409,224,-1,224,409,410,-1,411,412,413,-1,413,412,414,-1,413,414,415,-1,410,416,224,-1,224,416,417,-1,224,417,405,-1,399,418,377,-1,377,418,419,-1,377,419,420,-1,404,421,227,-1,227,421,422,-1,227,422,225,-1,408,423,224,-1,224,423,424,-1,224,424,377,-1,377,424,425,-1,377,425,398,-1,413,377,426,-1,426,427,413,-1,413,427,428,-1,413,428,429,-1,420,430,377,-1,377,430,431,-1,377,431,426,-1,429,432,413,-1,413,432,433,-1,413,433,411,-1,415,434,413,-1,413,434,435,-1,413,435,227,-1,227,435,436,-1,227,436,400,-1,6,5,437,-1,437,5,438,-1,439,440,413,-1,441,442,227,-1,227,442,443,-1,444,445,437,-1,446,447,6,-1,447,448,6,-1,6,448,449,-1,6,449,450,-1,443,451,227,-1,227,451,452,-1,227,452,453,-1,453,454,227,-1,227,454,455,-1,227,455,456,-1,444,437,457,-1,445,458,437,-1,437,458,459,-1,437,459,460,-1,440,461,413,-1,413,461,462,-1,413,462,463,-1,450,464,6,-1,6,464,465,-1,6,465,227,-1,227,465,466,-1,227,466,441,-1,456,467,227,-1,227,467,468,-1,227,468,413,-1,413,468,469,-1,413,469,439,-1,463,470,413,-1,413,470,471,-1,413,471,472,-1,472,473,413,-1,413,473,474,-1,413,474,437,-1,437,474,475,-1,437,475,457,-1,460,476,437,-1,437,476,477,-1,437,477,6,-1,6,477,478,-1,6,478,446,-1,226,224,227,-1,227,224,223,-1,227,223,479,-1,480,8,481,-1,481,8,6,-1,481,6,482,-1,482,6,227,-1,482,227,483,-1,483,227,479,-1,483,479,484,-1,484,479,485,-1,486,487,488,-1,229,221,230,-1,230,221,220,-1,230,220,489,-1,488,222,486,-1,486,222,224,-1,486,224,490,-1,490,224,230,-1,490,230,491,-1,491,230,489,-1,491,489,492,-1,492,489,493,-1,494,495,496,-1,496,219,494,-1,494,219,221,-1,494,221,497,-1,497,221,233,-1,497,233,498,-1,498,233,239,-1,498,239,499,-1,499,239,500,-1,501,500,235,-1,235,500,239,-1,235,239,236,-1,236,239,263,-1,236,263,258,-1,502,438,91,-1,91,438,5,-1,91,5,11,-1,11,5,4,-1,503,9,504,-1,504,9,11,-1,504,11,505,-1,505,11,4,-1,506,507,508,-1,509,510,511,-1,511,510,508,-1,89,88,512,-1,84,83,513,-1,514,515,516,-1,517,518,519,-1,520,521,522,-1,523,524,520,-1,518,525,519,-1,519,525,526,-1,519,526,527,-1,528,529,517,-1,515,530,516,-1,516,530,531,-1,516,531,532,-1,533,514,534,-1,534,514,535,-1,534,535,79,-1,79,78,534,-1,534,78,77,-1,534,77,533,-1,536,82,537,-1,537,82,81,-1,537,81,80,-1,538,87,539,-1,539,87,86,-1,539,86,85,-1,540,90,89,-1,508,541,542,-1,542,541,543,-1,542,543,544,-1,512,509,545,-1,545,509,511,-1,545,511,546,-1,546,511,508,-1,547,548,506,-1,506,548,549,-1,506,549,507,-1,91,90,550,-1,550,90,540,-1,550,540,551,-1,551,540,544,-1,551,544,552,-1,552,544,543,-1,89,512,540,-1,540,512,545,-1,540,545,544,-1,544,545,546,-1,544,546,542,-1,542,546,508,-1,508,553,554,-1,554,553,555,-1,554,555,556,-1,556,555,527,-1,556,527,523,-1,523,527,526,-1,523,526,524,-1,520,522,523,-1,523,522,547,-1,523,547,556,-1,556,547,506,-1,556,506,554,-1,554,506,508,-1,521,557,522,-1,522,557,558,-1,522,558,547,-1,547,558,559,-1,547,559,548,-1,560,538,561,-1,561,538,539,-1,561,539,513,-1,513,539,85,-1,513,85,84,-1,562,560,563,-1,563,560,561,-1,563,561,564,-1,564,561,513,-1,564,513,536,-1,536,513,83,-1,536,83,82,-1,508,565,566,-1,566,565,567,-1,566,567,568,-1,568,567,569,-1,568,569,570,-1,570,569,532,-1,570,532,528,-1,528,532,531,-1,528,531,529,-1,517,519,528,-1,528,519,527,-1,528,527,570,-1,570,527,555,-1,570,555,568,-1,568,555,553,-1,568,553,566,-1,566,553,508,-1,508,562,571,-1,571,562,563,-1,571,563,572,-1,572,563,564,-1,572,564,573,-1,573,564,536,-1,573,536,574,-1,574,536,537,-1,574,537,535,-1,535,537,80,-1,535,80,79,-1,514,516,535,-1,535,516,532,-1,535,532,574,-1,574,532,569,-1,574,569,573,-1,573,569,567,-1,573,567,572,-1,572,567,565,-1,572,565,571,-1,571,565,508,-1,88,87,512,-1,512,87,538,-1,512,538,509,-1,509,538,560,-1,509,560,510,-1,510,560,562,-1,510,562,508,-1,575,576,577,-1,578,576,575,-1,575,579,580,-1,581,579,575,-1,577,581,575,-1,575,582,583,-1,584,582,575,-1,580,584,575,-1,575,585,586,-1,587,585,575,-1,583,587,575,-1,588,589,590,-1,591,592,593,-1,594,595,596,-1,596,595,597,-1,596,597,598,-1,599,600,594,-1,594,600,601,-1,594,601,595,-1,602,603,604,-1,604,603,605,-1,604,605,606,-1,607,608,602,-1,602,608,609,-1,602,609,603,-1,610,611,612,-1,612,611,613,-1,612,614,610,-1,610,614,615,-1,610,615,616,-1,616,615,92,-1,97,96,617,-1,617,96,95,-1,617,95,614,-1,614,95,94,-1,614,94,615,-1,615,94,93,-1,615,93,92,-1,618,619,98,-1,102,101,620,-1,620,101,100,-1,620,100,619,-1,619,100,99,-1,619,99,98,-1,104,621,593,-1,104,593,105,-1,105,593,592,-1,105,592,106,-1,613,608,612,-1,612,608,607,-1,612,607,614,-1,614,607,622,-1,614,622,617,-1,617,622,618,-1,617,618,97,-1,97,618,98,-1,606,600,604,-1,604,600,599,-1,604,599,602,-1,602,599,623,-1,602,623,607,-1,607,623,624,-1,607,624,622,-1,622,624,625,-1,622,625,618,-1,618,625,626,-1,618,626,619,-1,619,626,627,-1,619,627,620,-1,620,627,628,-1,620,628,102,-1,102,628,621,-1,102,621,103,-1,103,621,104,-1,629,630,631,-1,589,591,590,-1,590,591,593,-1,590,593,632,-1,632,593,621,-1,632,621,633,-1,633,621,628,-1,633,628,634,-1,634,628,627,-1,634,627,635,-1,635,627,626,-1,635,626,636,-1,636,626,625,-1,636,625,637,-1,637,625,624,-1,637,624,638,-1,638,624,623,-1,638,623,639,-1,639,623,599,-1,639,599,640,-1,640,599,594,-1,640,594,631,-1,631,594,596,-1,631,596,629,-1,629,596,598,-1,641,642,586,-1,586,642,643,-1,586,643,575,-1,578,588,576,-1,576,588,590,-1,576,590,577,-1,577,590,632,-1,577,632,581,-1,581,632,633,-1,581,633,579,-1,579,633,634,-1,579,634,580,-1,580,634,635,-1,580,635,584,-1,584,635,636,-1,584,636,582,-1,582,636,637,-1,582,637,583,-1,583,637,638,-1,583,638,587,-1,587,638,639,-1,587,639,585,-1,585,639,640,-1,585,640,586,-1,586,640,631,-1,586,631,641,-1,641,631,630,-1,644,645,646,-1,647,645,644,-1,644,648,649,-1,650,648,644,-1,646,650,644,-1,644,651,652,-1,653,651,644,-1,649,653,644,-1,644,654,655,-1,656,654,644,-1,652,656,644,-1,657,658,659,-1,660,661,662,-1,663,115,664,-1,664,115,120,-1,664,120,121,-1,665,117,663,-1,663,117,116,-1,663,116,115,-1,666,111,667,-1,667,111,119,-1,667,119,118,-1,668,113,666,-1,666,113,112,-1,666,112,111,-1,110,109,669,-1,669,109,114,-1,669,670,110,-1,110,670,671,-1,110,671,108,-1,108,671,107,-1,672,673,674,-1,674,673,675,-1,674,675,670,-1,670,675,676,-1,670,676,671,-1,671,676,677,-1,671,677,107,-1,678,679,680,-1,681,682,683,-1,683,682,684,-1,683,684,679,-1,679,684,685,-1,679,685,680,-1,686,687,662,-1,686,662,688,-1,688,662,661,-1,688,661,689,-1,114,113,669,-1,669,113,668,-1,669,668,670,-1,670,668,690,-1,670,690,674,-1,674,690,678,-1,674,678,672,-1,672,678,680,-1,118,117,667,-1,667,117,665,-1,667,665,666,-1,666,665,691,-1,666,691,668,-1,668,691,692,-1,668,692,690,-1,690,692,693,-1,690,693,678,-1,678,693,694,-1,678,694,679,-1,679,694,695,-1,679,695,683,-1,683,695,696,-1,683,696,681,-1,681,696,687,-1,681,687,697,-1,697,687,686,-1,698,699,700,-1,658,660,659,-1,659,660,662,-1,659,662,701,-1,701,662,687,-1,701,687,702,-1,702,687,696,-1,702,696,703,-1,703,696,695,-1,703,695,704,-1,704,695,694,-1,704,694,705,-1,705,694,693,-1,705,693,706,-1,706,693,692,-1,706,692,707,-1,707,692,691,-1,707,691,708,-1,708,691,665,-1,708,665,709,-1,709,665,663,-1,709,663,700,-1,700,663,664,-1,700,664,698,-1,698,664,121,-1,710,711,655,-1,655,711,712,-1,655,712,644,-1,647,657,645,-1,645,657,659,-1,645,659,646,-1,646,659,701,-1,646,701,650,-1,650,701,702,-1,650,702,648,-1,648,702,703,-1,648,703,649,-1,649,703,704,-1,649,704,653,-1,653,704,705,-1,653,705,651,-1,651,705,706,-1,651,706,652,-1,652,706,707,-1,652,707,656,-1,656,707,708,-1,656,708,654,-1,654,708,709,-1,654,709,655,-1,655,709,700,-1,655,700,710,-1,710,700,699,-1,62,61,713,-1,714,715,713,-1,713,715,121,-1,713,121,62,-1,92,125,162,-1,184,598,174,-1,174,598,597,-1,174,597,133,-1,133,597,595,-1,133,595,134,-1,134,595,601,-1,134,601,169,-1,169,601,600,-1,169,600,171,-1,171,600,606,-1,171,606,172,-1,172,606,605,-1,172,605,136,-1,136,605,603,-1,136,603,137,-1,137,603,609,-1,137,609,164,-1,164,609,608,-1,164,608,166,-1,166,608,613,-1,166,613,167,-1,167,613,611,-1,167,611,161,-1,161,611,610,-1,161,610,162,-1,162,610,616,-1,162,616,92,-1,192,215,193,-1,193,215,716,-1,193,716,194,-1,194,716,182,-1,182,716,717,-1,182,717,183,-1,183,717,128,-1,128,717,718,-1,128,718,129,-1,129,718,175,-1,175,718,719,-1,175,719,177,-1,177,719,187,-1,187,719,720,-1,187,720,186,-1,186,720,185,-1,185,720,721,-1,185,721,184,-1,234,722,214,-1,214,722,721,-1,214,721,215,-1,215,721,716,-1,720,719,718,-1,720,718,721,-1,721,718,717,-1,721,717,716,-1,723,724,437,-1,437,438,723,-1,723,438,502,-1,723,502,725,-1,726,727,728,-1,728,727,723,-1,728,723,729,-1,729,723,725,-1,502,91,550,-1,502,550,725,-1,550,551,725,-1,725,551,552,-1,725,552,729,-1,552,543,729,-1,729,543,541,-1,729,541,728,-1,541,508,728,-1,728,508,507,-1,728,507,726,-1,507,549,726,-1,726,549,548,-1,726,548,727,-1,557,723,558,-1,558,723,727,-1,558,727,559,-1,559,727,548,-1,77,107,677,-1,689,557,688,-1,688,557,521,-1,688,521,686,-1,686,521,520,-1,686,520,697,-1,697,520,524,-1,697,524,681,-1,681,524,526,-1,681,526,682,-1,682,526,525,-1,682,525,684,-1,684,525,518,-1,684,518,685,-1,685,518,517,-1,685,517,680,-1,680,517,529,-1,680,529,672,-1,672,529,531,-1,672,531,673,-1,673,531,530,-1,673,530,675,-1,675,530,515,-1,675,515,676,-1,676,515,514,-1,676,514,677,-1,677,514,533,-1,677,533,77,-1,730,689,661,-1,730,661,731,-1,661,660,731,-1,731,660,658,-1,731,658,732,-1,658,657,732,-1,732,657,647,-1,732,647,733,-1,647,644,733,-1,733,644,712,-1,733,712,734,-1,712,711,734,-1,734,711,710,-1,734,710,735,-1,121,715,698,-1,698,715,735,-1,698,735,699,-1,699,735,710,-1,723,557,724,-1,724,557,689,-1,724,689,736,-1,736,689,730,-1,737,738,739,-1,739,738,740,-1,741,740,742,-1,742,740,738,-1,742,738,743,-1,743,738,744,-1,743,744,745,-1,745,744,746,-1,745,746,747,-1,748,749,750,-1,750,749,751,-1,750,751,752,-1,752,751,753,-1,752,753,754,-1,754,753,755,-1,754,755,756,-1,756,755,747,-1,756,747,757,-1,757,747,746,-1,739,758,737,-1,737,758,759,-1,737,759,760,-1,760,759,761,-1,760,761,762,-1,762,761,763,-1,762,763,764,-1,764,763,765,-1,766,767,768,-1,768,767,769,-1,768,769,770,-1,770,769,771,-1,770,771,772,-1,772,771,773,-1,772,773,765,-1,765,773,774,-1,765,774,764,-1,769,767,750,-1,750,767,748,-1,738,737,760,-1,738,760,744,-1,744,760,762,-1,744,762,746,-1,746,762,764,-1,746,764,757,-1,757,764,774,-1,757,774,756,-1,756,774,773,-1,756,773,754,-1,754,773,771,-1,754,771,752,-1,752,771,769,-1,752,769,750,-1,775,776,777,-1,777,776,778,-1,779,778,780,-1,780,778,776,-1,780,776,781,-1,781,776,782,-1,781,782,783,-1,783,782,784,-1,783,784,785,-1,786,787,788,-1,788,787,789,-1,788,789,790,-1,790,789,791,-1,790,791,792,-1,792,791,793,-1,792,793,794,-1,794,793,785,-1,794,785,795,-1,795,785,784,-1,777,796,775,-1,775,796,797,-1,775,797,798,-1,798,797,799,-1,798,799,800,-1,800,799,801,-1,800,801,802,-1,802,801,803,-1,804,805,806,-1,806,805,807,-1,806,807,808,-1,808,807,809,-1,808,809,810,-1,810,809,811,-1,810,811,803,-1,803,811,812,-1,803,812,802,-1,786,788,813,-1,813,788,807,-1,813,807,805,-1,776,775,798,-1,776,798,782,-1,782,798,800,-1,782,800,784,-1,784,800,802,-1,784,802,795,-1,795,802,812,-1,795,812,794,-1,794,812,811,-1,794,811,792,-1,792,811,809,-1,792,809,790,-1,790,809,807,-1,790,807,788,-1,814,815,816,-1,816,815,817,-1,818,817,819,-1,819,817,815,-1,819,815,820,-1,820,815,821,-1,820,821,822,-1,822,821,823,-1,822,823,824,-1,825,826,827,-1,827,826,828,-1,827,828,829,-1,829,828,830,-1,829,830,831,-1,831,830,832,-1,831,832,833,-1,833,832,824,-1,833,824,834,-1,834,824,823,-1,816,736,814,-1,814,736,730,-1,814,730,835,-1,835,730,731,-1,835,731,836,-1,836,731,732,-1,836,732,837,-1,837,732,733,-1,714,838,715,-1,715,838,839,-1,715,839,735,-1,735,839,840,-1,735,840,734,-1,734,840,841,-1,734,841,733,-1,733,841,842,-1,733,842,837,-1,825,827,843,-1,843,827,839,-1,843,839,838,-1,815,814,835,-1,815,835,821,-1,821,835,836,-1,821,836,823,-1,823,836,837,-1,823,837,834,-1,834,837,842,-1,834,842,833,-1,833,842,841,-1,833,841,831,-1,831,841,840,-1,831,840,829,-1,829,840,839,-1,829,839,827,-1,844,845,846,-1,846,845,847,-1,848,847,849,-1,849,847,845,-1,849,845,850,-1,850,845,851,-1,850,851,852,-1,852,851,853,-1,852,853,854,-1,855,856,857,-1,857,856,858,-1,857,858,859,-1,859,858,860,-1,859,860,861,-1,861,860,862,-1,861,862,863,-1,863,862,854,-1,863,854,864,-1,864,854,853,-1,846,865,844,-1,844,865,866,-1,844,866,867,-1,867,866,868,-1,867,868,869,-1,869,868,870,-1,869,870,871,-1,871,870,872,-1,873,874,875,-1,875,874,876,-1,875,876,877,-1,877,876,878,-1,877,878,879,-1,879,878,880,-1,879,880,872,-1,872,880,881,-1,872,881,871,-1,876,874,857,-1,857,874,855,-1,845,844,867,-1,845,867,851,-1,851,867,869,-1,851,869,853,-1,853,869,871,-1,853,871,864,-1,864,871,881,-1,864,881,863,-1,863,881,880,-1,863,880,861,-1,861,880,878,-1,861,878,859,-1,859,878,876,-1,859,876,857,-1,882,883,884,-1,884,883,885,-1,886,885,887,-1,887,885,883,-1,887,883,888,-1,888,883,889,-1,888,889,890,-1,890,889,891,-1,890,891,892,-1,893,894,895,-1,895,894,896,-1,895,896,897,-1,897,896,898,-1,897,898,899,-1,899,898,900,-1,899,900,901,-1,901,900,892,-1,901,892,902,-1,902,892,891,-1,884,903,882,-1,882,903,904,-1,882,904,905,-1,905,904,906,-1,905,906,907,-1,907,906,908,-1,907,908,909,-1,909,908,910,-1,911,912,913,-1,913,912,914,-1,913,914,915,-1,915,914,916,-1,915,916,917,-1,917,916,918,-1,917,918,910,-1,910,918,919,-1,910,919,909,-1,914,912,895,-1,895,912,920,-1,895,920,893,-1,883,882,905,-1,883,905,889,-1,889,905,907,-1,889,907,891,-1,891,907,909,-1,891,909,902,-1,902,909,919,-1,902,919,901,-1,901,919,918,-1,901,918,899,-1,899,918,916,-1,899,916,897,-1,897,916,914,-1,897,914,895,-1,921,922,923,-1,923,922,924,-1,925,924,926,-1,926,924,922,-1,926,922,927,-1,927,922,928,-1,927,928,929,-1,929,928,930,-1,929,930,931,-1,932,933,934,-1,934,933,935,-1,934,935,936,-1,936,935,937,-1,936,937,938,-1,938,937,939,-1,938,939,940,-1,940,939,931,-1,940,931,941,-1,941,931,930,-1,923,942,921,-1,921,942,943,-1,921,943,944,-1,944,943,945,-1,944,945,946,-1,946,945,947,-1,946,947,948,-1,948,947,949,-1,950,951,952,-1,952,951,953,-1,952,953,954,-1,954,953,955,-1,954,955,956,-1,956,955,957,-1,956,957,949,-1,949,957,958,-1,949,958,948,-1,932,934,959,-1,959,934,953,-1,959,953,951,-1,922,921,944,-1,922,944,928,-1,928,944,946,-1,928,946,930,-1,930,946,948,-1,930,948,941,-1,941,948,958,-1,941,958,940,-1,940,958,957,-1,940,957,938,-1,938,957,955,-1,938,955,936,-1,936,955,953,-1,936,953,934,-1,
        ]
    }
}
Shape{
    appearance Appearance {
        material  Material 	{
            diffuseColor 1.0 1.0 1.0
            specularColor 0.5019607843137255 0.5019607843137255 0.5019607843137255
            ambientIntensity 1.0
            transparency 0.0
            shininess 0.5
        }
    }
    geometry IndexedFaceSet {
        ccw TRUE
        solid FALSE
        coord DEF co Coordinate {
            point [
                2.6004 -3.7514 3.4905, 2.6004 -3.7514 3.4601, 2.5965 -3.7514 3.4905, 2.5965 -3.7514 3.4601, 2.6004 -3.8577 3.4905, 2.5965 -3.8577 3.4905, 2.6004 -3.8577 3.727, 2.5965 -3.8577 3.727, 2.6004 -3.8922 3.727, 2.5965 -3.8922 3.727, 2.6004 -3.8922 3.4601, 2.5965 -3.8922 3.4601, 2.6004 -3.5739 3.4595, 2.6004 -3.6146 3.4556, 2.5965 -3.591 3.4578, 2.5965 -3.6146 3.4556, 2.5965 -3.5739 3.4595, 2.5965 -3.5452 3.4689, 2.6004 -3.5452 3.4689, 2.5965 -3.5407 3.4711, 2.6004 -3.5407 3.4711, 2.6004 -3.5407 3.5042, 2.5965 -3.5407 3.5042, 2.5965 -3.5668 3.4924, 2.6004 -3.5668 3.4924, 2.5965 -3.597 3.4868, 2.6004 -3.597 3.4868, 2.5965 -3.6096 3.4863, 2.6004 -3.6096 3.4863, 2.5965 -3.6366 3.4896, 2.6004 -3.6366 3.4896, 2.5965 -3.6556 3.4969, 2.6004 -3.6556 3.4969, 2.5965 -3.673 3.5093, 2.6004 -3.673 3.5093, 2.5965 -3.6782 3.5144, 2.6004 -3.6782 3.5144, 2.5965 -3.6912 3.5325, 2.6004 -3.6912 3.5325, 2.5965 -3.6998 3.554, 2.6004 -3.6998 3.554, 2.5965 -3.7041 3.5807, 2.6004 -3.7041 3.5807, 2.5965 -3.7044 3.5905, 2.6004 -3.7044 3.5905, 2.5965 -3.7007 3.6243, 2.6004 -3.7007 3.6243, 2.5965 -3.6922 3.648, 2.6004 -3.6922 3.648, 2.5965 -3.6797 3.667, 2.6004 -3.6797 3.667, 2.5965 -3.6763 3.6708, 2.6004 -3.6763 3.6708, 2.5965 -3.6581 3.6858, 2.6004 -3.6581 3.6858, 2.5965 -3.6371 3.6955, 2.6004 -3.6371 3.6955, 2.5965 -3.6139 3.7, 2.6004 -3.6139 3.7, 2.5965 -3.6036 3.7004, 2.6004 -3.6036 3.7004, 2.5965 -3.5707 3.6965, 2.6004 -3.5707 3.6965, 2.5965 -3.5437 3.6862, 2.6004 -3.5437 3.6862, 2.5965 -3.5407 3.6846, 2.6004 -3.5407 3.6846, 2.6004 -3.5407 3.7206, 2.5965 -3.5407 3.7206, 2.5965 -3.6039 3.7315, 2.6004 -3.6039 3.7315, 2.6004 -3.6032 3.7315, 2.5965 -3.5684 3.7286, 2.6004 -3.5684 3.7286, 2.5965 -3.5757 3.7292, 2.5965 -3.6032 3.7315, 2.5965 -3.6222 3.7292, 2.6004 -3.6429 3.7267, 2.5965 -3.6429 3.7267, 2.5965 -3.6707 3.7158, 2.6004 -3.6707 3.7158, 2.5965 -3.6957 3.6982, 2.6004 -3.6957 3.6982, 2.5965 -3.702 3.6922, 2.6004 -3.702 3.6922, 2.5965 -3.7213 3.6669, 2.6004 -3.7213 3.6669, 2.5965 -3.7286 3.6499, 2.6004 -3.734 3.6372, 2.5965 -3.734 3.6372, 2.5965 -3.74 3.6024, 2.6004 -3.74 3.6024, 2.5965 -3.7405 3.5885, 2.6004 -3.7405 3.5885, 2.5965 -3.7362 3.5487, 2.5965 -3.7286 3.5276, 2.6004 -3.7258 3.52, 2.6004 -3.7362 3.5487, 2.5965 -3.7258 3.52, 2.5965 -3.7105 3.4967, 2.6004 -3.7105 3.4967, 2.5965 -3.7063 3.492, 2.6004 -3.7063 3.492, 2.5965 -3.6596 3.4623, 2.6004 -3.6848 3.4742, 2.5965 -3.6848 3.4742, 2.5965 -3.6379 3.4578, 2.6004 -3.6306 3.4563, 2.6004 -3.6596 3.4623, 2.5965 -3.6306 3.4563, 2.6004 -3.3437 3.4905, 2.6004 -3.3437 3.4601, 2.5965 -3.3437 3.4905, 2.5965 -3.3437 3.4601, 2.5965 -3.4528 3.4905, 2.6004 -3.4528 3.4905, 2.5965 -3.3807 3.4905, 2.6004 -3.4528 3.5803, 2.5965 -3.4528 3.5803, 2.5965 -3.3574 3.5803, 2.6004 -3.3574 3.5803, 2.5965 -3.3807 3.5803, 2.6004 -3.3574 3.6109, 2.5965 -3.3574 3.6109, 2.5965 -3.4528 3.6109, 2.6004 -3.4528 3.6109, 2.5965 -3.3807 3.6109, 2.6004 -3.4528 3.6963, 2.5965 -3.4528 3.6963, 2.5965 -3.3498 3.6963, 2.6004 -3.3498 3.6963, 2.5965 -3.3807 3.6963, 2.6004 -3.3498 3.727, 2.5965 -3.3498 3.727, 2.5965 -3.4873 3.727, 2.6004 -3.4873 3.727, 2.5965 -3.3807 3.727, 2.6004 -3.4873 3.4601, 2.5965 -3.4873 3.4601, 2.5965 -3.3807 3.4601, 2.6004 -3.1275 3.5348, 2.6004 -3.1407 3.5184, 2.6004 -3.1162 3.4975, 2.6004 -3.1457 3.5139, 2.6004 -3.1437 3.4777, 2.6004 -3.1633 3.5023, 2.6004 -3.174 3.4657, 2.6004 -3.1862 3.4942, 2.6004 -3.2199 3.4601, 2.6004 -3.2201 3.4905, 2.6004 -3.2933 3.4601, 2.6004 -3.2588 3.4905, 2.6004 -3.2933 3.727, 2.6004 -3.2588 3.6963, 2.6004 -3.2172 3.727, 2.6004 -3.2185 3.6963, 2.6004 -3.1764 3.7225, 2.6004 -3.1841 3.6925, 2.6004 -3.1442 3.7107, 2.6004 -3.161 3.6841, 2.6004 -3.1162 3.6916, 2.6004 -3.1415 3.6712, 2.6004 -3.1071 3.6827, 2.6004 -3.1327 3.6623, 2.6004 -3.0905 3.6595, 2.6004 -3.1227 3.6469, 2.6004 -3.0806 3.6341, 2.6004 -3.1155 3.6267, 2.6004 -3.076 3.597, 2.6004 -3.1122 3.596, 2.6004 -3.0768 3.5801, 2.6004 -3.1131 3.5791, 2.6004 -3.0832 3.5488, 2.6004 -3.1183 3.5547, 2.6004 -3.0964 3.5212, 2.5965 -3.2199 3.4601, 2.5965 -3.2933 3.4601, 2.5965 -3.1162 3.4975, 2.5965 -3.174 3.4657, 2.5965 -3.171 3.4669, 2.5965 -3.1437 3.4777, 2.5965 -3.0964 3.5212, 2.5965 -3.0832 3.5488, 2.5965 -3.0768 3.5801, 2.5965 -3.076 3.597, 2.5965 -3.0806 3.6341, 2.5965 -3.0905 3.6595, 2.5965 -3.1071 3.6827, 2.5965 -3.1162 3.6916, 2.5965 -3.1442 3.7107, 2.5965 -3.171 3.7205, 2.5965 -3.1764 3.7225, 2.5965 -3.2172 3.727, 2.5965 -3.2933 3.727, 2.5965 -3.2185 3.6963, 2.5965 -3.2588 3.6963, 2.5965 -3.2588 3.4905, 2.5965 -3.2201 3.4905, 2.5965 -3.1407 3.5184, 2.5965 -3.1457 3.5139, 2.5965 -3.1633 3.5023, 2.5965 -3.1862 3.4942, 2.5965 -3.1122 3.596, 2.5965 -3.1131 3.5791, 2.5965 -3.1183 3.5547, 2.5965 -3.1275 3.5348, 2.5965 -3.1415 3.6712, 2.5965 -3.1327 3.6623, 2.5965 -3.1227 3.6469, 2.5965 -3.1155 3.6267, 2.5965 -3.1841 3.6925, 2.5965 -3.161 3.6841
            ]
        }
        coordIndex [
            0,1,2,-1,2,1,3,-1,4,0,5,-1,5,0,2,-1,6,4,7,-1,7,4,5,-1,8,6,9,-1,9,6,7,-1,10,8,11,-1,11,8,9,-1,1,10,3,-1,3,10,11,-1,6,8,4,-1,4,8,10,-1,4,10,0,-1,0,10,1,-1,12,13,14,-1,14,13,15,-1,14,16,12,-1,12,16,17,-1,12,17,18,-1,18,17,19,-1,18,19,20,-1,21,20,22,-1,22,20,19,-1,21,22,23,-1,21,23,24,-1,24,23,25,-1,24,25,26,-1,26,25,27,-1,26,27,28,-1,28,27,29,-1,28,29,30,-1,30,29,31,-1,30,31,32,-1,32,31,33,-1,32,33,34,-1,34,33,35,-1,34,35,36,-1,36,35,37,-1,36,37,38,-1,38,37,39,-1,38,39,40,-1,40,39,41,-1,40,41,42,-1,42,41,43,-1,42,43,44,-1,44,43,45,-1,44,45,46,-1,46,45,47,-1,46,47,48,-1,48,47,49,-1,48,49,50,-1,50,49,51,-1,50,51,52,-1,52,51,53,-1,52,53,54,-1,54,53,55,-1,54,55,56,-1,56,55,57,-1,56,57,58,-1,58,57,59,-1,58,59,60,-1,60,59,61,-1,60,61,62,-1,62,61,63,-1,62,63,64,-1,64,63,65,-1,64,65,66,-1,67,66,68,-1,68,66,65,-1,69,70,71,-1,67,68,72,-1,67,72,73,-1,73,72,74,-1,73,74,71,-1,71,74,75,-1,71,75,69,-1,70,69,76,-1,70,76,77,-1,76,78,77,-1,77,78,79,-1,77,79,80,-1,80,79,81,-1,80,81,82,-1,82,81,83,-1,82,83,84,-1,84,83,85,-1,84,85,86,-1,86,85,87,-1,86,87,88,-1,87,89,88,-1,88,89,90,-1,88,90,91,-1,91,90,92,-1,91,92,93,-1,93,92,94,-1,95,96,94,-1,94,96,97,-1,94,97,93,-1,95,98,96,-1,96,98,99,-1,96,99,100,-1,100,99,101,-1,100,101,102,-1,103,104,105,-1,105,104,102,-1,105,102,101,-1,106,107,103,-1,103,107,108,-1,103,108,104,-1,106,109,107,-1,107,109,15,-1,107,15,13,-1,64,66,67,-1,46,48,86,-1,64,67,62,-1,62,67,73,-1,62,73,60,-1,60,73,71,-1,60,71,58,-1,58,71,70,-1,58,70,56,-1,56,70,77,-1,56,77,54,-1,20,21,18,-1,18,21,24,-1,18,24,12,-1,12,24,26,-1,12,26,13,-1,13,26,28,-1,13,28,107,-1,107,28,30,-1,107,30,108,-1,108,30,32,-1,108,32,104,-1,104,32,34,-1,104,34,102,-1,102,34,36,-1,102,36,100,-1,100,36,38,-1,100,38,96,-1,86,48,84,-1,77,80,54,-1,54,80,82,-1,54,82,52,-1,52,82,84,-1,52,84,50,-1,50,84,48,-1,93,44,91,-1,91,44,46,-1,91,46,88,-1,88,46,86,-1,96,38,97,-1,97,38,40,-1,97,40,93,-1,93,40,42,-1,93,42,44,-1,110,111,112,-1,112,111,113,-1,114,115,116,-1,116,115,110,-1,116,110,112,-1,117,115,118,-1,118,115,114,-1,119,120,121,-1,121,120,117,-1,121,117,118,-1,122,120,123,-1,123,120,119,-1,124,125,126,-1,126,125,122,-1,126,122,123,-1,127,125,128,-1,128,125,124,-1,129,130,131,-1,131,130,127,-1,131,127,128,-1,132,130,133,-1,133,130,129,-1,134,135,136,-1,136,135,132,-1,136,132,133,-1,137,135,138,-1,138,135,134,-1,113,111,139,-1,139,111,137,-1,139,137,138,-1,137,111,110,-1,110,115,137,-1,137,115,117,-1,137,117,135,-1,130,132,127,-1,127,132,135,-1,127,135,125,-1,125,135,117,-1,125,117,122,-1,122,117,120,-1,140,141,142,-1,142,141,143,-1,142,143,144,-1,144,143,145,-1,144,145,146,-1,146,145,147,-1,146,147,148,-1,148,147,149,-1,148,149,150,-1,150,149,151,-1,150,151,152,-1,152,151,153,-1,152,153,154,-1,154,153,155,-1,154,155,156,-1,156,155,157,-1,156,157,158,-1,158,157,159,-1,158,159,160,-1,160,159,161,-1,160,161,162,-1,162,161,163,-1,162,163,164,-1,164,163,165,-1,164,165,166,-1,166,165,167,-1,166,167,168,-1,168,167,169,-1,168,169,170,-1,170,169,171,-1,170,171,172,-1,172,171,173,-1,172,173,174,-1,174,173,140,-1,174,140,142,-1,148,150,175,-1,175,150,176,-1,177,142,144,-1,148,175,178,-1,148,178,146,-1,146,178,179,-1,146,179,144,-1,144,179,180,-1,144,180,177,-1,142,177,181,-1,142,181,174,-1,174,181,182,-1,174,182,172,-1,172,182,183,-1,172,183,170,-1,170,183,184,-1,170,184,168,-1,168,184,185,-1,168,185,166,-1,166,185,186,-1,166,186,164,-1,164,186,187,-1,164,187,162,-1,162,187,188,-1,162,188,160,-1,160,188,189,-1,190,156,189,-1,189,156,158,-1,189,158,160,-1,190,191,156,-1,156,191,192,-1,156,192,154,-1,152,154,193,-1,193,154,192,-1,150,152,176,-1,176,152,193,-1,155,153,194,-1,194,153,195,-1,153,151,195,-1,195,151,196,-1,151,149,196,-1,196,149,197,-1,141,198,199,-1,141,199,143,-1,143,199,200,-1,143,200,145,-1,145,200,201,-1,145,201,147,-1,147,201,197,-1,147,197,149,-1,169,202,203,-1,169,203,171,-1,171,203,204,-1,171,204,173,-1,173,204,205,-1,173,205,140,-1,140,205,198,-1,140,198,141,-1,161,206,207,-1,161,207,163,-1,163,207,208,-1,163,208,165,-1,165,208,209,-1,165,209,167,-1,167,209,202,-1,167,202,169,-1,155,194,210,-1,155,210,157,-1,157,210,211,-1,157,211,159,-1,159,211,206,-1,159,206,161,-1,
        ]
    }
}
Shape{
    appearance Appearance {
        material  Material 	{
            diffuseColor 0.25098039215686274 0.25098039215686274 0.25098039215686274
            specularColor 0.12549019607843137 0.12549019607843137 0.12549019607843137
            ambientIntensity 0.251
            transparency 0.0
            shininess 0.5
        }
    }
    geometry IndexedFaceSet {
        ccw TRUE
        solid FALSE
        coord DEF co Coordinate {
            point [
                2.5965 -3.2588 3.6963, 2.5965 -3.2588 3.4905, 2.5965 -3.2185 3.6963, 2.5965 -3.2201 3.4905, 2.5965 -3.1862 3.4942, 2.5965 -3.1633 3.5023, 2.5965 -3.1457 3.5139, 2.5965 -3.1407 3.5184, 2.5965 -3.1275 3.5348, 2.5965 -3.1183 3.5547, 2.5965 -3.1131 3.5791, 2.5965 -3.1122 3.596, 2.5965 -3.1155 3.6267, 2.5965 -3.1227 3.6469, 2.5965 -3.1327 3.6623, 2.5965 -3.1415 3.6712, 2.5965 -3.1841 3.6925, 2.5965 -3.161 3.6841
            ]
        }
        coordIndex [
            0,1,2,-1,2,1,3,-1,2,3,4,-1,4,5,2,-1,2,5,6,-1,2,6,7,-1,7,8,2,-1,2,8,9,-1,2,9,10,-1,10,11,2,-1,2,11,12,-1,2,12,13,-1,13,14,2,-1,2,14,15,-1,2,15,16,-1,16,15,17,-1,
        ]
    }
}
Shape{
    appearance Appearance {
        material  Material 	{
            diffuseColor 1.0 1.0 1.0
            specularColor 0.5019607843137255 0.5019607843137255 0.5019607843137255
            ambientIntensity 1.0
            transparency 0.0
            shininess 0.5
        }
    }
    geometry IndexedFaceSet {
        ccw TRUE
        solid FALSE
        coord DEF co Coordinate {
            point [
                2.6004 -2.9866 3.5632, 2.6004 -2.9975 3.5331, 2.6004 -2.897 3.5632, 2.6004 -2.8863 3.5331, 2.6004 -2.9466 3.6742, 2.6004 -2.9595 3.727, 2.6004 -3.0612 3.4601, 2.6004 -3.0231 3.4601, 2.6004 -2.9443 3.6821, 2.6004 -2.9423 3.6929, 2.6004 -2.9227 3.727, 2.6004 -2.9415 3.6929, 2.6004 -2.9393 3.6816, 2.6004 -2.9373 3.6742, 2.6004 -2.821 3.4601, 2.6004 -2.8591 3.4601, 2.5965 -2.9227 3.727, 2.5965 -2.821 3.4601, 2.5965 -2.9595 3.727, 2.5965 -3.0612 3.4601, 2.5965 -2.9843 3.6621, 2.5965 -3.0231 3.4601, 2.5965 -2.9975 3.5331, 2.5965 -2.8863 3.5331, 2.5965 -2.9843 3.5331, 2.5965 -2.8591 3.4601, 2.5965 -2.9866 3.5632, 2.5965 -2.897 3.5632, 2.5965 -2.9373 3.6742, 2.5965 -2.9415 3.6929, 2.5965 -2.9393 3.6816, 2.5965 -2.9423 3.6929, 2.5965 -2.9466 3.6742, 2.5965 -2.9443 3.6821
            ]
        }
        coordIndex [
            0,1,2,-1,2,1,3,-1,4,5,0,-1,0,5,6,-1,0,6,1,-1,1,6,7,-1,4,8,5,-1,5,8,9,-1,5,9,10,-1,10,9,11,-1,10,11,12,-1,12,13,10,-1,10,13,2,-1,10,2,14,-1,14,2,3,-1,14,3,15,-1,10,14,16,-1,16,14,17,-1,5,10,18,-1,18,10,16,-1,19,6,20,-1,20,6,5,-1,20,5,18,-1,7,6,21,-1,21,6,19,-1,1,7,22,-1,22,7,21,-1,23,3,24,-1,24,3,1,-1,24,1,22,-1,15,3,25,-1,25,3,23,-1,14,15,17,-1,17,15,25,-1,0,2,26,-1,26,2,27,-1,2,13,27,-1,27,13,28,-1,11,29,30,-1,11,30,12,-1,12,30,28,-1,12,28,13,-1,11,9,29,-1,29,9,31,-1,4,32,33,-1,4,33,8,-1,8,33,31,-1,8,31,9,-1,4,0,32,-1,32,0,26,-1,
        ]
    }
}
Shape{
    appearance Appearance {
        material  Material 	{
            diffuseColor 0.25098039215686274 0.25098039215686274 0.25098039215686274
            specularColor 0.12549019607843137 0.12549019607843137 0.12549019607843137
            ambientIntensity 0.251
            transparency 0.0
            shininess 0.5
        }
    }
    geometry IndexedFaceSet {
        ccw TRUE
        solid FALSE
        coord DEF co Coordinate {
            point [
                2.5965 -2.9415 3.6929, 2.5965 -2.9423 3.6929, 2.5965 -2.9393 3.6816, 2.5965 -2.9443 3.6821, 2.5965 -2.9373 3.6742, 2.5965 -2.9466 3.6742, 2.5965 -2.897 3.5632, 2.5965 -2.9866 3.5632
            ]
        }
        coordIndex [
            0,1,2,-1,2,1,3,-1,2,3,4,-1,4,3,5,-1,4,5,6,-1,6,5,7,-1,
        ]
    }
}
Shape{
    appearance Appearance {
        material  Material 	{
            diffuseColor 1.0 1.0 1.0
            specularColor 0.5019607843137255 0.5019607843137255 0.5019607843137255
            ambientIntensity 1.0
            transparency 0.0
            shininess 0.5
        }
    }
    geometry IndexedFaceSet {
        ccw TRUE
        solid FALSE
        coord DEF co Coordinate {
            point [
                2.6004 -3.7486 3.0671, 2.6004 -3.7486 3.0367, 2.5965 -3.7486 3.0671, 2.5965 -3.7486 3.0367, 2.6004 -3.8577 3.0671, 2.5965 -3.8577 3.0671, 2.6004 -3.8577 3.1569, 2.5965 -3.8577 3.1569, 2.6004 -3.7623 3.1569, 2.5965 -3.7623 3.1569, 2.6004 -3.7623 3.1875, 2.5965 -3.7623 3.1875, 2.6004 -3.8577 3.1875, 2.5965 -3.8577 3.1875, 2.6004 -3.8577 3.2729, 2.5965 -3.8577 3.2729, 2.6004 -3.7547 3.2729, 2.5965 -3.7547 3.2729, 2.6004 -3.7547 3.3036, 2.5965 -3.7547 3.3036, 2.6004 -3.8922 3.3036, 2.5965 -3.8922 3.3036, 2.6004 -3.8922 3.0367, 2.5965 -3.8922 3.0367, 2.6004 -3.5635 3.1594, 2.6004 -3.5969 3.1323, 2.6004 -3.5969 3.1141, 2.6004 -3.5978 3.0662, 2.6004 -3.5969 3.0662, 2.6004 -3.5989 3.0975, 2.6004 -3.5969 3.0367, 2.6004 -3.5635 3.0367, 2.6004 -3.6797 3.0767, 2.6004 -3.705 3.0521, 2.6004 -3.6759 3.0711, 2.6004 -3.7003 3.0472, 2.6004 -3.673 3.0682, 2.6004 -3.6898 3.0398, 2.6004 -3.6664 3.0637, 2.6004 -3.6772 3.0348, 2.6004 -3.6588 3.0609, 2.6004 -3.6787 3.1437, 2.6004 -3.6693 3.118, 2.6004 -3.6613 3.1218, 2.6004 -3.6615 3.0323, 2.6004 -3.6562 3.0322, 2.6004 -3.6475 3.0596, 2.6004 -3.6404 3.0338, 2.6004 -3.6343 3.0612, 2.6004 -3.6266 3.0384, 2.6004 -3.6243 3.065, 2.6004 -3.6143 3.0463, 2.6004 -3.6149 3.0715, 2.6004 -3.6036 3.0574, 2.6004 -3.6112 3.0752, 2.6004 -3.6037 3.0855, 2.6004 -3.6534 3.1499, 2.6004 -3.6415 3.1263, 2.6004 -3.5969 3.1579, 2.6004 -3.698 3.2139, 2.6004 -3.698 3.1815, 2.6004 -3.6914 3.2178, 2.6004 -3.6748 3.196, 2.6004 -3.6666 3.2275, 2.6004 -3.6538 3.2028, 2.6004 -3.6324 3.2317, 2.6004 -3.6355 3.2045, 2.6004 -3.6126 3.2299, 2.6004 -3.624 3.2033, 2.6004 -3.5984 3.2257, 2.6004 -3.6163 3.2005, 2.6004 -3.5872 3.2194, 2.6004 -3.6104 3.1967, 2.6004 -3.5783 3.2109, 2.6004 -3.6053 3.1913, 2.6004 -3.5714 3.2002, 2.6004 -3.6014 3.1843, 2.6004 -3.5661 3.1851, 2.6004 -3.598 3.1723, 2.6004 -3.6824 3.0958, 2.6004 -3.7165 3.0917, 2.6004 -3.6827 3.0904, 2.6004 -3.7166 3.0877, 2.6004 -3.6819 3.0828, 2.6004 -3.7151 3.0728, 2.6004 -3.7111 3.0615, 2.6004 -3.6739 3.1146, 2.6004 -3.6929 3.1364, 2.6004 -3.6779 3.1096, 2.6004 -3.7032 3.1275, 2.6004 -3.6808 3.1034, 2.6004 -3.7098 3.1179, 2.6004 -3.7144 3.1061, 2.5965 -3.6324 3.2317, 2.5965 -3.6666 3.2275, 2.5965 -3.6914 3.2178, 2.5965 -3.698 3.2139, 2.5965 -3.698 3.1815, 2.5965 -3.6748 3.196, 2.5965 -3.6538 3.2028, 2.5965 -3.6355 3.2045, 2.5965 -3.624 3.2033, 2.5965 -3.6163 3.2005, 2.5965 -3.6104 3.1967, 2.5965 -3.6053 3.1913, 2.5965 -3.6014 3.1843, 2.5965 -3.598 3.1723, 2.5965 -3.5969 3.1579, 2.5965 -3.6534 3.1499, 2.5965 -3.6787 3.1437, 2.5965 -3.6929 3.1364, 2.5965 -3.7032 3.1275, 2.5965 -3.7098 3.1179, 2.5965 -3.7144 3.1061, 2.5965 -3.7165 3.0917, 2.5965 -3.7166 3.0877, 2.5965 -3.7151 3.0728, 2.5965 -3.7111 3.0615, 2.5965 -3.705 3.0521, 2.5965 -3.7003 3.0472, 2.5965 -3.6562 3.0322, 2.5965 -3.6898 3.0398, 2.5965 -3.6772 3.0348, 2.5965 -3.675 3.0344, 2.5965 -3.6615 3.0323, 2.5965 -3.6404 3.0338, 2.5965 -3.6384 3.0344, 2.5965 -3.6266 3.0384, 2.5965 -3.6143 3.0463, 2.5965 -3.6036 3.0574, 2.5965 -3.5978 3.0662, 2.5965 -3.5969 3.0662, 2.5965 -3.5969 3.0367, 2.5965 -3.5635 3.0367, 2.5965 -3.5635 3.1594, 2.5965 -3.5661 3.1851, 2.5965 -3.5714 3.2002, 2.5965 -3.5783 3.2109, 2.5965 -3.5872 3.2194, 2.5965 -3.5984 3.2257, 2.5965 -3.6126 3.2299, 2.5965 -3.6739 3.1146, 2.5965 -3.6693 3.118, 2.5965 -3.6613 3.1218, 2.5965 -3.6415 3.1263, 2.5965 -3.6827 3.0904, 2.5965 -3.6824 3.0958, 2.5965 -3.6808 3.1034, 2.5965 -3.6779 3.1096, 2.5965 -3.673 3.0682, 2.5965 -3.6759 3.0711, 2.5965 -3.6797 3.0767, 2.5965 -3.6819 3.0828, 2.5965 -3.6475 3.0596, 2.5965 -3.6588 3.0609, 2.5965 -3.6664 3.0637, 2.5965 -3.6112 3.0752, 2.5965 -3.6149 3.0715, 2.5965 -3.6243 3.065, 2.5965 -3.6343 3.0612, 2.5965 -3.5969 3.1141, 2.5965 -3.5989 3.0975, 2.5965 -3.6037 3.0855, 2.5965 -3.5969 3.1323
            ]
        }
        coordIndex [
            0,1,2,-1,2,1,3,-1,4,0,5,-1,5,0,2,-1,6,4,7,-1,7,4,5,-1,8,6,9,-1,9,6,7,-1,10,8,11,-1,11,8,9,-1,12,10,13,-1,13,10,11,-1,14,12,15,-1,15,12,13,-1,16,14,17,-1,17,14,15,-1,18,16,19,-1,19,16,17,-1,20,18,21,-1,21,18,19,-1,22,20,23,-1,23,20,21,-1,1,22,3,-1,3,22,23,-1,22,1,0,-1,0,4,22,-1,22,4,6,-1,22,6,20,-1,16,18,14,-1,14,18,20,-1,14,20,12,-1,12,20,6,-1,12,6,10,-1,10,6,8,-1,24,25,26,-1,27,28,29,-1,30,31,28,-1,28,31,24,-1,28,24,29,-1,29,24,26,-1,32,33,34,-1,34,33,35,-1,34,35,36,-1,36,35,37,-1,36,37,38,-1,38,37,39,-1,38,39,40,-1,41,42,43,-1,39,44,40,-1,40,44,45,-1,40,45,46,-1,46,45,47,-1,46,47,48,-1,48,47,49,-1,48,49,50,-1,50,49,51,-1,50,51,52,-1,52,51,53,-1,52,53,54,-1,54,53,27,-1,54,27,55,-1,55,27,29,-1,41,43,56,-1,56,43,57,-1,56,57,58,-1,59,60,61,-1,61,60,62,-1,61,62,63,-1,63,62,64,-1,63,64,65,-1,65,64,66,-1,65,66,67,-1,67,66,68,-1,67,68,69,-1,69,68,70,-1,69,70,71,-1,71,70,72,-1,71,72,73,-1,73,72,74,-1,73,74,75,-1,75,74,76,-1,75,76,77,-1,77,76,78,-1,77,78,24,-1,24,78,58,-1,24,58,25,-1,25,58,57,-1,79,80,81,-1,81,80,82,-1,81,82,83,-1,83,82,84,-1,83,84,32,-1,32,84,85,-1,32,85,33,-1,42,41,86,-1,86,41,87,-1,86,87,88,-1,88,87,89,-1,88,89,90,-1,90,89,91,-1,90,91,79,-1,79,91,92,-1,79,92,80,-1,65,93,94,-1,65,94,63,-1,63,94,95,-1,63,95,61,-1,61,95,96,-1,61,96,59,-1,60,59,97,-1,97,59,96,-1,60,97,98,-1,60,98,62,-1,62,98,99,-1,62,99,64,-1,64,99,100,-1,64,100,66,-1,66,100,101,-1,66,101,68,-1,68,101,102,-1,68,102,70,-1,70,102,103,-1,70,103,72,-1,72,103,104,-1,72,104,74,-1,74,104,105,-1,74,105,76,-1,76,105,106,-1,76,106,78,-1,78,106,107,-1,78,107,58,-1,56,58,108,-1,108,58,107,-1,56,108,109,-1,56,109,41,-1,41,109,110,-1,41,110,87,-1,87,110,111,-1,87,111,89,-1,89,111,112,-1,89,112,91,-1,91,112,113,-1,91,113,92,-1,92,113,114,-1,92,114,80,-1,80,114,115,-1,80,115,82,-1,82,115,116,-1,82,116,84,-1,84,116,117,-1,84,117,85,-1,85,117,118,-1,85,118,33,-1,33,118,119,-1,33,119,35,-1,120,45,44,-1,35,119,121,-1,35,121,37,-1,37,121,122,-1,37,122,39,-1,39,122,123,-1,39,123,44,-1,44,123,124,-1,44,124,120,-1,45,120,125,-1,45,125,47,-1,47,125,126,-1,47,126,49,-1,126,127,49,-1,49,127,128,-1,49,128,51,-1,51,128,129,-1,51,129,53,-1,53,129,130,-1,53,130,27,-1,28,27,131,-1,131,27,130,-1,30,28,132,-1,132,28,131,-1,31,30,133,-1,133,30,132,-1,24,31,134,-1,134,31,133,-1,24,134,135,-1,24,135,77,-1,77,135,136,-1,77,136,75,-1,75,136,137,-1,75,137,73,-1,73,137,138,-1,73,138,71,-1,71,138,139,-1,71,139,69,-1,69,139,140,-1,69,140,67,-1,67,140,93,-1,67,93,65,-1,86,141,142,-1,86,142,42,-1,42,142,143,-1,42,143,43,-1,43,143,144,-1,43,144,57,-1,81,145,146,-1,81,146,79,-1,79,146,147,-1,79,147,90,-1,90,147,148,-1,90,148,88,-1,88,148,141,-1,88,141,86,-1,36,149,150,-1,36,150,34,-1,34,150,151,-1,34,151,32,-1,32,151,152,-1,32,152,83,-1,83,152,145,-1,83,145,81,-1,46,153,154,-1,46,154,40,-1,40,154,155,-1,40,155,38,-1,38,155,149,-1,38,149,36,-1,54,156,157,-1,54,157,52,-1,52,157,158,-1,52,158,50,-1,50,158,159,-1,50,159,48,-1,48,159,153,-1,48,153,46,-1,26,160,161,-1,26,161,29,-1,29,161,162,-1,29,162,55,-1,55,162,156,-1,55,156,54,-1,26,25,160,-1,160,25,163,-1,25,57,163,-1,163,57,144,-1,
        ]
    }
}
Shape{
    appearance Appearance {
        material  Material 	{
            diffuseColor 0.25098039215686274 0.25098039215686274 0.25098039215686274
            specularColor 0.12549019607843137 0.12549019607843137 0.12549019607843137
            ambientIntensity 0.251
            transparency 0.0
            shininess 0.5
        }
    }
    geometry IndexedFaceSet {
        ccw TRUE
        solid FALSE
        coord DEF co Coordinate {
            point [
                2.5965 -3.6149 3.0715, 2.5965 -3.6112 3.0752, 2.5965 -3.6415 3.1263, 2.5965 -3.6037 3.0855, 2.5965 -3.6343 3.0612, 2.5965 -3.6613 3.1218, 2.5965 -3.6693 3.118, 2.5965 -3.6243 3.065, 2.5965 -3.5989 3.0975, 2.5965 -3.5969 3.1141, 2.5965 -3.5969 3.1323, 2.5965 -3.6808 3.1034, 2.5965 -3.6824 3.0958, 2.5965 -3.6827 3.0904, 2.5965 -3.6819 3.0828, 2.5965 -3.6664 3.0637, 2.5965 -3.6588 3.0609, 2.5965 -3.673 3.0682, 2.5965 -3.6475 3.0596, 2.5965 -3.6739 3.1146, 2.5965 -3.6779 3.1096, 2.5965 -3.6797 3.0767, 2.5965 -3.6759 3.0711
            ]
        }
        coordIndex [
            0,1,2,-1,2,1,3,-1,4,5,6,-1,5,4,2,-1,2,4,7,-1,2,7,0,-1,3,8,2,-1,2,8,9,-1,2,9,10,-1,11,12,4,-1,4,12,13,-1,4,13,14,-1,15,16,17,-1,17,16,18,-1,17,18,4,-1,6,19,4,-1,4,19,20,-1,4,20,11,-1,14,21,4,-1,4,21,22,-1,4,22,17,-1,
        ]
    }
}
Shape{
    appearance Appearance {
        material  Material 	{
            diffuseColor 1.0 1.0 1.0
            specularColor 0.5019607843137255 0.5019607843137255 0.5019607843137255
            ambientIntensity 1.0
            transparency 0.0
            shininess 0.5
        }
    }
    geometry IndexedFaceSet {
        ccw TRUE
        solid FALSE
        coord DEF co Coordinate {
            point [
                2.6004 -3.4632 3.0595, 2.5965 -3.4632 3.0595, 2.5965 -3.4852 3.0622, 2.5965 -3.5027 3.069, 2.6004 -3.5062 3.0704, 2.6004 -3.4852 3.0622, 2.5965 -3.5062 3.0704, 2.5965 -3.5182 3.0779, 2.6004 -3.5182 3.0779, 2.6004 -3.5182 3.0434, 2.5965 -3.5182 3.0434, 2.6004 -3.4948 3.0351, 2.5965 -3.5027 3.0379, 2.5965 -3.4665 3.0322, 2.6004 -3.4665 3.0322, 2.5965 -3.488 3.0344, 2.5965 -3.4948 3.0351, 2.6004 -3.4387 3.0352, 2.5965 -3.4455 3.0344, 2.5965 -3.4387 3.0352, 2.5965 -3.4205 3.0416, 2.6004 -3.4205 3.0416, 2.5965 -3.4109 3.0473, 2.6004 -3.4109 3.0473, 2.5965 -3.4009 3.0562, 2.6004 -3.4009 3.0562, 2.5965 -3.3948 3.065, 2.6004 -3.3948 3.065, 2.5965 -3.3909 3.0757, 2.6004 -3.3909 3.0757, 2.5965 -3.3894 3.0885, 2.6004 -3.3894 3.0885, 2.5965 -3.391 3.1017, 2.6004 -3.391 3.1017, 2.5965 -3.3947 3.1115, 2.6004 -3.3947 3.1115, 2.5965 -3.4006 3.1201, 2.6004 -3.4006 3.1201, 2.5965 -3.4086 3.1272, 2.6004 -3.4086 3.1272, 2.5965 -3.4308 3.1395, 2.6004 -3.4308 3.1395, 2.5965 -3.4437 3.1448, 2.6004 -3.4437 3.1448, 2.5965 -3.4644 3.1538, 2.6004 -3.4644 3.1538, 2.5965 -3.4762 3.1611, 2.6004 -3.4762 3.1611, 2.5965 -3.4795 3.1647, 2.6004 -3.4795 3.1647, 2.5965 -3.4819 3.1692, 2.6004 -3.4819 3.1692, 2.5965 -3.4832 3.1744, 2.6004 -3.4832 3.1744, 2.5965 -3.4835 3.1789, 2.6004 -3.4835 3.1789, 2.5965 -3.4829 3.1842, 2.6004 -3.4829 3.1842, 2.5965 -3.4813 3.1887, 2.6004 -3.4813 3.1887, 2.5965 -3.4784 3.193, 2.6004 -3.4784 3.193, 2.5965 -3.4733 3.1974, 2.6004 -3.4733 3.1974, 2.5965 -3.4658 3.2014, 2.6004 -3.4658 3.2014, 2.5965 -3.4569 3.2038, 2.6004 -3.4569 3.2038, 2.5965 -3.447 3.2045, 2.6004 -3.447 3.2045, 2.5965 -3.4236 3.2017, 2.6004 -3.4236 3.2017, 2.5965 -3.4047 3.1943, 2.6004 -3.4047 3.1943, 2.5965 -3.3986 3.1907, 2.6004 -3.3986 3.1907, 2.6004 -3.3986 3.2232, 2.5965 -3.3986 3.2232, 2.5965 -3.4203 3.2296, 2.6004 -3.4203 3.2296, 2.5965 -3.4437 3.2317, 2.6004 -3.4437 3.2317, 2.5965 -3.4706 3.2284, 2.6004 -3.4706 3.2284, 2.5965 -3.4885 3.2215, 2.6004 -3.4885 3.2215, 2.5965 -3.4965 3.2165, 2.6004 -3.4965 3.2165, 2.6004 -3.5068 3.2073, 2.5965 -3.5027 3.2109, 2.5965 -3.5068 3.2073, 2.5965 -3.5129 3.1982, 2.6004 -3.5129 3.1982, 2.5965 -3.5167 3.1874, 2.6004 -3.5167 3.1874, 2.5965 -3.518 3.1759, 2.6004 -3.518 3.1759, 2.5965 -3.5164 3.1623, 2.6004 -3.5164 3.1623, 2.5965 -3.5126 3.1522, 2.6004 -3.5126 3.1522, 2.5965 -3.5085 3.1457, 2.6004 -3.5085 3.1457, 2.5965 -3.4673 3.1205, 2.6004 -3.4673 3.1205, 2.6004 -3.4873 3.1296, 2.5965 -3.503 3.14, 2.6004 -3.503 3.14, 2.5965 -3.5027 3.1398, 2.5965 -3.4873 3.1296, 2.5965 -3.4454 3.1113, 2.6004 -3.4454 3.1113, 2.5965 -3.4323 3.1034, 2.6004 -3.4323 3.1034, 2.5965 -3.4282 3.0991, 2.6004 -3.4282 3.0991, 2.5965 -3.4256 3.0946, 2.6004 -3.4256 3.0946, 2.5965 -3.4241 3.0894, 2.6004 -3.4241 3.0894, 2.5965 -3.4237 3.0853, 2.6004 -3.4237 3.0853, 2.5965 -3.4244 3.0789, 2.6004 -3.4244 3.0789, 2.5965 -3.4261 3.0741, 2.6004 -3.4261 3.0741, 2.5965 -3.4291 3.0698, 2.6004 -3.4291 3.0698, 2.5965 -3.4329 3.0664, 2.6004 -3.4329 3.0664, 2.5965 -3.4359 3.0646, 2.6004 -3.4359 3.0646, 2.5965 -3.4446 3.0614, 2.6004 -3.4446 3.0614, 2.5965 -3.4617 3.0595, 2.6004 -3.4617 3.0595, 2.6004 -3.2237 3.2273, 2.6004 -3.189 3.2273, 2.5965 -3.2237 3.2273, 2.5965 -3.189 3.2273, 2.6004 -3.2758 3.0838, 2.5965 -3.2758 3.0838, 2.5965 -3.2783 3.0749, 2.6004 -3.2783 3.0749, 2.5965 -3.2799 3.0683, 2.6004 -3.2799 3.0683, 2.6004 -3.2807 3.0683, 2.5965 -3.2807 3.0683, 2.6004 -3.2848 3.084, 2.5965 -3.2848 3.084, 2.5965 -3.3346 3.2273, 2.6004 -3.3346 3.2273, 2.5965 -3.3185 3.1809, 2.6004 -3.372 3.2273, 2.5965 -3.372 3.2273, 2.5965 -3.2973 3.0371, 2.6004 -3.2973 3.0371, 2.5965 -3.3185 3.0912, 2.5965 -3.3119 3.0024, 2.6004 -3.3119 3.0024, 2.5965 -3.2984 3.0344, 2.5965 -3.3185 2.9906, 2.6004 -3.319 2.9897, 2.5965 -3.319 2.9897, 2.5965 -3.3252 2.983, 2.6004 -3.3252 2.983, 2.5965 -3.3291 2.9802, 2.6004 -3.3291 2.9802, 2.5965 -3.3362 2.977, 2.6004 -3.3362 2.977, 2.5965 -3.3438 2.9756, 2.6004 -3.3438 2.9756, 2.5965 -3.3462 2.9756, 2.6004 -3.3462 2.9756, 2.5965 -3.3583 2.9771, 2.6004 -3.3583 2.9771, 2.5965 -3.3651 2.9794, 2.6004 -3.3651 2.9794, 2.6004 -3.3651 2.9496, 2.5965 -3.3651 2.9496, 2.5965 -3.3516 2.9472, 2.6004 -3.3516 2.9472, 2.5965 -3.3436 2.9469, 2.6004 -3.3436 2.9469, 2.5965 -3.33 2.9485, 2.6004 -3.33 2.9485, 2.5965 -3.3185 2.9529, 2.6004 -3.3168 2.9535, 2.5965 -3.3168 2.9535, 2.5965 -3.3052 2.9617, 2.6004 -3.3052 2.9617, 2.5965 -3.303 2.9636, 2.6004 -3.303 2.9636, 2.5965 -3.2908 2.9783, 2.6004 -3.2908 2.9783, 2.5965 -3.2756 3.0079, 2.6004 -3.2756 3.0079, 2.5965 -3.2651 3.0344, 2.6004 -3.0095 3.0671, 2.6004 -3.0095 3.0367, 2.5965 -3.0095 3.0671, 2.5965 -3.0095 3.0367, 2.5965 -3.1186 3.0671, 2.6004 -3.1186 3.0671, 2.5965 -3.0686 3.0671, 2.6004 -3.1186 3.1569, 2.5965 -3.1186 3.1569, 2.5965 -3.0231 3.1569, 2.6004 -3.0231 3.1569, 2.5965 -3.0686 3.1569, 2.6004 -3.0231 3.1875, 2.5965 -3.0231 3.1875, 2.5965 -3.1186 3.1875, 2.6004 -3.1186 3.1875, 2.5965 -3.0686 3.1875, 2.6004 -3.1186 3.2729, 2.5965 -3.1186 3.2729, 2.5965 -3.0155 3.2729, 2.6004 -3.0155 3.2729, 2.5965 -3.0686 3.2729, 2.6004 -3.0155 3.3036, 2.5965 -3.0155 3.3036, 2.5965 -3.153 3.3036, 2.6004 -3.153 3.3036, 2.5965 -3.0686 3.3036, 2.6004 -3.153 3.0367, 2.5965 -3.153 3.0367, 2.5965 -3.0686 3.0367, 2.6004 -2.7932 3.1114, 2.6004 -2.8065 3.0949, 2.6004 -2.782 3.0741, 2.6004 -2.8114 3.0905, 2.6004 -2.8095 3.0543, 2.6004 -2.8291 3.0789, 2.6004 -2.8398 3.0423, 2.6004 -2.8519 3.0708, 2.6004 -2.8856 3.0367, 2.6004 -2.8859 3.0671, 2.6004 -2.9591 3.0367, 2.6004 -2.9246 3.0671, 2.6004 -2.9591 3.3036, 2.6004 -2.9246 3.2729, 2.6004 -2.8829 3.3036, 2.6004 -2.8843 3.2729, 2.6004 -2.8422 3.2991, 2.6004 -2.8499 3.2691, 2.6004 -2.81 3.2873, 2.6004 -2.8268 3.2607, 2.6004 -2.782 3.2682, 2.6004 -2.8073 3.2478, 2.6004 -2.7729 3.2593, 2.6004 -2.7985 3.2389, 2.6004 -2.7563 3.2361, 2.6004 -2.7885 3.2235, 2.6004 -2.7463 3.2107, 2.6004 -2.7813 3.2033, 2.6004 -2.7418 3.1735, 2.6004 -2.778 3.1726, 2.6004 -2.7426 3.1566, 2.6004 -2.7789 3.1557, 2.6004 -2.749 3.1254, 2.6004 -2.784 3.1313, 2.6004 -2.7621 3.0978, 2.5965 -2.8856 3.0367, 2.5965 -2.9591 3.0367, 2.5965 -2.8398 3.0423, 2.5965 -2.8095 3.0543, 2.5965 -2.782 3.0741, 2.5965 -2.7621 3.0978, 2.5965 -2.749 3.1254, 2.5965 -2.7426 3.1566, 2.5965 -2.7418 3.1735, 2.5965 -2.7463 3.2107, 2.5965 -2.7563 3.2361, 2.5965 -2.7729 3.2593, 2.5965 -2.782 3.2682, 2.5965 -2.81 3.2873, 2.5965 -2.8422 3.2991, 2.5965 -2.8829 3.3036, 2.5965 -2.9591 3.3036, 2.5965 -2.8843 3.2729, 2.5965 -2.9246 3.2729, 2.5965 -2.9246 3.0671, 2.5965 -2.8859 3.0671, 2.5965 -2.8065 3.0949, 2.5965 -2.8114 3.0905, 2.5965 -2.8291 3.0789, 2.5965 -2.8519 3.0708, 2.5965 -2.778 3.1726, 2.5965 -2.7789 3.1557, 2.5965 -2.784 3.1313, 2.5965 -2.7932 3.1114, 2.5965 -2.8073 3.2478, 2.5965 -2.7985 3.2389, 2.5965 -2.7885 3.2235, 2.5965 -2.7813 3.2033, 2.5965 -2.8499 3.2691, 2.5965 -2.8268 3.2607
            ]
        }
        coordIndex [
            0,1,2,-1,3,4,2,-1,2,4,5,-1,2,5,0,-1,3,6,4,-1,4,6,7,-1,4,7,8,-1,9,8,10,-1,10,8,7,-1,9,10,11,-1,11,10,12,-1,13,14,15,-1,15,14,11,-1,15,11,16,-1,16,11,12,-1,14,13,17,-1,17,13,18,-1,18,19,17,-1,17,19,20,-1,17,20,21,-1,21,20,22,-1,21,22,23,-1,23,22,24,-1,23,24,25,-1,25,24,26,-1,25,26,27,-1,27,26,28,-1,27,28,29,-1,29,28,30,-1,29,30,31,-1,31,30,32,-1,31,32,33,-1,33,32,34,-1,33,34,35,-1,35,34,36,-1,35,36,37,-1,37,36,38,-1,37,38,39,-1,39,38,40,-1,39,40,41,-1,41,40,42,-1,41,42,43,-1,43,42,44,-1,43,44,45,-1,45,44,46,-1,45,46,47,-1,47,46,48,-1,47,48,49,-1,49,48,50,-1,49,50,51,-1,51,50,52,-1,51,52,53,-1,53,52,54,-1,53,54,55,-1,55,54,56,-1,55,56,57,-1,57,56,58,-1,57,58,59,-1,59,58,60,-1,59,60,61,-1,61,60,62,-1,61,62,63,-1,63,62,64,-1,63,64,65,-1,65,64,66,-1,65,66,67,-1,67,66,68,-1,67,68,69,-1,69,68,70,-1,69,70,71,-1,71,70,72,-1,71,72,73,-1,73,72,74,-1,73,74,75,-1,76,75,77,-1,77,75,74,-1,76,77,78,-1,76,78,79,-1,79,78,80,-1,79,80,81,-1,81,80,82,-1,81,82,83,-1,83,82,84,-1,83,84,85,-1,85,84,86,-1,85,86,87,-1,87,86,88,-1,88,86,89,-1,89,90,88,-1,88,90,91,-1,88,91,92,-1,92,91,93,-1,92,93,94,-1,94,93,95,-1,94,95,96,-1,96,95,97,-1,96,97,98,-1,98,97,99,-1,98,99,100,-1,100,99,101,-1,100,101,102,-1,103,104,105,-1,102,101,106,-1,102,106,107,-1,107,106,108,-1,107,108,105,-1,105,108,109,-1,105,109,103,-1,104,103,110,-1,104,110,111,-1,111,110,112,-1,111,112,113,-1,113,112,114,-1,113,114,115,-1,115,114,116,-1,115,116,117,-1,117,116,118,-1,117,118,119,-1,119,118,120,-1,119,120,121,-1,121,120,122,-1,121,122,123,-1,123,122,124,-1,123,124,125,-1,125,124,126,-1,125,126,127,-1,127,126,128,-1,127,128,129,-1,129,128,130,-1,129,130,131,-1,131,130,132,-1,131,132,133,-1,133,132,134,-1,133,134,135,-1,135,134,1,-1,135,1,0,-1,59,61,87,-1,87,61,85,-1,85,61,63,-1,85,63,83,-1,125,25,27,-1,111,43,104,-1,104,43,45,-1,125,27,123,-1,123,27,29,-1,123,29,121,-1,121,29,31,-1,121,31,119,-1,119,31,33,-1,119,33,117,-1,117,33,35,-1,117,35,115,-1,115,35,37,-1,115,37,113,-1,113,37,39,-1,113,39,111,-1,111,39,41,-1,111,41,43,-1,25,125,23,-1,23,125,127,-1,23,127,21,-1,14,0,11,-1,11,0,5,-1,11,5,9,-1,9,5,4,-1,9,4,8,-1,63,65,83,-1,83,65,67,-1,83,67,81,-1,81,67,69,-1,81,69,79,-1,79,69,71,-1,79,71,76,-1,76,71,73,-1,76,73,75,-1,127,129,21,-1,21,129,131,-1,21,131,17,-1,17,131,133,-1,17,133,14,-1,14,133,135,-1,14,135,0,-1,87,88,59,-1,59,88,92,-1,59,92,57,-1,57,92,94,-1,57,94,55,-1,55,94,96,-1,55,96,53,-1,53,96,98,-1,53,98,51,-1,51,98,100,-1,51,100,49,-1,49,100,102,-1,49,102,47,-1,47,102,107,-1,47,107,45,-1,45,107,105,-1,45,105,104,-1,136,137,138,-1,138,137,139,-1,140,136,141,-1,141,136,138,-1,140,141,142,-1,140,142,143,-1,143,142,144,-1,143,144,145,-1,146,145,147,-1,147,145,144,-1,148,146,149,-1,149,146,147,-1,150,151,152,-1,152,151,148,-1,152,148,149,-1,153,151,154,-1,154,151,150,-1,155,156,157,-1,157,156,153,-1,157,153,154,-1,158,159,160,-1,160,159,156,-1,160,156,155,-1,158,161,159,-1,159,161,162,-1,161,163,162,-1,162,163,164,-1,162,164,165,-1,165,164,166,-1,165,166,167,-1,167,166,168,-1,167,168,169,-1,169,168,170,-1,169,170,171,-1,171,170,172,-1,171,172,173,-1,173,172,174,-1,173,174,175,-1,175,174,176,-1,175,176,177,-1,178,177,179,-1,179,177,176,-1,178,179,180,-1,178,180,181,-1,181,180,182,-1,181,182,183,-1,183,182,184,-1,183,184,185,-1,185,184,186,-1,185,186,187,-1,186,188,187,-1,187,188,189,-1,187,189,190,-1,190,189,191,-1,190,191,192,-1,192,191,193,-1,192,193,194,-1,194,193,195,-1,194,195,196,-1,139,137,197,-1,197,137,196,-1,197,196,195,-1,143,145,196,-1,175,177,178,-1,137,136,196,-1,196,136,140,-1,196,140,143,-1,151,153,148,-1,148,153,156,-1,148,156,146,-1,145,146,196,-1,196,146,156,-1,196,156,194,-1,175,178,173,-1,173,178,181,-1,173,181,171,-1,171,181,183,-1,171,183,169,-1,169,183,185,-1,169,185,167,-1,167,185,187,-1,167,187,165,-1,156,159,194,-1,194,159,162,-1,194,162,192,-1,192,162,165,-1,192,165,190,-1,190,165,187,-1,198,199,200,-1,200,199,201,-1,202,203,204,-1,204,203,198,-1,204,198,200,-1,205,203,206,-1,206,203,202,-1,207,208,209,-1,209,208,205,-1,209,205,206,-1,210,208,211,-1,211,208,207,-1,212,213,214,-1,214,213,210,-1,214,210,211,-1,215,213,216,-1,216,213,212,-1,217,218,219,-1,219,218,215,-1,219,215,216,-1,220,218,221,-1,221,218,217,-1,222,223,224,-1,224,223,220,-1,224,220,221,-1,225,223,226,-1,226,223,222,-1,201,199,227,-1,227,199,225,-1,227,225,226,-1,199,198,225,-1,225,198,203,-1,208,210,205,-1,205,210,213,-1,218,220,215,-1,215,220,223,-1,215,223,213,-1,213,223,225,-1,213,225,205,-1,205,225,203,-1,228,229,230,-1,230,229,231,-1,230,231,232,-1,232,231,233,-1,232,233,234,-1,234,233,235,-1,234,235,236,-1,236,235,237,-1,236,237,238,-1,238,237,239,-1,238,239,240,-1,240,239,241,-1,240,241,242,-1,242,241,243,-1,242,243,244,-1,244,243,245,-1,244,245,246,-1,246,245,247,-1,246,247,248,-1,248,247,249,-1,248,249,250,-1,250,249,251,-1,250,251,252,-1,252,251,253,-1,252,253,254,-1,254,253,255,-1,254,255,256,-1,256,255,257,-1,256,257,258,-1,258,257,259,-1,258,259,260,-1,260,259,261,-1,260,261,262,-1,262,261,228,-1,262,228,230,-1,236,238,263,-1,263,238,264,-1,236,263,265,-1,236,265,234,-1,234,265,266,-1,234,266,232,-1,232,266,267,-1,232,267,230,-1,230,267,268,-1,230,268,262,-1,262,268,269,-1,262,269,260,-1,260,269,270,-1,260,270,258,-1,258,270,271,-1,258,271,256,-1,256,271,272,-1,256,272,254,-1,254,272,273,-1,254,273,252,-1,252,273,274,-1,252,274,250,-1,250,274,275,-1,250,275,248,-1,248,275,276,-1,248,276,246,-1,246,276,277,-1,246,277,244,-1,244,277,278,-1,244,278,242,-1,240,242,279,-1,279,242,278,-1,238,240,264,-1,264,240,279,-1,243,241,280,-1,280,241,281,-1,241,239,281,-1,281,239,282,-1,239,237,282,-1,282,237,283,-1,229,284,285,-1,229,285,231,-1,231,285,286,-1,231,286,233,-1,233,286,287,-1,233,287,235,-1,235,287,283,-1,235,283,237,-1,257,288,289,-1,257,289,259,-1,259,289,290,-1,259,290,261,-1,261,290,291,-1,261,291,228,-1,228,291,284,-1,228,284,229,-1,249,292,293,-1,249,293,251,-1,251,293,294,-1,251,294,253,-1,253,294,295,-1,253,295,255,-1,255,295,288,-1,255,288,257,-1,243,280,296,-1,243,296,245,-1,245,296,297,-1,245,297,247,-1,247,297,292,-1,247,292,249,-1,
        ]
    }
}
Shape{
    appearance Appearance {
        material  Material 	{
            diffuseColor 0.25098039215686274 0.25098039215686274 0.25098039215686274
            specularColor 0.12549019607843137 0.12549019607843137 0.12549019607843137
            ambientIntensity 0.251
            transparency 0.0
            shininess 0.5
        }
    }
    geometry IndexedFaceSet {
        ccw TRUE
        solid FALSE
        coord DEF co Coordinate {
            point [
                2.5965 -2.9246 3.2729, 2.5965 -2.9246 3.0671, 2.5965 -2.8843 3.2729, 2.5965 -2.8859 3.0671, 2.5965 -2.8519 3.0708, 2.5965 -2.8291 3.0789, 2.5965 -2.8114 3.0905, 2.5965 -2.8065 3.0949, 2.5965 -2.7932 3.1114, 2.5965 -2.784 3.1313, 2.5965 -2.7789 3.1557, 2.5965 -2.778 3.1726, 2.5965 -2.7813 3.2033, 2.5965 -2.7885 3.2235, 2.5965 -2.7985 3.2389, 2.5965 -2.8073 3.2478, 2.5965 -2.8499 3.2691, 2.5965 -2.8268 3.2607
            ]
        }
        coordIndex [
            0,1,2,-1,2,1,3,-1,2,3,4,-1,4,5,2,-1,2,5,6,-1,2,6,7,-1,7,8,2,-1,2,8,9,-1,2,9,10,-1,10,11,2,-1,2,11,12,-1,2,12,13,-1,13,14,2,-1,2,14,15,-1,2,15,16,-1,16,15,17,-1,
        ]
    }
}
Shape{
    appearance Appearance {
        material  Material 	{
            diffuseColor 1.0 1.0 1.0
            specularColor 0.5019607843137255 0.5019607843137255 0.5019607843137255
            ambientIntensity 1.0
            transparency 0.0
            shininess 0.5
        }
    }
    geometry IndexedFaceSet {
        ccw TRUE
        solid FALSE
        coord DEF co Coordinate {
            point [
                2.6004 -2.6523 3.1398, 2.6004 -2.6632 3.1097, 2.6004 -2.5627 3.1398, 2.6004 -2.5521 3.1097, 2.6004 -2.6124 3.2508, 2.6004 -2.6253 3.3036, 2.6004 -2.727 3.0367, 2.6004 -2.6889 3.0367, 2.6004 -2.6101 3.2587, 2.6004 -2.608 3.2695, 2.6004 -2.5885 3.3036, 2.6004 -2.6072 3.2695, 2.6004 -2.6051 3.2582, 2.6004 -2.6031 3.2508, 2.6004 -2.4868 3.0367, 2.6004 -2.5249 3.0367, 2.5965 -2.5885 3.3036, 2.5965 -2.4868 3.0367, 2.5965 -2.6253 3.3036, 2.5965 -2.727 3.0367, 2.5965 -2.6889 3.0367, 2.5965 -2.6632 3.1097, 2.5965 -2.5521 3.1097, 2.5965 -2.5249 3.0367, 2.5965 -2.6523 3.1398, 2.5965 -2.5627 3.1398, 2.5965 -2.6031 3.2508, 2.5965 -2.6072 3.2695, 2.5965 -2.6051 3.2582, 2.5965 -2.608 3.2695, 2.5965 -2.6124 3.2508, 2.5965 -2.6101 3.2587
            ]
        }
        coordIndex [
            0,1,2,-1,2,1,3,-1,4,5,0,-1,0,5,6,-1,0,6,1,-1,1,6,7,-1,4,8,5,-1,5,8,9,-1,5,9,10,-1,10,9,11,-1,10,11,12,-1,12,13,10,-1,10,13,2,-1,10,2,14,-1,14,2,3,-1,14,3,15,-1,10,14,16,-1,16,14,17,-1,5,10,18,-1,18,10,16,-1,6,5,19,-1,19,5,18,-1,7,6,20,-1,20,6,19,-1,1,7,21,-1,21,7,20,-1,3,1,22,-1,22,1,21,-1,15,3,23,-1,23,3,22,-1,14,15,17,-1,17,15,23,-1,0,2,24,-1,24,2,25,-1,2,13,25,-1,25,13,26,-1,11,27,28,-1,11,28,12,-1,12,28,26,-1,12,26,13,-1,11,9,27,-1,27,9,29,-1,4,30,31,-1,4,31,8,-1,8,31,29,-1,8,29,9,-1,4,0,30,-1,30,0,24,-1,
        ]
    }
}
Shape{
    appearance Appearance {
        material  Material 	{
            diffuseColor 0.25098039215686274 0.25098039215686274 0.25098039215686274
            specularColor 0.12549019607843137 0.12549019607843137 0.12549019607843137
            ambientIntensity 0.251
            transparency 0.0
            shininess 0.5
        }
    }
    geometry IndexedFaceSet {
        ccw TRUE
        solid FALSE
        coord DEF co Coordinate {
            point [
                2.5965 -2.6072 3.2695, 2.5965 -2.608 3.2695, 2.5965 -2.6051 3.2582, 2.5965 -2.6101 3.2587, 2.5965 -2.6031 3.2508, 2.5965 -2.6124 3.2508, 2.5965 -2.5627 3.1398, 2.5965 -2.6523 3.1398
            ]
        }
        coordIndex [
            0,1,2,-1,2,1,3,-1,2,3,4,-1,4,3,5,-1,4,5,6,-1,6,5,7,-1,
        ]
    }
}
Shape{
    appearance Appearance {
        material  Material 	{
            diffuseColor 1.0 1.0 1.0
            specularColor 0.5019607843137255 0.5019607843137255 0.5019607843137255
            ambientIntensity 1.0
            transparency 0.0
            shininess 0.5
        }
    }
    geometry IndexedFaceSet {
        ccw TRUE
        solid FALSE
        coord DEF co Coordinate {
            point [
                2.6004 -5.071 2.999, 2.6004 -5.0428 2.9641, 2.6004 -5.088 3.1667, 2.6004 -5.1207 3.4967, 2.6004 -5.0783 3.519, 2.6004 -5.0891 3.6356, 2.6004 -4.7543 2.9917, 2.6004 -4.7319 3.0341, 2.6004 -4.7209 3.0809, 2.6004 -5.014 3.6449, 2.6004 -4.4542 3.2597, 2.6004 -4.5131 3.3603, 2.6004 -4.7199 3.1193, 2.6004 -4.7673 3.2274, 2.6004 -4.7199 3.1003, 2.6004 -4.8215 2.9324, 2.6004 -4.7837 2.9586, 2.6004 -4.9614 3.0437, 2.6004 -4.9463 3.0331, 2.6004 -5.0057 2.9361, 2.6004 -4.9289 3.0264, 2.6004 -4.8435 3.1276, 2.6004 -4.8385 3.1103, 2.6004 -4.8378 3.092, 2.6004 -4.8418 3.0736, 2.6004 -4.8503 3.057, 2.6004 -4.9704 3.6411, 2.6004 -4.9116 3.5026, 2.6004 -4.8867 3.556, 2.6004 -5.1293 3.1921, 2.6004 -5.1142 3.0468, 2.6004 -5.0899 3.0396, 2.6004 -4.9315 3.6864, 2.6004 -4.8457 3.608, 2.6004 -4.8869 3.7246, 2.6004 -4.7937 3.648, 2.6004 -4.8408 3.7532, 2.6004 -5.0315 3.5301, 2.6004 -5.0121 3.531, 2.6004 -4.9922 3.6437, 2.6004 -4.9682 3.5257, 2.6004 -4.9256 3.5102, 2.6004 -4.9852 3.091, 2.6004 -4.9812 3.0733, 2.6004 -4.9733 3.0576, 2.6004 -4.9619 2.9177, 2.6004 -4.9171 2.9107, 2.6004 -4.9116 3.0244, 2.6004 -4.9097 2.9105, 2.6004 -4.8933 3.0266, 2.6004 -4.8638 2.9161, 2.6004 -4.8768 3.033, 2.6004 -4.8623 3.0432, 2.6004 -4.3916 3.4475, 2.6004 -4.3764 3.4475, 2.6004 -4.2986 3.55, 2.6004 -4.3404 3.4431, 2.6004 -4.2836 3.5448, 2.6004 -4.3073 3.4304, 2.6004 -4.2277 3.5154, 2.6004 -4.2779 3.4099, 2.6004 -4.1773 3.4708, 2.6004 -4.2557 3.3851, 2.6004 -4.1398 3.416, 2.6004 -4.2381 3.3523, 2.6004 -4.118 3.3577, 2.6004 -4.2293 3.3158, 2.6004 -4.1108 3.3014, 2.6004 -4.2284 3.2995, 2.6004 -4.111 3.2891, 2.6004 -4.233 3.2627, 2.6004 -4.4723 3.0366, 2.6004 -4.4656 3.0358, 2.6004 -4.4504 3.1515, 2.6004 -4.7533 3.787, 2.6004 -4.7322 3.6744, 2.6004 -4.6592 3.7986, 2.6004 -4.4011 3.6999, 2.6004 -4.4599 3.597, 2.6004 -4.3389 3.6282, 2.6004 -4.4212 3.5423, 2.6004 -4.3971 3.4789, 2.6004 -5.1963 3.3871, 2.6004 -5.3209 3.3551, 2.6004 -5.2019 3.3413, 2.6004 -5.3214 3.3375, 2.6004 -5.1997 3.3124, 2.6004 -5.3121 3.2626, 2.6004 -5.1862 3.266, 2.6004 -5.2848 3.1919, 2.6004 -5.1633 3.227, 2.6004 -5.2417 3.1306, 2.6004 -5.1828 3.0803, 2.6004 -4.365 3.1515, 2.6004 -4.3537 3.0358, 2.6004 -4.3312 3.158, 2.6004 -4.2967 3.0471, 2.6004 -4.2977 3.1734, 2.6004 -4.2383 3.0738, 2.6004 -4.2696 3.1963, 2.6004 -4.1881 3.1137, 2.6004 -4.2669 3.1992, 2.6004 -4.181 3.1211, 2.6004 -4.246 3.2288, 2.6004 -4.1466 3.1678, 2.6004 -4.1213 3.227, 2.6004 -5.1594 3.6082, 2.6004 -5.2197 3.5657, 2.6004 -5.1538 3.4672, 2.6004 -5.2323 3.5538, 2.6004 -5.18 3.4294, 2.6004 -5.2782 3.4949, 2.6004 -5.3083 3.4265, 2.6004 -4.9847 3.1095, 2.6004 -4.9796 3.1275, 2.6004 -5.067 3.2076, 2.6004 -4.9702 3.1435, 2.6004 -5.0356 3.2435, 2.6004 -4.9611 3.1533, 2.6004 -4.9968 3.2704, 2.6004 -4.9461 3.1638, 2.6004 -4.9548 3.2864, 2.6004 -4.9295 3.1702, 2.6004 -4.9097 3.2919, 2.6004 -4.9116 3.1724, 2.6004 -4.8865 3.2906, 2.6004 -4.8988 3.1713, 2.6004 -4.8407 3.2792, 2.6004 -4.8809 3.1657, 2.6004 -4.8004 3.2575, 2.6004 -4.8652 3.156, 2.6004 -4.8524 3.1428, 2.6004 -4.6691 3.6845, 2.6004 -4.6573 3.6847, 2.6004 -4.581 3.7904, 2.6004 -4.5998 3.6785, 2.6004 -4.4857 3.7568, 2.6004 -4.5398 3.6573, 2.6004 -4.4857 3.6218, 2.6004 -4.5203 3.1006, 2.6004 -4.5207 3.0946, 2.6004 -4.46 3.1533, 2.6004 -4.5192 3.0817, 2.6004 -4.5145 3.0688, 2.6004 -4.5065 3.0567, 2.6004 -4.498 3.0484, 2.6004 -4.4543 3.152, 2.6004 -4.485 3.0406, 2.6004 -4.4618 3.1534, 2.6004 -4.475 3.1519, 2.6004 -4.4881 3.1471, 2.6004 -4.5 3.1392, 2.6004 -4.5099 3.1283, 2.6004 -4.5169 3.1151, 2.5965 -4.1108 3.3014, 2.5965 -4.118 3.3577, 2.5965 -4.1684 3.4578, 2.5965 -4.1262 3.3796, 2.5965 -4.1398 3.416, 2.5965 -4.1773 3.4708, 2.5965 -4.2277 3.5154, 2.5965 -4.2836 3.5448, 2.5965 -4.2986 3.55, 2.5965 -4.3389 3.6282, 2.5965 -4.4011 3.6999, 2.5965 -4.4447 3.7292, 2.5965 -4.4857 3.7568, 2.5965 -4.581 3.7904, 2.5965 -4.6592 3.7986, 2.5965 -4.7533 3.787, 2.5965 -4.8408 3.7532, 2.5965 -4.8794 3.7292, 2.5965 -4.8869 3.7246, 2.5965 -4.9315 3.6864, 2.5965 -4.9704 3.6411, 2.5965 -4.9922 3.6437, 2.5965 -5.014 3.6449, 2.5965 -5.0891 3.6356, 2.5965 -5.1594 3.6082, 2.5965 -5.2197 3.5657, 2.5965 -5.2323 3.5538, 2.5965 -5.3214 3.3375, 2.5965 -5.2782 3.4949, 2.5965 -5.2945 3.4578, 2.5965 -5.3083 3.4265, 2.5965 -5.3166 3.3796, 2.5965 -5.3209 3.3551, 2.5965 -5.3121 3.2626, 2.5965 -5.2848 3.1919, 2.5965 -5.2417 3.1306, 2.5965 -5.1828 3.0803, 2.5965 -5.1142 3.0468, 2.5965 -5.0899 3.0396, 2.5965 -5.0875 3.0344, 2.5965 -5.071 2.999, 2.5965 -5.0428 2.9641, 2.5965 -5.0057 2.9361, 2.5965 -4.9881 2.9287, 2.5965 -4.9619 2.9177, 2.5965 -4.9171 2.9107, 2.5965 -4.9097 2.9105, 2.5965 -4.7199 3.1003, 2.5965 -4.8638 2.9161, 2.5965 -4.8311 2.9287, 2.5965 -4.8215 2.9324, 2.5965 -4.7837 2.9586, 2.5965 -4.7543 2.9917, 2.5965 -4.7319 3.0341, 2.5965 -4.7318 3.0344, 2.5965 -4.7209 3.0809, 2.5965 -4.7199 3.1193, 2.5965 -4.4542 3.2597, 2.5965 -4.5131 3.3603, 2.5965 -4.7673 3.2274, 2.5965 -4.8004 3.2575, 2.5965 -4.8407 3.2792, 2.5965 -4.8865 3.2906, 2.5965 -4.9097 3.2919, 2.5965 -4.9548 3.2864, 2.5965 -4.9968 3.2704, 2.5965 -5.0356 3.2435, 2.5965 -5.067 3.2076, 2.5965 -5.088 3.1667, 2.5965 -5.1293 3.1921, 2.5965 -5.1633 3.227, 2.5965 -5.1862 3.266, 2.5965 -5.1997 3.3124, 2.5965 -5.2019 3.3413, 2.5965 -5.1972 3.3796, 2.5965 -5.1963 3.3871, 2.5965 -5.18 3.4294, 2.5965 -5.1603 3.4578, 2.5965 -5.1538 3.4672, 2.5965 -5.1207 3.4967, 2.5965 -5.0783 3.519, 2.5965 -5.0315 3.5301, 2.5965 -5.0121 3.531, 2.5965 -4.9682 3.5257, 2.5965 -4.9256 3.5102, 2.5965 -4.9116 3.5026, 2.5965 -4.8867 3.556, 2.5965 -4.8457 3.608, 2.5965 -4.7937 3.648, 2.5965 -4.7322 3.6744, 2.5965 -4.6691 3.6845, 2.5965 -4.6573 3.6847, 2.5965 -4.5998 3.6785, 2.5965 -4.5398 3.6573, 2.5965 -4.4857 3.6218, 2.5965 -4.4599 3.597, 2.5965 -4.4212 3.5423, 2.5965 -4.3971 3.4789, 2.5965 -4.3934 3.4578, 2.5965 -4.3916 3.4475, 2.5965 -4.3764 3.4475, 2.5965 -4.3404 3.4431, 2.5965 -4.3073 3.4304, 2.5965 -4.2779 3.4099, 2.5965 -4.2557 3.3851, 2.5965 -4.2528 3.3796, 2.5965 -4.2381 3.3523, 2.5965 -4.2293 3.3158, 2.5965 -4.2284 3.2995, 2.5965 -4.233 3.2627, 2.5965 -4.246 3.2288, 2.5965 -4.2669 3.1992, 2.5965 -4.2696 3.1963, 2.5965 -4.2977 3.1734, 2.5965 -4.3312 3.158, 2.5965 -4.365 3.1515, 2.5965 -4.4504 3.1515, 2.5965 -4.4543 3.152, 2.5965 -4.46 3.1533, 2.5965 -4.4618 3.1534, 2.5965 -4.475 3.1519, 2.5965 -4.4881 3.1471, 2.5965 -4.5 3.1392, 2.5965 -4.5099 3.1283, 2.5965 -4.5169 3.1151, 2.5965 -4.5203 3.1006, 2.5965 -4.5207 3.0946, 2.5965 -4.5192 3.0817, 2.5965 -4.5145 3.0688, 2.5965 -4.5065 3.0567, 2.5965 -4.498 3.0484, 2.5965 -4.485 3.0406, 2.5965 -4.4723 3.0366, 2.5965 -4.4656 3.0358, 2.5965 -4.3537 3.0358, 2.5965 -4.2967 3.0471, 2.5965 -4.2383 3.0738, 2.5965 -4.1881 3.1137, 2.5965 -4.181 3.1211, 2.5965 -4.1466 3.1678, 2.5965 -4.1213 3.227, 2.5965 -4.111 3.2891, 2.5965 -4.9116 3.1724, 2.5965 -4.8988 3.1713, 2.5965 -4.8809 3.1657, 2.5965 -4.8652 3.156, 2.5965 -4.8524 3.1428, 2.5965 -4.8435 3.1276, 2.5965 -4.8385 3.1103, 2.5965 -4.8378 3.092, 2.5965 -4.8418 3.0736, 2.5965 -4.8503 3.057, 2.5965 -4.8623 3.0432, 2.5965 -4.8768 3.033, 2.5965 -4.8933 3.0266, 2.5965 -4.9116 3.0244, 2.5965 -4.9289 3.0264, 2.5965 -4.9463 3.0331, 2.5965 -4.9614 3.0437, 2.5965 -4.9733 3.0576, 2.5965 -4.9812 3.0733, 2.5965 -4.9852 3.091, 2.5965 -4.9847 3.1095, 2.5965 -4.9796 3.1275, 2.5965 -4.9702 3.1435, 2.5965 -4.9611 3.1533, 2.5965 -4.9461 3.1638, 2.5965 -4.9295 3.1702
            ]
        }
        coordIndex [
            0,1,2,-1,3,4,5,-1,6,7,8,-1,5,4,9,-1,10,11,12,-1,12,11,13,-1,12,13,14,-1,14,13,15,-1,14,15,8,-1,8,15,16,-1,8,16,6,-1,17,1,18,-1,18,1,19,-1,18,19,20,-1,21,22,13,-1,13,22,23,-1,13,23,15,-1,15,23,24,-1,15,24,25,-1,26,27,28,-1,29,30,2,-1,2,30,31,-1,2,31,0,-1,26,28,32,-1,32,28,33,-1,32,33,34,-1,34,33,35,-1,34,35,36,-1,4,37,9,-1,9,37,38,-1,9,38,39,-1,39,38,40,-1,39,40,26,-1,26,40,41,-1,26,41,27,-1,42,2,43,-1,43,2,1,-1,43,1,44,-1,44,1,17,-1,19,45,20,-1,20,45,46,-1,20,46,47,-1,47,46,48,-1,47,48,49,-1,49,48,50,-1,49,50,51,-1,51,50,15,-1,51,15,52,-1,52,15,25,-1,53,54,55,-1,55,54,56,-1,55,56,57,-1,57,56,58,-1,57,58,59,-1,59,58,60,-1,59,60,61,-1,61,60,62,-1,61,62,63,-1,63,62,64,-1,63,64,65,-1,65,64,66,-1,65,66,67,-1,67,66,68,-1,67,68,69,-1,69,68,70,-1,71,72,73,-1,36,35,74,-1,74,35,75,-1,74,75,76,-1,77,78,79,-1,79,78,80,-1,79,80,55,-1,55,80,81,-1,55,81,53,-1,82,83,84,-1,84,83,85,-1,84,85,86,-1,86,85,87,-1,86,87,88,-1,88,87,89,-1,88,89,90,-1,90,89,91,-1,90,91,29,-1,29,91,92,-1,29,92,30,-1,73,72,93,-1,93,72,94,-1,93,94,95,-1,95,94,96,-1,95,96,97,-1,97,96,98,-1,97,98,99,-1,99,98,100,-1,99,100,101,-1,101,100,102,-1,101,102,103,-1,103,102,104,-1,103,104,70,-1,70,104,105,-1,70,105,69,-1,5,106,3,-1,3,106,107,-1,3,107,108,-1,108,107,109,-1,108,109,110,-1,110,109,111,-1,110,111,82,-1,82,111,112,-1,82,112,83,-1,42,113,2,-1,2,113,114,-1,2,114,115,-1,115,114,116,-1,115,116,117,-1,117,116,118,-1,117,118,119,-1,119,118,120,-1,119,120,121,-1,121,120,122,-1,121,122,123,-1,123,122,124,-1,123,124,125,-1,125,124,126,-1,125,126,127,-1,127,126,128,-1,127,128,129,-1,129,128,130,-1,129,130,13,-1,13,130,131,-1,13,131,21,-1,75,132,76,-1,76,132,133,-1,76,133,134,-1,134,133,135,-1,134,135,136,-1,136,135,137,-1,136,137,77,-1,77,137,138,-1,77,138,78,-1,139,140,141,-1,141,140,142,-1,142,143,141,-1,141,143,144,-1,141,144,145,-1,73,146,71,-1,71,146,141,-1,71,141,147,-1,147,141,145,-1,141,148,139,-1,139,148,149,-1,139,149,150,-1,150,151,139,-1,139,151,152,-1,139,152,153,-1,67,154,155,-1,156,61,63,-1,67,155,65,-1,65,155,157,-1,65,157,63,-1,63,157,158,-1,63,158,156,-1,156,159,61,-1,61,159,160,-1,61,160,59,-1,59,160,161,-1,59,161,57,-1,57,161,162,-1,57,162,55,-1,55,162,163,-1,55,163,79,-1,79,163,164,-1,79,164,77,-1,136,77,165,-1,165,77,164,-1,165,166,136,-1,136,166,167,-1,136,167,134,-1,134,167,168,-1,134,168,76,-1,76,168,169,-1,76,169,74,-1,74,169,170,-1,74,170,36,-1,36,170,34,-1,34,170,171,-1,34,171,172,-1,34,172,173,-1,34,173,32,-1,32,173,174,-1,32,174,26,-1,26,174,175,-1,26,175,39,-1,39,175,176,-1,39,176,9,-1,9,176,177,-1,9,177,5,-1,5,177,178,-1,5,178,106,-1,106,178,179,-1,106,179,107,-1,107,179,180,-1,107,180,109,-1,181,85,83,-1,109,180,182,-1,109,182,111,-1,111,182,183,-1,111,183,112,-1,183,184,112,-1,112,184,185,-1,112,185,83,-1,83,185,186,-1,83,186,181,-1,85,181,187,-1,85,187,87,-1,87,187,188,-1,87,188,89,-1,89,188,189,-1,89,189,91,-1,91,189,190,-1,91,190,92,-1,92,190,191,-1,92,191,30,-1,30,191,192,-1,30,192,31,-1,31,192,193,-1,31,193,0,-1,193,194,0,-1,0,194,195,-1,0,195,1,-1,1,195,196,-1,1,196,19,-1,19,196,197,-1,19,197,45,-1,197,198,45,-1,45,198,199,-1,45,199,46,-1,46,199,200,-1,46,200,48,-1,201,14,8,-1,48,200,202,-1,203,15,202,-1,202,15,50,-1,202,50,48,-1,203,204,15,-1,15,204,205,-1,15,205,16,-1,16,205,206,-1,16,206,6,-1,6,206,207,-1,6,207,7,-1,7,207,208,-1,7,208,8,-1,8,208,209,-1,8,209,201,-1,12,14,210,-1,210,14,201,-1,10,12,211,-1,211,12,210,-1,11,10,212,-1,212,10,211,-1,13,11,213,-1,213,11,212,-1,13,213,214,-1,13,214,129,-1,129,214,215,-1,129,215,127,-1,127,215,216,-1,127,216,125,-1,125,216,217,-1,125,217,123,-1,123,217,218,-1,123,218,121,-1,121,218,219,-1,121,219,119,-1,119,219,220,-1,119,220,117,-1,117,220,221,-1,117,221,115,-1,115,221,222,-1,115,222,2,-1,2,222,223,-1,2,223,29,-1,29,223,224,-1,29,224,90,-1,90,224,225,-1,90,225,88,-1,88,225,226,-1,88,226,86,-1,86,226,227,-1,86,227,84,-1,82,84,227,-1,227,228,82,-1,82,228,229,-1,82,229,230,-1,231,108,230,-1,230,108,110,-1,230,110,82,-1,231,232,108,-1,108,232,233,-1,108,233,3,-1,3,233,234,-1,3,234,4,-1,4,234,235,-1,4,235,37,-1,37,235,236,-1,37,236,38,-1,38,236,237,-1,38,237,40,-1,40,237,238,-1,40,238,41,-1,41,238,239,-1,41,239,27,-1,27,239,240,-1,27,240,28,-1,28,240,241,-1,28,241,33,-1,33,241,242,-1,33,242,35,-1,35,242,243,-1,35,243,75,-1,75,243,244,-1,75,244,132,-1,132,244,245,-1,132,245,133,-1,133,245,246,-1,133,246,135,-1,135,246,247,-1,135,247,137,-1,137,247,248,-1,137,248,138,-1,138,248,249,-1,138,249,78,-1,78,249,250,-1,78,250,80,-1,80,250,251,-1,80,251,81,-1,81,251,53,-1,53,251,252,-1,53,252,253,-1,54,53,254,-1,254,53,253,-1,54,254,255,-1,54,255,56,-1,56,255,256,-1,56,256,58,-1,58,256,257,-1,58,257,60,-1,60,257,258,-1,60,258,62,-1,62,258,259,-1,62,259,64,-1,259,260,64,-1,64,260,261,-1,64,261,66,-1,66,261,262,-1,66,262,68,-1,68,262,263,-1,68,263,70,-1,70,263,264,-1,70,264,103,-1,103,264,265,-1,103,265,101,-1,101,265,266,-1,101,266,99,-1,99,266,267,-1,99,267,97,-1,97,267,268,-1,97,268,95,-1,95,268,269,-1,95,269,93,-1,73,93,270,-1,270,93,269,-1,73,270,271,-1,73,271,146,-1,146,271,272,-1,146,272,141,-1,141,272,273,-1,141,273,148,-1,148,273,274,-1,148,274,149,-1,149,274,275,-1,149,275,150,-1,150,275,276,-1,150,276,151,-1,151,276,277,-1,151,277,152,-1,152,277,278,-1,152,278,153,-1,153,278,279,-1,153,279,139,-1,139,279,280,-1,139,280,140,-1,140,280,281,-1,140,281,142,-1,142,281,282,-1,142,282,143,-1,143,282,283,-1,143,283,144,-1,144,283,284,-1,144,284,145,-1,145,284,285,-1,145,285,147,-1,147,285,286,-1,147,286,71,-1,71,286,287,-1,71,287,72,-1,94,72,288,-1,288,72,287,-1,94,288,289,-1,94,289,96,-1,96,289,290,-1,96,290,98,-1,98,290,291,-1,98,291,100,-1,100,291,292,-1,100,292,102,-1,102,292,293,-1,102,293,104,-1,104,293,294,-1,104,294,105,-1,105,294,295,-1,105,295,69,-1,69,295,154,-1,69,154,67,-1,124,296,297,-1,124,297,126,-1,126,297,298,-1,126,298,128,-1,128,298,299,-1,128,299,130,-1,130,299,300,-1,130,300,131,-1,131,300,301,-1,131,301,21,-1,21,301,302,-1,21,302,22,-1,22,302,303,-1,22,303,23,-1,23,303,304,-1,23,304,24,-1,24,304,305,-1,24,305,25,-1,25,305,306,-1,25,306,52,-1,52,306,307,-1,52,307,51,-1,51,307,308,-1,51,308,49,-1,49,308,309,-1,49,309,47,-1,47,309,310,-1,47,310,20,-1,20,310,311,-1,20,311,18,-1,18,311,312,-1,18,312,17,-1,17,312,313,-1,17,313,44,-1,44,313,314,-1,44,314,43,-1,43,314,315,-1,43,315,42,-1,42,315,316,-1,42,316,113,-1,113,316,317,-1,113,317,114,-1,114,317,318,-1,114,318,116,-1,116,318,319,-1,116,319,118,-1,118,319,320,-1,118,320,120,-1,120,320,321,-1,120,321,122,-1,122,321,296,-1,122,296,124,-1,
        ]
    }
}
Shape{
    appearance Appearance {
        material  Material 	{
            diffuseColor 0.25098039215686274 0.25098039215686274 0.25098039215686274
            specularColor 0.12549019607843137 0.12549019607843137 0.12549019607843137
            ambientIntensity 0.251
            transparency 0.0
            shininess 0.5
        }
    }
    geometry IndexedFaceSet {
        ccw TRUE
        solid FALSE
        coord DEF co Coordinate {
            point [
                2.5965 -4.9116 3.0244, 2.5965 -4.9611 3.1533, 2.5965 -4.9702 3.1435, 2.5965 -4.9116 3.1724, 2.5965 -4.8988 3.1713, 2.5965 -4.8933 3.0266, 2.5965 -4.9295 3.1702, 2.5965 -4.9461 3.1638, 2.5965 -4.8623 3.0432, 2.5965 -4.8524 3.1428, 2.5965 -4.8652 3.156, 2.5965 -4.9812 3.0733, 2.5965 -4.9733 3.0576, 2.5965 -4.9614 3.0437, 2.5965 -4.8768 3.033, 2.5965 -4.8809 3.1657, 2.5965 -4.9796 3.1275, 2.5965 -4.9847 3.1095, 2.5965 -4.9852 3.091, 2.5965 -4.9463 3.0331, 2.5965 -4.9289 3.0264, 2.5965 -4.8418 3.0736, 2.5965 -4.8378 3.092, 2.5965 -4.8503 3.057, 2.5965 -4.8385 3.1103, 2.5965 -4.8435 3.1276
            ]
        }
        coordIndex [
            0,1,2,-1,3,0,4,-1,4,0,5,-1,3,6,0,-1,0,6,7,-1,0,7,1,-1,8,9,10,-1,11,12,2,-1,2,12,13,-1,5,14,4,-1,4,14,8,-1,4,8,15,-1,15,8,10,-1,16,17,2,-1,2,17,18,-1,2,18,11,-1,13,19,2,-1,2,19,20,-1,2,20,0,-1,21,22,23,-1,23,22,24,-1,23,24,8,-1,8,24,25,-1,8,25,9,-1,
        ]
    }
}